性别,项目（足球1 篮球2 网球3 游泳跳水4 田径5 羽毛球6 乒乓球7 体操8 排球9 冰雪项目11 电竞12 其他13 体育无关14）,是否用外号（0无 1有+正面或中性 2有+负面或调侃） ,身份（1运动员 2其余从业者 3非从业者）,类别（1赛事赛场报道 2个人生活 3个人社交媒体活动 4公关宣传 5人际关系 6商业广告 7花边绯闻 8外界评价 9媒体物料 10负面新闻）,正文,日期,点赞数,评论数,转发数,话题
0,1,0,1,10,据西班牙媒体报道，入狱的阿尔维斯收到了1张100欧元的卡，以便能在监狱的小商店买东西。但阿尔维斯并没有花太多，他只花了17.33欧，以50美分的价格买了六种酸奶，以88美分的价格买了四罐金枪鱼，买了一瓶洗发水，还买了除臭剂和四瓶能量饮料。西媒节目中称，阿尔维斯所在牢区有囚犯的亲属不满阿尔维斯受到了探视方面的优待，通常探视是在周日下午进行。尽管最近有人猜测阿尔维斯母亲将前往监狱看阿尔维斯，但目前探视还未发生。,2023/1/29,114,23,8,
0,1,0,1,8,英媒列英超最被低估球员：三笘薰上榜1、所罗门-马奇（布莱顿）2、丹-伯恩（纽卡斯尔）3、迈克尔-奥利斯（水晶宫）4、道格拉斯-路易斯（维拉）5、三笘薰（布莱顿）6、伊森-平诺克（布伦特福德）7、格诺托（利兹联）8、姆贝莫（布伦特福德）9、布埃诺（狼队）10、蒂姆-里姆（富勒姆） ,2023/1/29,13,5,4,
0,1,0,1,1,2023赛季巴西超级杯决赛中，帕尔梅拉斯队以4比3战胜弗拉门戈队，夺得冠军，16岁恩德里克首发出战，赛后举起奖杯庆祝夺冠。 PP体育的微博视频 ,2023/1/29,18,2,7,
0,1,0,1,1,意甲-国米2-1逆转克雷莫纳 劳塔罗双响 PP体育的微博视频 ,2023/1/29,22,2,3,
0,1,0,1,1,西甲-巴萨1-0赫罗纳6分领跑 佩德里建功 PP体育的微博视频 ,2023/1/29,7,1,2,
0,1,0,1,1,足总杯-曼联3-1雷丁晋级16强 卡塞米罗双响弗雷德传射建功 PP体育的微博视频 ,2023/1/29,14,3,0,
0,1,0,1,1,足总杯-热刺客场3-0普雷斯顿晋级 孙兴慜双响丹朱马首秀破门#热刺客场3-0普雷斯顿# PP体育的微博视频 ,2023/1/29,9,1,1,热刺客场3-0普雷斯顿
0,1,0,1,4,为了庆祝春节，在曼城对狼队的英超比赛中，狼队的球员赛前穿上了印有球员中文名字的特别拜年外套，仅黄喜灿穿韩文球衣 PP体育的微博视频 ,2023/1/28,96,30,13,
0,1,0,2,1,马斯切拉诺：不会继续担任阿根廷U20主帅阿根廷U20在南美青年锦标赛中小组出局，主帅马斯切拉诺赛后表示自己将离职。阿根廷U20在南青赛A组中以1胜3负的战绩仅积3分，排在小组第4位无缘出线。赛后马斯切拉诺接受采访时说道：“感谢足协主席给我这个机会，也感谢俱乐部给了我们帮助。没有任何借口，我必须负责，我不认为我会继续担任U20国家队的主帅。”#南美锦标赛阿根廷U20小组出局##阿根廷队无缘U20世界杯#,2023/1/28,18,7,25,"南美锦标赛阿根廷U20小组出局,阿根廷队无缘U20世界杯"
0,1,0,2,1,FIFA官方：吉梅内斯、穆斯莱拉停赛4场，卡瓦尼、戈丁停赛1场国际足联今日公布对于乌拉圭球员在世界杯比赛期间及赛后事件的处罚。国际足联纪律委员会认定乌拉圭足协需对及其支持者的歧视行为，以及球队成员不当、攻击、违反公平竞赛原则的行为负责。国际足联对吉梅内斯、穆斯莱拉、戈丁、卡瓦尼开出罚单，同时对乌拉圭足协开出罚单，本次处罚罚款共12万瑞士法郎。国际足联具体处罚如下：乌拉圭足协：在下一场国际足联A级赛事作为东道主关闭部分看台，并处50000瑞士法郎罚款。吉梅内斯：停赛4场，处20000瑞士法郎罚款穆斯莱拉：停赛4场，处20000瑞士法郎罚款卡瓦尼：停赛1场，处15000法郎罚款戈丁：停赛1场，处15000法郎罚款同时4人还均需要进行社区足球服务。,2023/1/28,26,8,8,
0,1,0,1,1,足总杯-曼城1-0阿森纳晋级 格拉利什助攻阿克破门#曼城6连胜阿森纳##曼城1比0阿森纳##阿克破门##曼城1-0阿森纳# PP体育的微博视频 ,2023/1/28,35,0,2,"曼城6连胜阿森纳,曼城1比0阿森纳,阿克破门,曼城1-0阿森纳"
0,1,0,1,1,足总杯-格拉利什助攻阿克破门斯通斯伤退 曼城1-0阿森纳晋级 ,2023/1/28,11,0,2,
0,1,0,1,2,据葡萄牙媒体Correio da Manhã报道，姆巴佩预计将成为C罗一架私人飞机的买家。C罗在2015年以2000万欧元的价格买下这架湾流G200喷气式飞机。该飞机可搭载8-10人，并印有C罗的名字。据悉，C罗在去年七月就想出售他的这架私人飞机，经过几个月的寻找，姆巴佩预计将成为C罗私人飞机的买家。 #姆巴佩想买C罗的私人飞机#,2023/1/27,23,6,1,姆巴佩想买C罗的私人飞机
0,1,0,1,1,恩凯蒂亚VS热苏斯2022-23赛季英超联赛平均每90分钟数据对比进球数：0.61-0.37预期进球数：0.81-0.58射正数：1.99-1.47重大机会得分：0.61-0.29快速进攻：0.46-0.07 ,2023/1/27,8,0,1,
0,1,1,1,1,拉10什福德！世界杯后10场狂轰10球2助联赛杯：2-0伯恩利 ⚽英超：3-0诺丁汉森林 ⚽🅰️英超：1-0狼队 ⚽英超：3-0伯恩茅斯 ⚽足总杯：3-1埃弗顿 ⚽🅰️联赛杯：3-0查尔顿 ⚽⚽英超：2-1曼城 ⚽英超：1-1水晶宫 ❌英超：2-3阿森纳 ⚽联赛杯：3-0诺丁汉森林 ⚽ ,2023/1/27,17,4,10,
0,1,0,1,8,夺笋啊！C罗无缘沙超杯决赛 对手球迷高呼梅西、梅西#C罗无缘沙超杯决赛##吉达联合3比1利雅得胜利# PP体育的微博视频 ,2023/1/27,55,19,4,"C罗无缘沙超杯决赛,吉达联合3比1利雅得胜利"
0,2,0,1,1,北京时间1月27日，NBA官方正式公布全明星首发名单。东部：安特托昆博（队长）、杜兰特、塔图姆、欧文、米切尔西部：詹姆斯（队长）、东契奇、库里、约基奇和锡安2月4日将公布替补阵容名单，替补阵容将由NBA教练们进行选择，东西部各选7人，两个后场、三个前场以及两个任意位置球员。今年全明星将于2月18日-20日在犹他爵士队主场举行。#2023NBA全明星首发名单#,2023/1/27,9,2,4,2023NBA全明星首发名单
0,1,0,1,1,首发出任队长招牌头槌任意球造险 C罗沙超杯半决赛个人集锦#吉达联合3比1利雅得胜利# #C罗无缘沙超杯决赛# PP体育的微博视频 ,2023/1/27,51,9,0,"吉达联合3比1利雅得胜利,C罗无缘沙超杯决赛"
0,1,0,1,1,沙超杯-C罗头球造险塔利斯卡破门 利雅得胜利1-3吉达联合无缘决赛#吉达联合3比1利雅得胜利# #C罗无缘沙超杯决赛# PP体育的微博视频 ,2023/1/27,61,10,7,"吉达联合3比1利雅得胜利,C罗无缘沙超杯决赛"
0,1,0,1,1,国王杯-罗德里戈一条龙本泽马破门 皇马3-1逆转10人马竞晋级四强#皇马3比1马竞##罗德里戈一条龙# PP体育的微博视频 ,2023/1/27,184,15,39,"皇马3比1马竞,罗德里戈一条龙"
0,1,0,1,1,联赛杯-拉什福德一条龙爆射，韦霍斯特处子球，曼联3-0诺丁汉森林占先机。#曼联#曼联 PP体育的微博视频 ,2023/1/26,26,6,11,曼联
0,1,0,1,1,国王杯-孔德助攻登贝莱制胜，久保健英中柱，巴萨1-0十人皇社挺进半决赛#巴塞罗那#巴塞罗那 PP体育的微博视频 ,2023/1/26,20,2,6,巴塞罗那
0,1,0,1,1,德甲-施韦贝神扑基米希世界波救主，拜仁1-1绝平科隆，联赛两连平#拜仁慕尼黑#拜仁慕尼黑 PP体育的微博视频 ,2023/1/25,36,3,18,拜仁慕尼黑
0,1,0,1,1,意甲-米兰全队低迷0-4惨败拉齐奥，近两场进0球丢7球，距离榜首12分#AC米兰#AC米兰 PP体育的微博视频 ,2023/1/25,15,6,5,AC米兰
0,1,0,1,1,米兰全队低迷0-4惨败拉齐奥，各项赛事5场不胜，近两场进0球丢7球。北京时间1月25日03:45，拉齐奥在意甲迎战AC米兰。上半场托莫里伤退，米林科维奇禁区推射破门，扎卡尼禁区补射破门扩大比分，下半场阿尔贝托点射命中，费利佩推射破门。最终拉齐奥4-0战胜AC米兰，米兰各项赛事5场不胜，近两战进0球丢7球。#AC米兰#AC米兰,2023/1/25,8,1,11,AC米兰
0,1,0,1,4,内马尔姆巴佩领衔 大巴黎祝中国球迷新春快乐大展宏兔 PP体育的微博视频 ,2023/1/21,78,14,4,
0,1,0,2,1,近10轮英超6负3胜！孔蒂还能带热刺争四吗？❌ 0-2曼联（客场）❌ 0-1纽卡斯尔联（主场）✅ 3-2伯恩茅斯（客场）❌ 1-2利物浦（主场）✅ 4-3利兹联（主场）🤝 2-2布伦特福德（客场）❌ 0-2阿斯顿维拉（主场）✅ 4-0水晶宫（客场）❌ 0-2阿森纳（主场）❌ 2-4曼城（客场） ,2023/1/21,12,7,14,
0,1,0,3,4,梦幻联动！周杰伦：祝PSG的朋友们新春愉快 兔年行大运#周杰伦巴黎圣日耳曼梦幻联动# PP体育的微博视频 ,2023/1/21,9,1,1,周杰伦巴黎圣日耳曼梦幻联动
0,1,0,2,1,四亿妄为！伯利接手切尔西8个月豪掷4亿英镑北京时间1月21日，切尔西官方宣布马杜埃凯加盟球队，这是蓝军今年冬窗引进的第6名新援。尽管成绩不佳，但伯利接手蓝军之后，已经壕掷4亿英镑，为球队带来多达14名球员。伯利时代引援盘点（单位：美元）：1.韦斯利-福法纳：8700万2.穆德里克：7600万3.库库雷利亚：7000万4.斯特林：6000万5.马杜埃凯：4300万6.巴迪亚西勒：4100万7.库利巴利：4100万8.楚克维梅卡：1900万9.安德烈-桑托斯：1350万10.奥巴梅扬：1300万11.大卫-福法纳：1300万12.菲利克斯：1200万（租借）13.斯洛尼亚：1000万14.扎卡利亚：300万（租借）总计：5亿零150万美元，约合4亿零500万英镑#切尔西官宣马杜埃凯加盟#,2023/1/21,19,7,20,切尔西官宣马杜埃凯加盟
0,1,0,1,1,德甲-舒波-莫廷破门哈尔斯滕贝格扳平 拜仁1-1客平莱比锡#莱比锡1比1拜仁慕尼黑# PP体育的微博视频 ,2023/1/21,10,0,0,莱比锡1比1拜仁慕尼黑
0,1,0,2,10,尤文“做账门”被扣15分！多名前高管被禁足当地时间2023年1月20日，隶属于意大利足协的法院机构对尤文图斯增值获利案（也就是俗称的“做账门”）做出了宣判：尤文图斯俱乐部被扣除15个联赛积分，包括安德烈亚·阿涅利、帕拉蒂奇、内德维德等涉及案件的前俱乐部管理层也受到了相应的禁止参加足球活动的处罚。目前，尤文图斯已经就此提出了上诉。#尤文被扣15分# #尤文图斯11名高管被禁足# #尤文图斯因财务造假案被扣15分#,2023/1/21,36,14,13,"尤文被扣15分,尤文图斯11名高管被禁足,尤文图斯因财务造假案被扣15分"
0,1,0,1,1,官方：阿森纳签下布莱顿边锋特罗萨德 转会总价2600万镑 PP体育的微博视频 #阿森纳官宣特罗萨德加盟# ,2023/1/20,18,2,0,阿森纳官宣特罗萨德加盟
0,1,0,1,1,官方消息，阿森纳正式签下布莱顿边锋特罗萨德。特罗萨德将身披阿森纳19号球衣。官方未透露合同年限，但称球员签下了一份长约。据记者罗马诺消息，特罗萨德的转会费为2100万镑+500万镑浮动。特罗萨德现年28岁，比利时国脚，司职前锋。    球员曾效力于亨克、洛默尔、韦斯特洛、奥法瓦里与布莱顿等队。    2019年7月以1560万欧元转会费加盟布莱顿，三个半赛季代表球队出场121次，打进25球，并送出14次助攻。    在国家队层面，特罗萨德2020年9月才完成国家队首秀，目前代表比利时国家队出场24次，打进5球并助攻3次。2022卡塔尔世界杯上，特罗萨德代表比利时出场3次，其中1次为首发，没有进球和助攻。#阿森纳官宣特罗萨德加盟#,2023/1/20,22,2,7,阿森纳官宣特罗萨德加盟
0,1,0,1,1,沙特球队吉达国民官方宣布，中超金靴、中超冠军队武汉三镇外援马尔康加盟球队。据此前报道，马尔康的转会费高达450万欧元，年薪也是在三镇的三倍。吉达国民在公告中表示，马尔康将于当地时间晚上20点30分乘飞机抵达沙特机场，然后进行体检并正式签约。吉达国民是沙特老牌强队，球队上赛季遭遇降级，为了升级，球队进行了重金引援。现年28岁的巴西球员马尔康，2021年从河北队自由身加盟武汉三镇。本赛季助武汉三镇夺得中超冠军，在中超出场26次，打进27球3次助攻。#马尔康加盟沙特球队##沙特球队三倍年薪挖角武汉三镇外援#,2023/1/20,34,11,5,"马尔康加盟沙特球队,沙特球队三倍年薪挖角武汉三镇外援"
0,1,0,1,1,官方消息，马竞签下28岁的巴萨前锋德佩，转会费300万欧元+100万浮动双方签约至2025年，球员此前已经跟随马竞进行训练。德佩出道于荷兰鹿特丹斯巴达青训，2006年转入埃因霍温青年队。2015年德佩3400万欧元转会曼联，2017年德佩1600万欧元转会里昂，2021年夏窗，德佩以自由球员身份加盟巴萨。 #德佩加盟马竞#,2023/1/20,20,12,0,德佩加盟马竞
0,1,0,1,10,#阿尔维斯涉嫌性侵被捕#据西班牙媒体RAC1报道，因涉嫌性侵，39岁的巴西名将达尼-阿尔维斯在巴塞罗那被捕。据悉，当地时间本周五上午，阿尔维斯前往警察局，上午10点左右，他在一辆警车上被捕。知情人士解释说，警方会把阿尔维斯带到巴塞罗那的法院，阿尔维斯将在此出庭，案件调查期间阿尔维斯的人身自由情况将由法官决定。根据此前报道，阿尔维斯卷入了一起性侵案件。一名女子指控去年2022年12月30日凌晨，在巴塞罗那的萨顿夜总会上，她被阿尔维斯性骚扰。后续有媒体披露事发时的监控录像，阿尔维斯与该女子曾一起在厕所待了47秒。,2023/1/20,1081,67,17,阿尔维斯涉嫌性侵被捕
0,1,0,1,1,扎心了！米利唐皇马生涯攻入8球 超过同年加盟的阿扎尔2019年夏窗，皇马分别从切尔西和波尔图引进阿扎尔和米利唐。截止至目前为止，米利唐各项赛事代表皇马出场113次，合计攻入8球；转投皇马后，阿扎尔只代表球队出场73次，打进7粒进球。 ,2023/1/20,39,7,13,
0,1,0,1,1,12场英超0球！热刺5800万欧元打水漂去年夏天，热刺斥资5800万欧从埃弗顿引进巴西前锋理查利森。加盟热刺至今，理查利森累计代表球队出场17次，共825分钟，仅打进2球，另有3次助攻和2张黄牌。在英超层面，理查利森本赛季累计出场12次，其中5次首发，交出469分钟0球的尴尬数据！ ,2023/1/20,533,113,20,
0,1,1,1,1,“马冬梅”杀疯了！近8场比赛狂轰7球2助 戴手套的马赫雷斯真惹不起⚽⚽🅰️ 英超 4-2热刺❌ 英超 0-1曼联⚽⚽ 足总杯第3轮 4-0切尔西⚽ 英超 1-0切尔西🅰️ 英超 1-1埃弗顿❌ 英超 3-1利兹联⚽ 联赛杯第4轮 3-2利物浦⚽ 联赛杯第3轮 2-0切尔西 ,2023/1/20,13,2,1,
0,1,0,1,1,C罗利雅得首秀集锦：独中两元+当选全场最佳球员#C罗梅开二度# #C罗沙特首秀获评全场最佳# PP体育的微博视频 ,2023/1/20,163,18,24,"C罗梅开二度,C罗沙特首秀获评全场最佳"
0,1,0,1,1,意大利杯-尤文2-1蒙扎晋级 小基耶萨复出后首球！小基恩破门#尤文图斯2比1蒙扎# PP体育的微博视频 ,2023/1/20,4,0,0,尤文图斯2比1蒙扎
0,1,0,1,1,国王杯-莱万双响凯西1射2传 巴萨5-0休达晋级八强#休达0比5巴萨# #巴萨晋级国王杯8强# #莱万梅开二度# PP体育的微博视频 ,2023/1/20,11,0,11,"休达0比5巴萨,巴萨晋级国王杯8强,莱万梅开二度"
0,1,0,1,1,青春完美落幕！梅罗赛后互晒合影C罗的沙特首秀迎来梅西领衔的巴黎圣日耳曼，第37次梅罗对决没有让球迷失望。梅西开场不到3分钟就闪击破门；C罗则完成梅开二度的好戏，并荣膺全场最佳球员。由于C罗出走沙特，这或许是梅罗的最后一次直接对话。比赛结束后，C罗更新个人社交媒体晒出二人合影，并附言写道：““见到老友太开心。”梅西同样更新了社交媒体，晒出二人拥抱的短视频。#梅西C罗互晒合影#,2023/1/20,554,55,57,梅西C罗互晒合影
0,1,0,1,1,国王杯-皇马连扳三球3-2逆转淘汰黄潜 塞巴略斯传射！小熊破门#比利亚雷亚尔2比3皇马# #皇马晋级国王杯八强# PP体育的微博视频 ,2023/1/20,15,5,2,"比利亚雷亚尔2比3皇马,皇马晋级国王杯八强"
0,1,0,1,1,让二追四！英超-曼城4-2逆转热刺 马赫雷斯2球1助！哈兰德＆小蜘蛛破门#曼城4比2热刺# #马赫雷斯进球# PP体育的微博视频 ,2023/1/20,23,5,2,"曼城4比2热刺,马赫雷斯进球"
0,1,0,1,1,友谊赛-梅西闪击C罗双响！姆巴佩造3球 巴黎5-4利雅得全明星#利雅得全明星队4比5巴黎圣日耳曼##C罗梅开二度##梅西开场破门# PP体育的微博视频 ,2023/1/20,65,6,14,"利雅得全明星队4比5巴黎圣日耳曼,C罗梅开二度,梅西开场破门"
0,1,0,1,1,FIFA23年度最佳阵：梅西、本泽马、姆巴佩三叉戟，贝林厄姆入围具体如下：门将：库尔图瓦(皇家马德里)后卫：阿什拉夫(巴黎圣日耳曼)，米利唐(皇家马德里)，范戴克(利物浦)，特奥(AC米兰)中场：莫德里奇(皇家马德里)，德布劳内(曼城)，贝林厄姆(多特蒙德)前锋：梅西(巴黎圣日耳曼)，本泽马(皇家马德里)，姆巴佩(巴黎圣日耳曼)#FIFA23年度最佳阵#,2023/1/20,153,14,4,FIFA23年度最佳阵
0,1,0,1,1,官方：拜仁签下门将索默 合同至2025年身披27号球衣拜仁慕尼黑官方宣布，球队签下现年34岁的门兴格拉德巴赫门将索默，双方签约2年半，据悉转会费800万欧外加150万欧浮动条款。在诺伊尔假期滑雪导致小腿骨折进而赛季报销后，拜仁一直在寻找他的替代者。最终，拜仁签下了门兴主力门将索默，他将与乌尔赖希竞争拜仁本赛季剩余时间的主力门将。现年34岁的索默在2014年7月加盟门兴格拉德巴赫，至今共为门兴出战335场比赛，在90场比赛中完成零封，丢459球。而在效力于瑞士国家队期间，索默在80场比赛中完成31场零封，丢78球。#拜仁官宣索默加盟#,2023/1/19,36,6,10,拜仁官宣索默加盟
0,1,0,2,1,中国足球协会：坚决拥护纪检监察机关对刘奕、陈永亮进行调查2023年1月19日，中国足球协会党委召开扩大会议，通报中国足球协会执委、原秘书长刘奕涉嫌严重违法，常务副秘书长兼国管部部长陈永亮涉嫌严重违纪违法，目前正在接受纪检监察机关调查。　　体育总局副局长、中国足球协会党委书记杜兆才，中国足球协会主席陈戌源和协会副主席、驻会执委等与会人员逐一表态发言。大家一致表示，纪检监察机关决定对刘奕、陈永亮进行调查，充分体现了坚决贯彻落实党中央决策部署，推进足球领域反腐败斗争的坚强决心和坚定意志；充分体现了足球领域反腐败无禁区、全覆盖、零容忍的鲜明态度。中国足球协会坚决拥护、坚决支持纪检监察机关对刘奕、陈永亮进行调查。　　会议强调，中国足球协会要汲取教训，以案为鉴，反思警醒，坚持不懈用习近平新时代中国特色社会主义思想凝心聚魂，坚定拥护“两个确立”，坚决做到“两个维护”。要以案促改，以案促治，持之以恒加强对足球从业人员教育管理监督，切实管好管住“关键少数”“关键岗位”，一体推进“不敢腐、不能腐、不想腐”，坚定不移推动全面从严治党向纵深发展。协会工作人员要始终牢记党纪国法面前没有例外，自觉接受监督，依法用权、秉公用权、廉洁用权，知敬畏、存戒惧、守底线，努力营造风清气正的足球生态。　　中国足球协会第十一届执委会研究，决定罢免刘奕执委职务，提交会员大会通过。#原足协秘书长刘奕接受监察调查##足协常务副秘书长陈永亮接受审查调查#,2023/1/19,21,0,3,"原足协秘书长刘奕接受监察调查,足协常务副秘书长陈永亮接受审查调查"
0,1,0,1,10,中央纪委国家监委驻国家体育总局纪检监察组官方消息，原中国足球协会秘书长刘奕涉嫌严重违法，正接受监察调查；常务副秘书长兼国家队管理部部长陈永亮涉嫌严重违纪违法，正接受审查调查。 #原足协秘书长刘奕接受监察调查##足协常务副秘书长陈永亮接受审查调查# ,2023/1/19,49,29,13,"原足协秘书长刘奕接受监察调查,足协常务副秘书长陈永亮接受审查调查"
0,1,0,1,1,北京时间1月20日凌晨1点，利雅得明星队与巴黎进行热身赛，这将是C罗和梅西的第37次交锋。据沙特媒体kooora统计，梅罗首次对决是2008年欧冠半决赛，在过往的36次交锋中，梅西取得16胜9平11负的成绩，梅西总共打进22球，C罗则打入21球。两人上次交手是2020年12月的欧冠，当时C罗效力的尤文图斯3-0击败梅西效力的巴萨。,2023/1/19,26,11,15,
0,1,0,1,1,自2020年五大联赛进球数TOP10：莱万104球笑傲群雄1、莱万 92场104球2、哈兰德 84场83球3、姆巴佩 91场75球4、因莫比莱 101场73球5、C罗 93场69球6、本泽马 95场67球7、凯恩 101场62球8、萨拉赫 108场62球9、本耶德尔 100场61球10、梅西 96场56球 ,2023/1/19,51,50,7,
0,1,0,2,8,德勤俱乐部收入TOP20：曼城蝉联榜首 英超独占半壁江山国际会计事务所德勤发布2022-23赛季足球俱乐部报告，曼城连续两年成为收入最高的俱乐部，皇马第二，利物浦超越拜仁、巴萨、曼联、巴黎来到第三位。前20中有11家英超俱乐部。德勤俱乐部收入TOP20：（单位：欧元）1.曼城：7.31亿2.皇马：7.14亿3.利物浦：7.02亿4.曼联：6.89亿5.巴黎：6.54亿6.拜仁：6.54亿7.巴萨：6.38亿8.切尔西：5.68亿9.热刺：5.23亿10.阿森纳：4.34亿11.尤文：4.01亿12.马竞：3.94亿13.多特：3.57亿14.国米：3.08亿15.西汉姆：3.01亿16.米兰：2.65亿17.莱斯特：2.52亿18.利兹联：2.23亿19.埃弗顿：2.14亿20.纽卡：2.12亿,2023/1/19,6,2,3,
0,1,0,1,9,魔性动画预热利雅得明星赛：C罗带梅西夜店尬舞 PP体育的微博视频 ,2023/1/19,24,3,2,
0,1,1,1,1,卡塞米罗有多重要？胖虎不在曼联胜率减半失球陡增三倍英超联赛第7轮补赛，曼联客场1-1遭水晶宫绝平，红魔不仅在比赛最后时刻丢掉2分，而且中场大将卡塞米罗此役染黄，他将因累计黄牌停赛缺战周末客场与阿森纳的焦点大战。天空体育列举了卡塞米罗是否登场对曼联成绩对比比赛场次：16-3胜率：69%-33%场均进球数：1.7-1场均失球数：0.7-2.3场均被射门次数：11-15#水晶宫1比1曼联#,2023/1/19,8,3,2,水晶宫1比1曼联
0,1,0,3,2,据《邮报》报道，一名阿根廷科尔多瓦省的农民种出了一片梅西图像的124英亩玉米地，以此致敬阿根廷夺得世界杯。农业专家为播种的机器设计了编码，某些区域的种子比其它区域更加密集。使农作物种植能够呈现出最终想要的图像。这名农民马克西米利亚诺-斯皮纳泽表示：现在他们是世界冠军，我很开心可以通过种植农作物来表达我的想法。#阿根廷农田惊现梅西巨型头像# #阿根廷农民种植出梅西头像的玉米地#,2023/1/19,27,6,1,"阿根廷农田惊现梅西巨型头像,阿根廷农民种植出梅西头像的玉米地"
0,1,0,1,1,国王杯-略伦特传射莫拉塔破门 马竞2-0莱万特晋级八强 PP体育的微博视频 ,2023/1/19,5,0,0,
0,1,0,1,1,英超-水晶宫1-1绝平曼联 B费破门！维格霍斯特上演首秀#水晶宫1比1曼联# #B费破门# #德赫亚极限扑救# PP体育的微博视频 ,2023/1/19,12,2,14,"水晶宫1比1曼联,B费破门,德赫亚极限扑救"
0,1,0,1,1,意超杯-国米3-0AC米兰夺冠！劳塔罗破门 迪马尔科哲科建功#国米卫冕意超杯冠军#  #AC米兰0比3国际米兰# PP体育的微博视频 ,2023/1/19,34,6,15,"国米卫冕意超杯冠军,AC米兰0比3国际米兰"
0,1,0,1,1,罗马诺：拜仁签下门兴门将索默 总价950万欧罗马诺：索默加盟拜仁，交易完成，Here We Go！现已与门兴达成全面协议，合同有效期至2025年6月。拜仁将支付800万欧元+150万欧元附加。索默将在接下来的几个小时内接受体检。 ,2023/1/18,36,13,3,
0,1,0,2,1,一个月前，阿根廷卡塔尔世界杯夺冠。 PP体育的微博视频 ,2023/1/18,65,3,8,
0,1,0,1,1,罗马诺：梅西没有收到利雅得新月的任何报价，他将留在大巴黎罗马诺：了解到梅西没有收到利雅得新月的任何报价，尽管在过去几天和几周内被联系在一起。但没有谈话，没有讨论。 我被告知梅西未来的下一步是与巴黎圣日耳曼进行新的会面以续约。梅西将留在巴黎圣日耳曼。 ,2023/1/18,12,4,2,
0,1,0,1,1,IFFHS年度欧洲球员最佳阵容：姆巴佩哈兰德本泽马领衔门将：库尔图瓦(比利时)后卫：邓弗里斯(荷兰)，格瓦迪奥尔(克罗地亚)，范戴克(荷兰)，特奥-埃尔南德斯(法国)中场：莫德里奇(克罗地亚)，德布劳内(比利时)，格列兹曼(法国)前锋：哈兰德(挪威)，本泽马(法国)，姆巴佩(法国) ,2023/1/18,14,3,7,
0,1,0,1,9,根据法国媒体《RMC》提供的最新消息，巴黎圣日耳曼此次前往卡塔尔和沙特之旅大概会有1500万欧元的收入，必要条件是梅西、内马尔和姆巴佩要在活动和比赛中登场。据悉去年巴黎就安排过类似的中东之旅，但因为疫情原因被迫取消。巴黎全队会在当地时间周二晚飞往卡塔尔首都多哈。他们将会在那里参加包括卡塔尔航空在内的多家当地赞助商组织的活动。没有过多休息时间，他们很快将会飞往沙特首都利雅得，与利雅得全明星队进行一场友谊赛，其中不久前加盟利雅得胜利的C罗也将会参加本场比赛。#MMN登场巴黎可赚1500万欧#,2023/1/18,9,0,4,MMN登场巴黎可赚1500万欧
0,1,0,1,4,皇马短片庆贺中国新年：阿拉巴吕迪格PK乒乓球 樊振东助阵 PP体育的微博视频 ,2023/1/18,14,4,1,
0,1,0,2,1,师从瓜帅成绩好！阿尔特塔：英超8分领跑哈维：西甲3分领跑孔帕尼：英冠5分领跑 ,2023/1/18,51,6,2,
0,1,0,2,1,曼联上赛季VS本赛季数据对比比赛：48-29胜利：20-21失利：16-5进球：71-49场均进球：1.48-2.33零封：10-12英超联赛积分：58-38英超场均积分：1.5-2.1 ,2023/1/18,23,5,3,
0,1,0,1,8,哈兰德真的加强了进攻吗？英媒90min晒出了曼城与上赛季同轮次的得失球对比，曼城上赛季18轮进44个球失9个球，而本赛季18轮曼城进46球失18球。本赛季哈兰德包办了46个进球中的个21个，但曼城进攻数据并没有显著增长，反而是防守数据大幅度滑落，丢球多了一倍。#曼城##哈兰德# ,2023/1/17,29,11,4,"曼城,哈兰德"
0,1,0,3,8,你是懂最佳的 沙特娱乐部长：C罗问我他和梅西谁是最佳？我说马拉多纳沙特皇室顾问、娱乐部部长、阿尔梅里亚老板图尔基-阿尔-谢赫(Turki Al-Sheikh)透露，C罗询问他与梅西谁是最佳？图尔基-谢赫上周日会见了C罗，并为他带上了利雅得明星队的队长袖标。图尔基-谢赫接受采访透露：“我和梅西、C罗关系很好，但C罗问了我一个难为情的问题，他说‘谁是最佳，我还是梅西？’”“我告诉他既不是你也不是梅西，对我来说是马拉多纳”。#梅西##c罗#,2023/1/17,12496,513,40,"梅西,c罗"
0,1,0,1,1,近10年五大联赛任意球破门榜：梅西遥遥领先 C罗第五12-13赛季以来五大联赛任意球直接破门榜：梅西——34（373次尝试，破门率9.1%）普劳斯——16（111次尝试，破门率14.4%）皮亚尼奇——15（121次尝试，破门率12.4%）恰尔汗奥卢——14（172次尝试，破门率8.1%）C罗——13（229次尝试，破门率5.7%）帕雷霍——12（143次尝试，破门率8.4%）科拉罗夫——11（106次尝试，破门率10.4%）皮尔洛——11（86次尝试，破门率12.8%）丹尼尔-瓦斯——10（104次尝试，破门率9.6%）迪巴拉——10（79次尝试，破门率12.7%）#梅西# #c罗#,2023/1/17,37,25,5,"梅西,c罗"
0,1,0,1,5,外婆，可能是今天了阿根廷点球大战击败法国，夺得世界杯冠军。国外唇语专家解读了蒙铁尔罚最后一个点球之前，梅西自言自语的内容。梅西当时说道：可能是今天了，外婆。（puede ser hoy abu）梅西的外婆在梅西11岁左右去世。在梅西进球之后，经常都会做的一个庆祝动作双手指向天空，就是纪念外婆的。梅西,2023/1/17,109,4,9,
0,1,0,2,1,如果没有伤病，以切尔西的阵容深度，你觉得他们能进入联赛前四吗？ ,2023/1/17,9,7,1,
0,1,0,1,1,阿森纳600万镑打造青春三叉戟！本赛季25场比赛合力攻入21球12助马丁内利（600万镑引进）：7球3助（英超：7球2助）恩凯蒂亚（青训）：7球1助（英超：2球）萨卡（青训）：7球8助（英超：6球7助） ,2023/1/17,18,7,17,
0,1,0,2,8,超级计算机预测英超：阿森纳6分优势夺冠 纽卡进前四埃弗顿降级1.阿森纳：87.42.曼城：81.43.曼联：74.64.纽卡斯尔联：72.85.布莱顿：62.86.热刺：62.87.利物浦：62.48.布伦特福德：56.29.切尔西：53.010.富勒姆：52.111.阿斯顿维拉：47.812.水晶宫：43.313.利兹联：41.914.西汉姆联：40.915.诺丁汉森林：38.816.莱斯特城：38.117.南安普顿：36.718.狼队：36.319.埃弗顿：33.120.伯恩茅斯：31.0#英超夺冠赔率阿森纳反超曼城#,2023/1/17,13,9,7,英超夺冠赔率阿森纳反超曼城
0,1,0,1,1,利雅得明星联对阵巴黎大名单：队长C罗领衔 恒大旧将塔利斯卡在列利雅得全明星队名单：门将：1-布哈里（利雅得胜利）、21-阿洛瓦伊斯（利雅得新月）后卫：4-阿姆里（利雅得胜利）、78-乌贾米（利雅得胜利）、66-阿卜杜勒哈米德（利雅得新月）、20-张贤秀（利雅得新月）、3-马杜（利雅得胜利）、2-苏丹-哈纳姆（利雅得胜利）、16-纳赛尔-多萨里（利雅得新月）、5-阿里-布莱希（利雅得新月）中场：18-路易斯-古斯塔沃（利雅得胜利）、17-海巴里（利雅得胜利）、8-奥泰夫（利雅得新月）、28-卡努（利雅得新月）、14-萨米-阿尔纳杰（利雅得胜利）、15-马修斯-佩雷拉（利雅得新月）、94-塔利斯卡（利雅得胜利）、10-冈萨洛-马丁内斯（利雅得胜利）前锋：29-萨利姆-多萨里（利雅得新月）、19-安德烈-卡里略（利雅得新月）、11-马雷加（利雅得新月）、7-C罗（利雅得胜利）#利雅得全明星队公布战巴黎名单#,2023/1/17,18,9,0,利雅得全明星队公布战巴黎名单
0,1,0,1,1,意甲-国米1-0维罗纳5轮不败 劳塔罗3分钟闪击+进球被吹第3分钟，姆希塔良带球推进，迪马尔科回敲，加利亚尔迪尼远射被封堵，劳塔罗倒地补射，皮球擦着球门立柱飞入球网，国米1-0取得梦幻开局！第41分钟，姆希塔良左路内切射门，皮球疑似击中对方球员手臂弹出底线，经过VAR审核，认定并不存在手球犯规。第63分钟，国米后场长传球发动进攻，劳塔罗抗开达维多维奇，面对出击的门将挑射破门；主裁判认定劳塔罗在与达维多维奇的对抗中存在犯规行为，进球被判无效。第81分钟，阿斯拉尼前场摆脱后远射造险。#国际米兰1比0维罗纳# #劳塔罗闪击破门#,2023/1/15,18,3,22,"国际米兰1比0维罗纳,劳塔罗闪击破门"
0,1,1,1,1,1亿欧先生here we go！矿工官方：各方很接近就穆德里克转会切尔西达成协议北京时间1月15日凌晨，顿涅茨克矿工官方宣布，俱乐部主席与纳特-艾哈迈托夫和切尔西共同老板埃格巴里讨论了穆德里克加盟切尔西的问题，各方很接近就球员转会达成协议。随后著名转会记者罗马诺更新个人社交媒体，同步了穆德里克的最新情况：“穆德里克加盟切尔西，here we go! 切尔西和矿工之间正在交换文件。这笔交易将耗资1亿欧元，这是这家乌克兰俱乐部一直想要的。”“穆德里克将在（当地时间）今晚飞往伦敦，并在周日接受体检，然后将与切尔西签约至2030年。”#穆德里克加盟切尔西# #切尔西截胡穆德里克#,2023/1/15,16,8,1,"穆德里克加盟切尔西,切尔西截胡穆德里克"
0,1,0,1,1,让二追二！意甲-米兰2-2客平莱切 莱奥＆卡拉布里亚破门第3分钟，卡卢卢后场出球被断，迪弗朗西斯科左路传中，特奥在比林的干扰下不慎将皮球撞进自家球门，莱切主场1-0领先！第23分钟，莱切开出战术角球，赫尤尔曼德右路45度传中，卡卢卢冒顶，巴斯基罗托头球破门，莱切2-0领先！第58分钟，吉鲁左脚推射被对方门将扑出，波贝加补射被对方后卫封堵，莱奥禁区左侧获得球权，随后小角度射门打球门近角得手，米兰1-2扳回一球！第70分钟，波贝加左路45度传中，吉鲁头球摆渡，卡拉布里亚头球破门，经过VAR审核并不越位，进球有效，AC米兰2-2扳平比分！#莱切2比2AC米兰#,2023/1/15,4,1,0,莱切2比2AC米兰
0,1,0,1,1,英超-曼联2-1逆转曼城 B费争议进球！拉什福德制胜球#曼联2比1曼城##曼联9连胜##拉什福德连续7场破门# PP体育的微博视频 ,2023/1/15,40,9,10,"曼联2比1曼城,曼联9连胜,拉什福德连续7场破门"
0,1,0,1,1,英超-布莱顿3-0利物浦 马奇2球1助第47分钟，马蒂普后场出球失误被断，拉拉纳分球左路，三笘薫低平球打向后点，马奇破门，布莱顿1-0领先！第53分钟，弗格森直塞打穿红军防线，马奇禁区左侧打球门远角得手，布莱顿2-0领先！第81分钟，布莱顿利用界外球机会发动进攻，马奇头球摆渡，维尔贝克挑过戈麦斯，右脚劲射破门，布莱顿3-0锁定胜局！#布莱顿3比0利物浦# #马奇梅开二度# #维尔贝克破门#,2023/1/15,9,5,5,"布莱顿3比0利物浦,马奇梅开二度,维尔贝克破门"
0,1,0,1,2,"塔利亚菲科直播时表示，梅西世界杯“窝窝”的话连队内不会西语的队友都会说了。塔利亚菲科说道：世界杯产生的东西很疯狂。最近在里昂训练时，一名不会西语的法国队友对着我说，QUÉ MIRÁS, BOBO（你在看什么，傻瓜）？我说‘这不可能，太疯狂了’，里奥世界杯创造的东西，真是太疯狂了。 ",2023/1/14,79,5,10,
0,1,0,1,1,中国球员身价更新：武磊居首 张玉宁100万次席 艾克森跌至80万1、武磊（上海海港，200万欧元）2、张玉宁（北京国安，100万欧）3、蒋光太（上海海港，80万欧）艾克森（自由身，80万欧）5、谢鹏飞（武汉三镇，70万欧元）6、陈蒲（山东泰山，60万欧）戴伟浚（深圳队，60万欧元）8、程进（浙江队，55万欧）颜骏凌（上海海港，55万欧）王上源（河南嵩山龙门，55万欧）注：这里所说的“中国球员”指“第一会籍”为中国足协的球员，不含港澳台球员，不含尚未代表中国出场正式比赛的归化球员。,2023/1/14,25,11,23,
0,1,0,1,1,意甲-那不勒斯5-1终结尤文8连胜 奥斯梅恩2射1传 PP体育的微博视频 ,2023/1/14,20,2,2,
0,1,0,1,1,意甲第18轮，那不勒斯5-1尤文。上半场，奥斯梅恩头球破门，克瓦拉茨赫利亚推射建功，迪马利亚推射扳回一分。下半场，克瓦拉茨赫利亚助攻拉马尼抽射破门，奥斯梅恩扩大比分，埃尔马斯折射破门。#尤文1-5惨败那不勒斯#  ,2023/1/14,13,6,13,尤文1-5惨败那不勒斯
0,1,0,1,1,#c罗造访皇马训练#目前皇马正在沙特利雅得胜利基地训练，备战西超杯决赛。 PP体育的微博视频 ,2023/1/14,43,12,4,c罗造访皇马训练
0,1,0,1,5,老队友重聚！C罗今日造访皇马训练皇家马德里正在沙特利雅得胜利基地训练，备战西超杯决赛。现场视频显示，C罗现身训练场，造访皇马训练C罗皇家马德里 PP体育的微博视频 ,2023/1/13,81,10,11,
0,1,0,2,1,你怎么知道阿森纳排名英超第一的据英超官方消息，阿森纳主教练阿尔特塔11月和12月率队4战全胜，当选英超官方11月&12月最佳教练；队内挪威中场厄德高贡献3球3助攻，当选11月&12月最佳球员阿森纳 ,2023/1/13,19,1,1,
0,1,0,1,10,足协公布对泰山外援克雷桑处罚决定：停赛3场罚款1.5万元，你怎么看？中国足球协会纪律委员会依据《中国足球协会纪律准则》第五十三条、第一百一十条之规定，作出如下处罚：一、对山东泰山足球俱乐部队9号球员克雷桑-巴塞洛斯予以停赛3场；二、罚款人民币1.5万元。山东泰山#足协杯决赛# ,2023/1/13,31,16,4,足协杯决赛
0,1,0,2,8,知道你很急，但你先别急《阿斯报》龙赛罗怒喷FIFA最佳球员候选名单：奖全发给阿根廷人得了！FIFA公布了年度最佳球员的14人候选名单后，龙赛罗在六台节目中炮轰FIFA的评选标准。他表示：“FIFA把所有奖项都颁给阿根廷人就完事了。”梅西#fifa世界足球先生# ,2023/1/13,561,94,9,fifa世界足球先生
0,1,0,1,1,世界足球先生热门梅西、姆巴佩、本泽马2022全年数据荣誉一览FIFA官方昨日公布了世界足球先生的候选名单，梅西、姆巴佩、本泽马在列。三人2022年全年数据、荣誉一览梅西：51场35球30助，错失重大机会最少（18次），创造机会最多（39次）、带球过人最多（157次）、全场最佳最多（23次），平均得分最高（8.18分）团队荣誉：世界杯冠军、欧美杯冠军、法甲冠军、法国超级杯冠军个人荣誉：世界杯金球、世界杯银靴、欧美杯最佳球员、法国超级杯最佳球员破纪录：2022世界杯淘汰赛每轮都有进球姆巴佩：56场56球17助，射门中目标最多（132次）、收到重大机会最多（60次）、进球以及助攻赢得的分数最多、比赛制胜球最多（22）、进球贡献比（40.58%）及进球、助攻贡献比（52.9%）最高团队荣誉：法甲冠军（注：姆巴佩因停赛未随巴黎参加法国超级杯比赛）个人荣誉：世界杯金靴、世界杯银球、法甲最佳射手、法甲最佳球员破纪录：1966年后第一位世界杯决赛帽子戏法球员本泽马：39场33球8助团队荣誉：欧冠冠军、欧洲超级杯冠军、西班牙超级杯冠军个人荣誉：西甲最佳射手、西甲最佳球员、欧冠最佳射手、欧冠最佳球员、金球奖破纪录：欧冠单届淘汰赛最多进球,2023/1/13,443,44,23,
0,1,0,1,1,21世纪足球运动员出场次数TOP10：C罗第一梅西第三 伊布哈维上榜1、C罗，1145次2、阿尔维斯，1033次3、梅西，1004次4、卡西利亚斯，974次5、穆蒂尼奥，958次6、伊布拉希莫维奇，948次7、莫德里奇，947次8、远藤保仁，941次9、哈维，937次10、拉莫斯，935次 ,2023/1/13,258,58,10,
0,1,0,1,10,停赛3场让蓝军损失近200万英镑！菲利克斯这张红牌有点贵英超联赛第7轮补赛，切尔西客场1-2不敌升班马富勒姆，蓝军冬窗新援菲利克斯首秀染红，并将接受停赛3轮的处罚。为了引进菲利克斯，切尔西不仅要向马竞支付约为900万镑的租借费，还要承担球员租借期间的全额工资（约为600万镑），总支出达到惊人的1500万镑。考虑到切尔西国内杯赛已全部出局，蓝军本赛季剩余比赛只剩下23场比赛（21场联赛，包含1-2客负富勒姆的比赛；2场欧冠1/8决赛）。这意味着菲利克斯平均每代表蓝军出场1次，切尔西就要为其支付65万镑，3场停赛将令蓝军损失195万镑。#菲利克斯首秀红牌#,2023/1/13,22,8,7,菲利克斯首秀红牌
0,1,0,1,1,C罗首次无缘FIFA年度最佳球员候选名单FIFA官方公布2022年度最佳球员14人候选，梅西、本泽马、姆巴佩、哈兰德入选，转投沙特联赛的C罗无缘候选名单。这是自2016年该奖项创立以来，C罗首次无缘入选FIFA年度最佳候选名单。 ,2023/1/13,49,13,6,
0,1,0,1,3,德约科维奇模仿梅西采访名场面 神还原“给你俩窝窝”#德约科维奇模仿梅西采访名场面# PP体育的微博视频 ,2023/1/13,20,1,3,德约科维奇模仿梅西采访名场面
0,1,0,1,1,菲利克斯是懂中国春节的！首秀染红停赛3场 从小年儿“歇”过元宵节英超联赛第7轮补赛，切尔西客场1-2不敌升班马富勒姆。蓝军冬窗新援菲利克斯首秀染红，并将接受停赛3轮的处罚。菲利克斯将在2月11日，对阵西汉姆联的英超联赛中迎来复出。从农历腊月廿二开始，一直到正月二十，菲利克斯没有任何一线队的比赛任务，实现了从小年儿“歇”过元宵节的超长“春节假期”。#菲利克斯首秀红牌##富勒姆2比1切尔西#,2023/1/13,17,5,8,"菲利克斯首秀红牌,富勒姆2比1切尔西"
0,1,0,1,1,意大利杯-迪巴拉替补破门小曼奇尼助攻 罗马1-0热那亚晋级8强 PP体育的微博视频 ,2023/1/13,30,2,1,
0,1,0,1,1,西超杯-莱万破门法蒂建功 巴萨点球6-4贝蒂斯决赛将战皇马#贝蒂斯4比6巴萨##西超杯决赛巴萨对阵皇马# PP体育的微博视频 ,2023/1/13,23,3,11,"贝蒂斯4比6巴萨,西超杯决赛巴萨对阵皇马"
0,1,0,1,1,英超-富勒姆2-1切尔西 菲利克斯首秀染红！威廉弑旧主#富勒姆2比1切尔西##菲利克斯首秀红牌##切尔西近10场仅取得2胜# PP体育的微博视频 ,2023/1/13,9,2,12,"富勒姆2比1切尔西,菲利克斯首秀红牌,切尔西近10场仅取得2胜"
0,1,0,1,1,普斯卡什奖进球候选：特奥奔袭+姆巴佩决赛凌空斩 理查利森倒钩#2022普斯卡什奖候选# PP体育的微博视频 ,2023/1/13,166,31,21,2022普斯卡什奖候选
0,1,0,1,1,足坛租借费用排名：莫拉塔包揽前二 菲利克斯上榜1.莫拉塔（2020-21赛季，马竞-尤文图斯，2000万欧）2.莫拉塔（2018-19赛季，切尔西-马德里竞技，1800万欧）3.洛塞尔索（2019-20赛季，皇家贝蒂斯-热刺，1600万欧）4.萨帕塔（2018-19赛季，桑普多利亚-亚特兰大，1400万欧）5.J罗（2017-18赛季，皇家马德里-拜仁慕尼黑，1300万欧）6.特维斯（2007-08赛季，西汉姆-曼联，1270万欧）7.基耶萨（2020-21赛季，佛罗伦萨-尤文图斯-1260万欧）8.巴雷拉（2019-20赛季，卡利亚里-国际米兰，1200万欧）9.伊哈洛（2019-20赛季，上海绿地申花-曼联，1200万欧）10.德斯特罗（2012-13赛季，热那亚-罗马，1150万欧）11.菲利克斯（2022-23赛季，马德里竞技-切尔西，1100万欧）12.伊瓜因（2018-19赛季，尤文图斯-AC米兰，1020万欧）13.格列兹曼（2021-22赛季，巴塞罗那-马德里竞技，1000万欧）14.库卢塞夫斯基（2021-22赛季，尤文图斯-热刺，1000万欧）15.门迭塔（2002-03赛季，拉齐奥-巴塞罗那，900万欧）,2023/1/12,15,7,11,
0,1,0,2,1,五大联赛失球排行榜：巴萨16轮仅丢6球排第一！尤文、纽卡紧随其后德国转会市场统计了五大联赛中球队的失球排行，其中西甲领头羊巴塞罗那的丢球数最少，16轮联赛目前仅丢6球。具体排名如下：1、巴塞罗那 16轮失6球2、尤文图斯 17轮失7球3、纽卡斯尔联 18轮失11球4、朗斯 17轮失11球5、比利亚雷亚尔 16轮失12球6、那不勒斯 17轮失13球7、巴黎圣日耳曼 17轮失13球8、皇家贝蒂斯 16轮失13球9、拜仁慕尼黑 15轮失13球10、阿森纳 17轮失14球,2023/1/12,46,14,224,
0,1,1,1,1,五大联赛三叉戟进球排行：巴黎MMN47球领跑近日德国转会市场网统计了欧洲五大联赛进攻三叉戟的进球数辆（包含联赛、本土杯赛、欧联、欧冠）排在前五位的组合，巴黎的MMN组合以47粒进球，排在首位。排名如下：1、巴黎 姆巴佩（20）、内马尔（15）、梅西（12） 总进球数：472、曼城 哈兰德（27）、福登（9）、阿尔瓦雷斯（8） 总进球数：443、利物浦 萨拉赫（17）、努涅斯（10）、菲尔米诺（9） 总进球数：364、拜仁 穆西亚拉（12）、马内（11）、舒波-莫廷（11） 总进球数：345、莱比锡 恩昆库（17）、维尔纳（9）、安德烈-席尔瓦（7） 总进球数：33,2023/1/12,107,17,5,
0,1,0,1,1,意大利杯-AC米兰加时0-1遭十人都灵淘汰 CDK吉鲁失良机#AC米兰0比1都灵# #AC米兰止步意大利杯16强# PP体育的微博视频 ,2023/1/12,6,1,2,"AC米兰0比1都灵,AC米兰止步意大利杯16强"
0,1,0,1,1,现场第一视角观看梅西策动进球+破门全程，球王就是如此强大#巴黎2比0昂热##梅西2023年首球# PP体育的微博视频 ,2023/1/12,38,7,0,"巴黎2比0昂热,梅西2023年首球"
0,1,0,1,5,永远的好兄弟！马塞洛希腊杯破门后模仿C罗经典庆祝动作#马塞洛模仿C罗庆祝# PP体育的微博视频 ,2023/1/12,49,1,219,马塞洛模仿C罗庆祝
0,1,0,2,1,全场0射正！曼城0-2爆冷不敌英超副班长 止步联赛杯八强#曼城联赛杯爆冷出局##南安普顿2比0曼城# PP体育的微博视频 ,2023/1/12,29,5,1,"曼城联赛杯爆冷出局,南安普顿2比0曼城"
0,1,0,1,1,西班牙超级杯半决赛，皇马总比分5-4瓦伦西亚晋级决赛！上半场，库马特送点，本泽马点射破门为皇马取得领先！下半场，利诺开场闪击扳平比分。常规时间双方战成1-1加时赛双方都未能把握住进球机会；双方进入点球大战，皇马四人全部罚中，瓦伦西亚这边，库马特打飞，库尔图瓦扑出加亚点球。 ,2023/1/12,6,1,108,
0,1,0,1,1,法甲第18轮，巴黎2-0击败昂热。上半场埃基蒂克破门，下半场梅西建功，内马尔进球被吹。 ,2023/1/12,16,2,2,
0,1,0,1,1,球王风采依旧！梅西回归巴黎首秀即破门 连续19年在俱乐部比赛中取得进球 PP体育的微博视频 #巴黎2比0昂热# #梅西2023年首球# ,2023/1/12,1629,139,33,"巴黎2比0昂热,梅西2023年首球"
0,1,0,1,3,38岁巴西后卫米兰达在个人社媒上宣布退役。米兰达表示：这一刻已经到来。特别感谢所有为我加油的人们。尤其要感谢足球！这（视频）就是我的故事。米兰达现年38岁，场上司职中后卫，出自科里蒂巴青训，曾效力科里蒂巴、索肖、圣保罗、马竞、国米、江苏队，他在2022赛季结束后与圣保罗合同到期，在今天宣布退役。米兰达职业生涯出场597场，贡献25球15助攻，曾获得1次美洲杯冠军、1次联合会杯冠军、1次欧联杯冠军、1次欧超杯冠军、1次西甲冠军、1次国王杯冠军、1次西班牙超级杯冠军、3次巴甲联赛冠军、1次中超冠军。,2023/1/12,34,4,106,
0,1,0,1,2,高拉特确认放弃中国国籍，团队正在运作恢复巴西国籍日前，巴西球队巴伊亚竞技与高拉特完成续约，31岁的他将随球队在新赛季征战巴甲。而在续约后的新闻发布会上，高拉特确认了他正在恢复巴西国籍。“我得问问事情进展得如何了，我对恢复巴西国籍的前景感到乐观，此事由相关的团队进行处理。”#高拉特将重获巴西国籍#,2023/1/10,88,34,146,高拉特将重获巴西国籍
0,1,0,1,3,"33岁的贝尔个人社媒宣布退役，结束17年球员生涯 #贝尔宣布退役#““在经过仔细周密的考虑后，我在此宣布自己即刻从俱乐部和国家队足球生涯中退役。""能够为自己所爱的体育奉献是梦想成真，为此我感到无比幸运。足球真的给了我生命中的一些最美好时刻。这17年的高光时刻，将是无法复制的，无论接下来我的下一章是什么。""从我在南安普顿开始，第一次接触到足球，最终我在洛杉矶足球俱乐部结束球员生涯，这之间的一切塑造了我的俱乐部生涯，我为之感到无比自豪与感激。代表我的国家出场111次并担任队长真的算是梦想成真了。""向所有在这段旅程中的所有人表示感谢，这感觉真是不可思议的。我对许多帮助我的人感到感激，他们改变了我的生活，塑造了我的职业生涯，这是我自9岁开始以来做梦都想不到的。""感谢我之前效力过的俱乐部，南安普顿、热刺、皇马和洛杉矶FC。感谢我以前所有的教练、后勤工作人员、队友、所有热心的球迷以及我的经纪人、朋友和家人，你们的影响是不可估量的。""我的父母和姐姐，如果没有你们以前的奉献，没有这样一个坚实的基础，我现在就不会在写这篇退役声明。所以感谢你们让我走上了这条道路，感谢你们坚定不移的支持。""我的妻子和孩子们，你们的爱与支持让我渡过难关。无论是在我高光还是低落的时刻，你们都一直在我身边，让我有勇气一直走下去。你们激励了我许多，我为你们感到骄傲。总而言之，我现在要走入我人生的新阶段了。是时候做出改变和角色转换了，这是我开启新冒险的机会。”",2023/1/9,91,9,13,贝尔宣布退役
0,1,0,2,1,官方消息，前比利时国家队主帅罗伯托-马丁内斯出任葡萄牙国家队主帅。马丁内斯现年49岁，西班牙籍教练，他在2022世界杯结束后离开比利时主帅岗位。马丁内斯执教比利时队6年，战绩56胜13平11负，获得2018年世界杯季军，2021年打入欧洲杯1/4决赛，2022年世界杯小组出局。葡萄牙队在2022世界杯止步1/4决赛，老帅桑托斯在世界杯后离任，结束了8年的葡萄牙队执教生涯。#马丁内斯出任葡萄牙队主帅#,2023/1/9,21,9,106,马丁内斯出任葡萄牙队主帅
0,1,0,2,1,官方消息，安切洛蒂当选IFFHS（国际足球历史和统计联合会）评选的2022年最佳俱乐部主教练。安切洛蒂今年63岁，上赛季率领皇马夺得西超杯、西甲冠军和欧冠冠军，作为主帅四夺欧冠创造历史。IFFHS2022年度最佳俱乐部教练排名：1、安切洛蒂 皇马 245分2、瓜迪奥拉 曼城 45分3、雷格拉吉 维达德 40分（执教俱乐部到2022年7月，后出任摩洛哥国家队主帅）4、克洛普 利物浦 20分5、穆里尼奥 罗马 15分,2023/1/9,18,4,1,
0,1,0,2,8,据Football Daily统计，自收购切尔西以来，伯利已经为球队签下了12名球员，总计支出达到了3.414亿英镑，其中，最大的一笔花费是7500万镑签下韦斯利-福法纳。伯利具体签约球员及身价如下：库库雷利亚：6300万英镑斯特林：4750万英镑库利巴利：3400万英镑福法纳：7500万英镑楚克乌梅卡：2000万英镑卡萨迪：1660万英镑斯洛尼纳：1200万英镑奥巴梅扬：1030万英镑奥马里-哈特金森：自由球员巴迪亚西勒：3500万英镑安德雷-桑托斯：1800万英镑大卫-达特罗-福法纳：1000万英镑,2023/1/9,16,8,3,
0,1,0,2,10,据法媒RMC Sport 报道，法国足协主席勒格拉埃就此前言论向齐达内道歉。 报道称，法国足协主席在法新社的一个声明中表示，他之前关于齐达内的言论很笨拙，并造成了误解，他希望以个人名义向齐达内表达道歉。 #皇马发声力挺齐达内# ,2023/1/9,9,0,0,皇马发声力挺齐达内
0,1,0,2,1,皇马官方声明：法国足协主席对齐达内的言论缺乏尊重，希望立即纠正皇家马德里对法国足协主席诺尔·勒·格瑞艾特关于齐达内发表的言论感到遗憾，齐达内是世界体育史上最伟大的传奇之一。这些言论评价一位被世界球迷所爱戴的人物显然缺乏尊重，我们希望他立即纠正。齐达内曾身披国家队战袍获得诸多荣誉，无论作为球员还是教练，他都展现出了自己积极的价值观。对于这样一位名宿，法国足协主席发表的言论显然是不合适的，就像他曾对皇马队长本泽马所发表的言论一样。本泽马是金球奖得主，夺得过五座欧冠冠军，并与法国队一起夺得了2021欧国联冠军。#皇马发声力挺齐达内#,2023/1/9,33,2,212,皇马发声力挺齐达内
0,1,0,1,1,西甲-巴萨1-0客胜马竞3分领跑 登贝莱一击制胜第22分钟，佩德里前场1V3强行突破后分球，加维横传右路空当，登贝莱推射球门远角得手，巴萨1-0领先；第62分钟，孔德后场长传发动进攻，登贝莱禁区右侧推射，皮球被马竞球员封堵后击中球门立柱。第73分钟，巴萨开出前场右侧角球，阿劳霍、孔德完成头球接力，替补登场的托雷斯胸部停球劲射破门；可惜托雷斯越位在先，进球被判无效。下半场补时第2分钟，托雷斯与萨维奇扭打在一起，主裁判向双方出示红牌，将二人集体罚出场外。下半场补时第4分钟，科雷亚右路低平球横扫门前，格列兹曼的射门越过特尔施特根，阿劳霍上演门线解围力保城门不失。#西甲##巴萨1比0马竞##萨维奇染红#,2023/1/9,16,0,102,"西甲,巴萨1比0马竞,萨维奇染红"
0,1,0,1,1,意甲-罗马2-2绝平米兰 亚伯拉罕补时救主第30分钟，托纳利助攻卡卢卢首开纪录，米兰1-0领先；第77分钟，莱奥助攻波贝加再下一城，米兰2-0领先；第87分钟，佩莱格里尼利用角球机会助攻伊巴涅斯扳回一球，罗马1-2落后；下半场补时第3分钟，罗马利用前场右路任意球机会传中，马蒂奇近距离头球攻门被塔塔鲁萨努扑出，亚伯拉罕机警补射破门，罗马2-2绝平米兰！#意甲##米兰2比2罗马##亚伯拉罕补时绝平#,2023/1/9,13,1,1,"意甲,米兰2比2罗马,亚伯拉罕补时绝平"
0,1,0,1,1,足总杯-曼城4-0淘汰切尔西  马赫雷斯双响第23分钟，马赫雷斯任意球直接破门，曼城1-0领先！第30分钟，哈弗茨禁区内手球送点，阿尔瓦雷斯点射命中，曼城2-0领先！第38分钟，沃克助攻福登破门扩大领先优势，曼城4-0领先！第85分钟，库利巴利禁区内放倒福登送点，马赫雷斯点射破门，曼城4-0锁定胜局！#足总杯##曼城4比0切尔西##曼城三杀切尔西#,2023/1/9,16,8,215,"足总杯,曼城4比0切尔西,曼城三杀切尔西"
0,1,0,1,4,上海外滩梅西世界杯夺冠主题灯光秀 PP体育的微博视频 ,2023/1/8,980,77,7,
0,1,0,1,1,官方消息，斯卡洛尼当选IFFHS（国际足球历史和统计联合会）评选2022年度最佳国家队教练。具体排行：（教练 执教国家队 评分）1、斯卡洛尼 阿根廷 240分2、德尚 法国 45分3、雷格拉吉 摩洛哥 30分4、达利奇 克罗地亚 20分5、森保一 日本 15分6、范加尔 荷兰 10分6、伯哈尔特 美国 10分8、勒纳尔 沙特阿拉伯 5分9、蒂特 巴西 5分10、本托 韩国 5分,2023/1/8,26,8,0,
0,1,0,1,1,足协杯1/4决赛次回合，上海海港4-0成都蓉城，两回合总比分8-0晋级四强。上半场，武磊头球顶空门得手。下半场，刘祝润、奥斯卡、阿布拉汗先后进球。 #上海海港晋级足协杯4强##奥斯卡传射##武磊破门# ,2023/1/8,15,8,1,"上海海港晋级足协杯4强,奥斯卡传射,武磊破门"
0,1,0,1,1,足协杯1/4决赛次回合，浙江2-1双杀济南兴洲，总比分5-1晋级四强，半决赛将对阵海港vs蓉城的胜者。上半场，高迪补射为浙江队首开纪录；下半场，高迪接顾斌助攻单刀破门完成梅开二度，谭天澄破门扳回一球！ #济南兴洲1比2浙江队##浙江队晋级足协杯4强##高迪梅开二度# ,2023/1/8,9,0,0,"济南兴洲1比2浙江队,浙江队晋级足协杯4强,高迪梅开二度"
0,1,0,1,1,足协杯半决赛次回合成都蓉城vs上海海港首发出炉，奥斯卡回归首发，武磊首发，海港三外援对阵蓉城全华班。上海海港首发：1-颜骏凌、32-李帅、13-魏震、15-李申圆、21-于海、8-奥斯卡、16-徐新、25-买提江、7-武磊、9-保利尼奥、24-巴尔加斯成都蓉城首发：13-胡靖、15-吴贵超、18-闵俊麟、21-孟俊杰（U21）、22-胡星宇（U21）、23-冉伟枫（U21）、27-刘斌、31-杨挺、37-韩轩、66-周耘屹、77-戴文豪,2023/1/8,8,2,1,
0,1,0,1,1,足总杯-利物浦2-2狼队 阿利松失误送大礼第26分钟，利物浦后场传倒球出现失误，格德斯禁区内抢断阿利松后打空门得手，狼队客场1-0取得领先！第45分钟，阿诺德中场右侧45度传中，努涅斯轻松推射破门，利物浦1-1扳平比分！第52分钟，加克波前场左路45度传中，托蒂-戈麦斯头球解围失误，不慎顶向自己球门，萨拉赫停球射门一气呵成，利物浦2-1反超比分！第66分钟，黄喜灿斜塞左肋空当，库尼亚倒三角回传，黄喜灿抢前点破门，狼队2-2扳平比分！第81分钟，狼队利用角球机会发起进攻，努内斯禁区左侧低平球传中被挡，黄喜灿斜传右路，托蒂-戈麦斯脚后跟破门。经过VAR审核，认定努内斯接球瞬间越位，进球被判无效。全场战罢，利物浦2-2战平狼队，两队将移师狼队主场择日重赛。#利物浦2比2狼队##阿利松低级失误##努涅斯破荒#,2023/1/8,18,2,206,"利物浦2比2狼队,阿利松低级失误,努涅斯破荒"
0,1,0,1,1,补时绝平！意甲-蒙扎2-2逼平国米第10分钟，巴斯托尼前场左路45度传中，迪马尔科斜插抢点破门，国米1-0领先！第11分钟，佩西纳前场右路连续晃动后横传至禁区，丘里亚禁区右侧搓射球门远角得手，蒙扎1-1扳平比分！第22分钟，蒙扎后场传倒球出现失误，劳塔罗前场抢断马里推射空门得手，国米2-1再次取得领先！第81分钟，阿斯拉尼主罚前场左侧任意球传中，阿切尔比头球破门，主裁判认定攻方犯规在先，进球被判无效。第84分钟，巴斯托尼左路内切突入禁区，劳塔罗兜射球门远角击中球门立柱。下半场补时第3分钟，丘里亚右路45度传中，卡尔迪罗拉头球破门，蒙扎2-2绝平国米！#国米2比2蒙扎#,2023/1/8,12,5,1,国米2比2蒙扎
0,1,0,1,1,意甲-尤文1-0绝杀乌迪内斯豪取8连胜第19分钟，迪马利亚主罚前场左侧任意球传中，鲁加尼头球攻门被对方门将神勇扑出。第51分钟，迪马利亚前场连续晃动后射门被挡，米雷蒂胸部停球后挑球，小基恩凌空抽射稍稍高出横梁。第86分钟，帕雷德斯中路过顶斜长传打乌迪内斯身后，小基耶萨胸部停球后将皮球打向后点，达尼洛打空门得手，尤文1-0绝杀对手！#尤文1比0乌迪内斯##尤文意甲8连胜#,2023/1/8,40,7,3,"尤文1比0乌迪内斯,尤文意甲8连胜"
0,1,0,1,1,西甲-皇马客场1-2不敌黄潜遭遇新年首败 本泽马点射难救主第5分钟，杰拉德-莫雷诺分球左路，阿尔贝托-莫雷诺低平球横扫门前，科克兰脚后跟射门击中远端球门立柱。第47分钟，费兰-门迪后场出球被断，杰拉德-莫雷诺斜塞左路空当，皮诺停球劲射破门，比利亚雷亚尔1-0领先！第56分钟，皇马挑传禁区，维尼修斯低平球横传门前，本泽马推射空门被对方后卫用身体挡出底线。主裁判经过视频助理裁判提醒，到场边观看视频回放后认定福伊特在禁区内手球犯规，判给皇马点球。本泽马骗过雷纳，将皮球射入球门右下角，皇马1-1扳平比分！第61分钟，福伊特前场直塞，阿拉巴意外滑倒，皮球击中阿拉巴手臂，主裁判果断判罚点球。杰拉德-莫雷诺主罚点球命中，比利亚雷亚尔2-1再次取得领先！下半场补时第9分钟，皇马获得角球机会，库尔图瓦冲入对方禁区参与进攻。黄潜成功防守后顺势发动快速反击，丹朱马35码外超远距离推射空门打偏。#皇马1比2黄潜##皇马后防天团#,2023/1/8,13,4,0,"皇马1比2黄潜,皇马后防天团"
0,1,0,1,1,足总杯第3轮，热刺1-0击败朴茨茅斯，晋级足总杯第4轮，凯恩打进制胜球。 ,2023/1/7,17,3,0,
0,1,0,1,1,今日西班牙足协官方公布了国王杯1/8决赛的抽签结果，皇马遭遇比利亚雷亚尔，巴萨则将与西班牙第三级别联赛球队休达交手。具体对阵情况如下：休达VS巴塞罗那莱万特VS马竞希洪竞技VS瓦伦西亚阿拉维斯VS塞维利亚贝蒂斯VS奥萨苏纳比利亚雷亚尔VS皇马皇家社会VS马洛卡毕尔巴鄂竞技VS西班牙人 ,2023/1/7,7,1,1,
0,1,0,1,1,切尔西一线队10人受伤，只差一名中后卫组成433…切尔西官方消息，球队门将门迪训练中手指骨折，已成功接受手术。此前门迪还有肩部伤势。切尔西伤病情况门将：门迪（肩部+手指）后卫：奇尔维尔（腿筋）、福法纳（膝盖）、里斯-詹姆斯（膝盖）中场：芒特（撞伤）、坎特（腿筋）、奇克（小腿）前锋：普利西奇（膝盖）、布罗亚（十字韧带）、斯特林（腿筋）,2023/1/7,35,10,7,
0,1,0,1,1,足协杯1/4决赛次回合，山东泰山3-0武汉三镇，两回合总比分6-1晋级四强。上半场，杨阔送点，莫伊塞斯主罚命中，孙准浩任意球世界波。下半场，孙准浩助攻，莫伊塞斯双响。#山东泰山晋级足协杯4强##武汉三镇0比3山东泰山##中国足协杯# ,2023/1/7,9,1,0,"山东泰山晋级足协杯4强,武汉三镇0比3山东泰山,中国足协杯"
0,1,0,2,1,官方：法国队主帅德尚续约至2026年官方公告：“法国足协及其主席诺埃尔-勒格拉埃很高兴地宣布迪迪埃-德尚在法国队的任期延长至2026年6月。“德尚于2012年7月9日由勒格拉埃任命，他率领国家队139场比赛取得89胜28平22负的出色战绩，攻入279球，失119球。“在他的带领下，法国队夺得2018年世界杯冠军、2021年欧洲国家联赛冠军、打进2016年欧洲杯决赛和2022年世界杯决赛，目前FIFA排名世界第三，过去五年一直在FIFA排名前四。“德尚的助手盖伊-斯蒂芬、门将教练弗兰克-拉维奥和体能教练西里尔-莫因也将继续他们在法国队的使命。”,2023/1/7,23,5,3,
0,1,0,1,1,"足协杯1/4决赛次回合，上海申花2-0沧州雄狮,总比分7-1双杀沧州雄狮晋级四强！上半场，何龙海助攻费尔南多为申花取得领衔。下半场，齐龙错失单刀，补时阶段，杨泽翔破门锁定胜局！ ",2023/1/7,5,0,0,
0,1,0,1,1,官方消息，梅西当选IFFHS评选2022年度组织核心，这也是梅西第五次当选（哈维曾在2007年至2011年当选过四次）。此前，梅西在2015、2016、2017、2019年四次当选年度组织核心。梅西2022年共打进35球，助攻30次，夺得世界杯冠军、欧美杯冠军、法甲冠军和法国超级杯。IFFHS2022年年度组织核心得分排名：1.梅西：170分2.莫德里奇：115分3.德布劳内：40分4.B费：25分5.格列兹曼：20分5.B席：20分7.埃里克森：10分7.塔迪奇：10分9.克罗斯：5分9.齐耶赫：5分,2023/1/7,29,9,2,
0,1,0,1,1,据沙特媒体arriyadiyah独家消息，利雅得胜利与30岁的喀麦隆前锋阿布巴卡尔解约，完成C罗在一线队的注册。阿布巴卡尔与俱乐部的合同原本2024年夏天结束。利雅得胜利需要一名球员离开才能完成C罗的注册，俱乐部做出阿布巴卡尔离队的决定。利雅得胜利在昨天与阿尔泰的赛前，已经与喀麦隆前锋阿布巴卡尔终止合同。根据此前的报道，阿布巴卡尔收到了两个报价，一个来自曼联，一个来自费内巴切。,2023/1/7,29,8,1,
0,1,0,1,8,我没见过18岁的罗纳尔多，但我见过24岁的拉什福德北京时间1月7日4:00，足总杯第三轮，曼联坐镇主场迎战埃弗顿。上半场，拉什福德助攻安东尼破门。德赫亚出现严重失误，乌龙助攻考迪，埃弗顿扳平比分。下半场，拉什福德个人秀突破传中造成考迪自摆乌龙。伤停补时阶段，加纳乔造点，拉什福德点射锁定胜局。最终曼联3-1力克埃弗顿晋级下一轮。曼联#足总杯#,2023/1/7,35,9,209,足总杯
0,1,0,1,1,瓦斯科达伽马官方宣布，俱乐部同意将安德雷-桑托斯永久转会至切尔西。   现年18岁的安德雷-桑托斯在2021年代表瓦斯科达伽马完成首秀，成为球队本世纪最年轻的出场球员。    目前，安德雷-桑托斯代表瓦斯科达伽马一线队出场38次，打入8球。据此前媒体报道称，固定转会费为1250万欧，目前德国转会市场身价为1000万欧。,2023/1/6,15,6,211,
0,1,0,1,1,利雅得胜利首发：C罗无缘大名单 利雅得胜利首发：25-奥斯皮纳、2-哈纳姆、5-阿卜杜拉-阿姆里、21-阿尔瓦罗-冈萨雷斯、78-奥贾米、10-贡萨洛-马丁内斯、14-纳吉、17-哈巴利、18-古斯塔沃、94-塔利斯卡、77-马沙里波夫利雅得胜利替补：33-阿卜杜拉、4-法蒂尔、20-曼苏尔、27-马吉德、8-苏莱西姆、19-哈桑、23-叶海亚、29-加里卜、30-阿利瓦据沙特媒体报道，由于沙特联赛限定8名外援的上限，需要有一名球员离开利雅得胜利，C罗才能完成注册，而在注册后C罗还需要执行两场禁赛处罚才能迎来首秀。#c罗无缘大名单#,2023/1/6,44,11,2,c罗无缘大名单
0,1,0,1,1,利物浦主帅克洛普确认范戴克将伤缺几周甚至一个多月“范戴克对我们来说是一个很大的打击，他并没有感觉到很痛苦。实际上，我把他撤了下来，最后的诊断结果相当严重。几周，或者一个多月，希望能快点结束。这是肌肉的问题，没什么不同，在那一刻，有一次过度的冲刺导致的。” ,2023/1/6,11,2,1,
0,1,0,1,1,IFFHS公布了2022年年度世界最佳门将，皇马和比利时门将库尔图瓦凭借出色表现当选。1.库尔图瓦：（比利时，125分）2.大马丁：（阿根廷，110分）3.布努：（摩洛哥，55分）4、利瓦科维奇（克罗地亚，30分）5、洛里（法国，25分）6、什琴斯尼（波兰，15分）7、奥布拉克（斯洛文尼亚，10分）/阿利森（巴西，10分）并列9、皮克福德（英格兰，5分）/迈尼昂（法国，5分）并列,2023/1/6,13,5,1,
0,1,0,1,2,R.I.P.意大利名宿维亚利因胰腺癌去世 享年58岁#维亚利去世# 维亚利在2017年患上胰腺癌，2022年12月14日，维亚利宣布将专注于克服疾病，暂时离开意大利国家队。12月20日，多家媒体报道他的病情恶化，在伦敦住院。维亚利球员时期司职前锋，1984-1992年效力桑普多利亚，出场328次，打进141球。另外，维亚利还曾效力于尤文图斯、克雷莫内塞和切尔西，在1996年作为队长率领尤文赢得欧冠冠军。国家队生涯中，维亚利为意大利队出场59次，打进16球。2019年10月，维亚利出任意大利国家队领队，在2021年随队赢得欧洲杯冠军。,2023/1/6,14,9,15,维亚利去世
0,1,0,2,1,比利时媒体HLN消息，亨利私下告知比利时足协，他希望成为新的国家队主帅。据HLN透露，亨利还没有正式申请。2016年8月，亨利出任比利时国家队助理教练。亨利还担任过天空体育的分析师。 2018年10月至2019年1月，亨利担任摩纳哥足球俱乐部主帅。 2019年11月至2021年2月，亨利担任美国大联盟蒙特利尔冲击足球俱乐部主帅。2021年8月30日，比利时国家队官方宣布亨利将继续在比利时国家队教练组任职。,2023/1/6,10,4,2,
0,1,0,1,2,正在美国行的足球球星姆巴佩游览尼克宇宙乐园，与忍者神龟米开朗基罗联动合照 ,2023/1/6,46,6,6,
0,1,0,1,1,切尔西签下摩纳哥后卫巴迪亚西勒 合同至2030年切尔西官方宣布巴迪亚西勒完成了从摩纳哥转会到切尔西的永久转会，他与球队签下了一份7年半的合同。根据罗马诺的说法，巴迪亚西勒的转会费约为3800万欧元。巴迪亚西勒身高6英尺4英寸，是一名有空中优势后卫，但同样能自如地驾驭脚下的球，短传稳健，也能用更长的对角线传球完成转移。他的速度是一个关键的特点，能够胜任三中卫和四后卫阵型。切尔西,2023/1/5,17,7,209,
0,1,0,1,1,利雅得胜利官方：因雨后电力出现故障，今晚联赛推迟至明天进行，总裁首秀还要再等等北京时间1月5日傍晚，利雅得胜利官方宣布：由于雨后体育场出现电力故障，球队决定推迟今晚的比赛。如果上帝允许，明天周五比赛将顺利进行。据悉，比赛将推迟24个小时，将在北京时间1月6日24:00举行C罗 ,2023/1/5,47,13,2,
0,1,0,1,1,加尔蒂：梅西不会在法国杯中出场，他从未要求在主场举办庆祝活动巴黎将在周中的法国杯比赛中迎战沙托鲁，北京时间1月5日傍晚，巴黎主帅加尔蒂出席了赛前新闻发布会，他表示梅西不会在明天的比赛中出场。加尔蒂表示：很明显，梅西明天不会上场。我们确保他为下一场比赛做好了准备，我们在沟通后看看他在恢复过程中感觉如何。巴黎圣日耳曼梅西,2023/1/5,30,1,107,
0,1,0,1,1,足协杯-浙江3-0济南兴洲 高迪世界波赵博2扑点球足协杯1/4决赛首回合，浙江迎战济南兴州。上半场高迪世界波破门，成源主罚点球被赵博扑出，下半场姚均晟和王东升先后破门，赵博扑出祝一帆点球，最终浙江队3-0击败济南兴洲，次回合将于1月8日进行。#足协杯##浙江FC##济南兴洲# ,2023/1/5,10,2,111,"足协杯,浙江FC,济南兴洲"
0,1,0,1,1,足协杯-海港4-0蓉城占得先机 武磊传射王燊超吕文君建功足协杯1/4决赛首回合，上海海港对阵成都蓉城，海港三外援对阵全华班，上半场卡隆助攻王燊超打破场上僵局，蒋光太头球中柱，半场战罢海港1-0领先。下半场易边再战，吕文君头球建功，替补登场的武磊助攻卡隆破门，伤停补时阶段武磊攻入锁定比分的进球，最终上海海港4-0成都蓉城，两回合比赛占得先机。#足协杯#上海海港,2023/1/5,10,3,106,足协杯
0,1,0,2,3,北方某俱乐部总经理李某被带走？国安官博晒李明工作照“辟谣”据国安俱乐部官博报道，今天国安俱乐部总经理李明来到训练基地考察，为新赛季球队保障进行准备工作。李明带领相关俱乐部团队今天来到训练基地考察，为新赛季球队保障进行准备工作。2023年，国安俱乐部将进一步提升训练场地质量，完善训练设施数量，为一队及各青训梯队提供支持。近期，媒体人冉雄飞透露李铁事发后，有关的北方某俱乐部总经理李某和南方某俱乐部丁总据传被带走协助调查。而国安俱乐部公布李明今天的动向，则驳斥了“北方某俱乐部总经理李某被带走”的传闻。#国安#,2023/1/5,23,9,3,国安
0,1,0,1,9,B/R动画-C罗：我在欧洲的工作已经完成 我赢得了一切 PP体育的微博视频 ,2023/1/5,20,5,3,
0,1,0,1,1,国王杯-巴萨加时4-3城际CF 登贝莱挑射拉菲尼亚、法蒂破门#巴萨# PP体育的微博视频 ,2023/1/5,9,6,3,巴萨
0,1,0,1,1,苏亚雷斯亮相格雷米奥，受到5万球迷欢迎。 PP体育的微博视频 ,2023/1/5,44,5,3,
0,1,0,1,1,维拉门将马丁内斯英超赛前展示世界杯金手套，球迷起立鼓掌。 PP体育的微博视频 ,2023/1/5,212,22,4,
0,1,0,1,9,名记：恩佐谈判告吹 本菲卡告知蓝军必须一次付清1.2亿欧TyC记者César Luis Merlo独家消息，切尔西与本菲卡就恩佐的谈判已经破裂，在几天的谈判后，本菲卡已经放弃以非解约金的方式出售恩佐。该记者称，本菲卡已经告知切尔西，想买恩佐就必须付1.2亿欧违约金，并且必须一次性付清。 ,2023/1/5,55,20,111,
0,1,0,1,1,意甲第16轮，国米1-0送那不勒斯联赛首败。哲科头槌制胜，迪马尔科献助攻。那不勒斯遭遇本赛季联赛首败，11连胜遭终结。 ,2023/1/5,24,2,110,
0,1,0,1,1,国王杯-皇马客场1-0卡塞雷诺晋级 罗德里戈一击制胜 #国王杯# ,2023/1/4,17,2,109,国王杯
0,1,0,1,1,英超第19轮，曼联3-0伯恩茅斯取4连胜。上半场卡塞米罗首开纪录，范德贝克伤退，下半场卢克-肖扩大比分，德赫亚救险，拉什福德连场破门。 #曼联3-0伯恩茅斯# ,2023/1/4,13,1,109,曼联3-0伯恩茅斯
0,1,0,1,1,亮相仪式结束后，C罗开始了在利雅得胜利的第一次训练。 PP体育的微博视频 ,2023/1/4,114,20,2,
0,1,0,1,1,C罗正式亮相利雅得胜利！ PP体育的微博视频 ,2023/1/4,74,10,7,
0,1,0,1,1,C罗：我在欧洲有很多机会，有巴西、美国、葡萄牙球队想要签下我C罗出席亮相仪式发布会，他表示：到目前为止，我感觉非常好。我很自豪在我的人生中做出了这个重大的决定。在欧洲，我的工作已经完成了。我赢得了一切，我效力过欧洲最重要的球队。对我来说，现在是新的挑战。对于我来说，这是一个很好的机会，不仅是为了足球同时也是为了改变下一代的心态。我在欧洲有很多机会，还有巴西、澳大利亚、美国和葡萄牙的俱乐部，他们尝试签下我，但是我给了这家俱乐部承诺，不仅是帮助他们发展足球方面，还有这个美妙的国家的其他部分。我知道我想要的，这是一个这是帮助成长和加分的好机会。我真的不担心人们怎么说。 我真的非常高兴来到这里。我知道（沙特）联赛竞争非常激烈，我已经看了很多场比赛。如果教练认为有机会的话，我希望球队下一场比赛就能登场，我已经准备好继续职业生涯了。我是一名独一无二的球员，来到这非常好。我在那里（欧洲）打破了所有纪录，我想在这里也打破一些纪录。这份合同很特别，但我也是一个很特别的球员，所以这对我来说很正常。,2023/1/4,75,32,114,
0,1,0,1,1,C罗抵达沙特利雅得，体检完成。 ,2023/1/3,26,5,2,
0,1,0,1,9,一顿操作猛如虎，仔细一看原地杵！日本全国高等学校足球锦标赛惊现奇葩任意球配合 PP体育的微博视频 ,2023/1/3,50,27,119,
0,1,0,1,1,五大联赛2022年度点球进球榜：本泽马8球最多1.本泽马（皇家马德里，8球）2.塔迪厄（特鲁瓦，7球）3.帕耶（马赛，6球）4.哈兰德（曼城，多特蒙德，6球）5.本耶德尔（摩纳哥，6球）6.格里福（弗赖堡，6球）7.伊万-托尼（布伦特福德，6球）8.因西涅（那不勒斯，多伦多FC，5球）9.德洛尔（尼斯，5球）10.伊格莱西亚斯（皇家贝蒂斯，5球）,2023/1/3,35,13,107,
0,1,0,1,3,在签下C罗后，利雅得胜利的Instagram账号粉丝暴涨9倍：由原来的86万增长至630万，且这一数字仍在持续增长之中。利雅得胜利社媒的粉丝数已超过了那不勒斯、罗马、埃弗顿等欧洲五大联赛知名俱乐部。利雅得胜利：630万罗马：520万帕尔梅拉斯：430万那不勒斯：330万埃弗顿：280万马赛：260万西汉姆联：230万勒沃库森：210万塞维利亚：180万纽卡斯尔：130万#C罗加盟让利雅得胜利粉丝数暴涨# #c罗加盟后利雅得粉丝暴涨9倍#,2023/1/3,586,165,8,"C罗加盟让利雅得胜利粉丝数暴涨,c罗加盟后利雅得粉丝暴涨9倍"
0,1,0,1,1,盘点2022年五大联赛每月进球最多的球员1月：本耶德尔（摩纳哥，6球）2月：于纳尔（赫塔费，6球）3月：莱万多夫斯基（拜仁，7球）4月：本泽马（皇家马德里，10球）5月：孙兴慜（热刺，6球）6月：梅西（巴黎圣日耳曼，5球）7月：小图拉姆（门兴，3球）8月：哈兰德（曼城，9球）9月：莱万多夫斯基（巴塞罗那，7球）10月：哈兰德（曼城，8球）11月：舒波-莫廷（拜仁慕尼黑，6球）12月：姆巴佩（巴黎圣日耳曼，6球）,2023/1/3,12,3,107,
0,1,0,1,8,盘点2019年夏窗以来英超六强2000万镑以上的重磅引援谁是水货？谁物超所值？ ,2023/1/3,10,9,3,
0,1,0,1,1,吐饼狂魔！努涅斯本赛季错失良机盘点 四分钟集锦一次看个够#英超错失机会榜努涅斯居首# #努涅斯射门转化率# PP体育的微博视频 ,2023/1/3,80,40,339,"英超错失机会榜努涅斯居首,努涅斯射门转化率"
0,1,0,1,1,英超错失机会榜：努涅斯萨拉赫前二 努涅斯射门转化率不足10%据ESPN数据统计，本赛季英超错失重大机会球员中，努涅斯16次位列第一，萨拉赫12次位居第二。另外，据Opta统计，在本赛季英超联赛射门数超过30次的球员中，努涅斯的射门转化率仅有9.1%，位列倒数第五。努涅斯全部55次射门，仅打入了5粒联赛进球。#英超错失机会榜努涅斯居首# #努涅斯射门转化率#,2023/1/3,23,21,4,"英超错失机会榜努涅斯居首,努涅斯射门转化率"
0,1,0,1,1,外媒盘点梅西2023年可以解锁的新里程碑：生涯800球+国家队100球生涯800球（还差7球）俱乐部700球（还差5球）俱乐部300助攻（还差3次）俱乐部参与1000球（还差8球）联赛500球（还差13球）国家队100球（还差2球）#梅西2023年有望达成的里程碑# ,2023/1/3,61,4,219,梅西2023年有望达成的里程碑
0,1,0,1,2,高清大图！C罗一家抵达沙特 接受小球迷献花并合影#C罗抵达沙特##小球迷献花欢迎C罗# ,2023/1/3,23,4,1,"C罗抵达沙特,小球迷献花欢迎C罗"
0,1,0,1,1,英超-利物浦1-3布伦特福德 科纳特乌龙+失误送礼#布伦特福德3比1利物浦# #布伦特福德队史首胜利物浦# #科纳特乌龙球# PP体育的微博视频 ,2023/1/3,17,0,113,"布伦特福德3比1利物浦,布伦特福德队史首胜利物浦,科纳特乌龙球"
0,1,1,2,1,蜇人的蜜蜂！布伦特福德本赛季对阵BIG6取得3胜2平1负的成绩布伦特福德4-0曼联布伦特福德0-3阿森纳布伦特福德0-0切尔西曼城1-2布伦特福德布伦特福德2-2热刺布伦特福德3-1利物浦#布伦特福德3比1利物浦##布伦特福德队史首胜利物浦# ,2023/1/3,34,11,3,"布伦特福德3比1利物浦,布伦特福德队史首胜利物浦"
0,1,0,1,1,法甲-朗斯3-1送巴黎赛季首败 姆巴佩哑火第5分钟，索托卡右路传中打向后点，海达拉左脚垫向中路，多纳鲁马出击打了一下皮球，弗兰科夫斯基左脚射门得分，朗斯1-0领先！第8分钟，巴黎前场左侧大范围转移，穆基莱抢在皮球出底线前完成传中，桑巴未能抱住皮球，埃基蒂克推射扳平比分，巴黎1-1！第28分钟，塞科-福法纳后场摆脱后送出手术刀直塞，拉莫斯拦截失败，奥蓬达扣过铲抢的马尔基尼奥斯，轻松推射破门，朗斯2-1再次取得领先！第48分钟，朗斯前场抢断法比安-鲁伊斯，奥蓬达脚后跟磕球助攻克劳德-毛里斯再下一城，朗斯3-1领先！#巴黎赛季联赛首败##大巴黎0-1朗斯#,2023/1/2,32,19,322,"巴黎赛季联赛首败,大巴黎0-1朗斯"
0,1,0,1,1,英超-切尔西1-1客平森林近7轮仅1胜 斯特林破门第16分钟，普利希奇左路突破后传中，博利在哈弗茨的干扰下脚后跟解围不慎踢中自家球门横梁，斯特林凌空扫射破门，切尔西1-0领先！第55分钟，耶茨右路低平球回传大禁区边缘附近，吉布斯-怀特迎球怒射，皮球击中球门横梁。第63分钟，吉布斯-怀特主罚前场左侧角球传中，哈弗茨头球解围不远，博利抢下第二点，奥里耶胸部停球凌空抽射打穿凯帕小门，诺丁汉森林1-1扳平比分！#诺丁汉森林1比1切尔西##切尔西近7轮仅1胜#,2023/1/2,8,0,105,"诺丁汉森林1比1切尔西,切尔西近7轮仅1胜"
0,1,0,1,1,英超联赛第18轮，热刺0-2阿斯顿维拉两轮不胜。下半场，洛里扑救脱手，沃特金斯助攻布恩迪亚破门，道格拉斯-路易斯推射扩大比分。 ,2023/1/2,8,5,108,
0,1,0,1,1,德转列合同年球员身价最高阵：梅西领衔，本泽马、德赫亚在列德转也盘点了将在今年迎来合同年的球星中，身价最高的11人阵容，其中梅西、本泽马、德赫亚、什克等球星在列。以下为具体阵容以及球员身价：门将：德赫亚（曼联，1500万欧）后卫：本瑟拜尼（门兴，2000万欧），恩迪卡（法兰克福，3200万欧），什克里尼亚尔（国米，6000万欧），塞梅多（狼队，1800万欧）中场：扎哈（水晶宫，3200万欧），若日尼奥（切尔西，3500万欧），蒂莱曼斯（莱斯特城，4000万欧），梅西（巴黎，5000万欧）前锋：小图拉姆（门兴，3200万欧），本泽马（皇马，3500万欧）,2023/1/1,10,2,216,
0,1,0,1,1,IFFHS国际赛事年度最佳射手：梅西IFFHS（国际足球历史和统计联合会）对2022年各球员在世界杯和洲际大赛为球队取得的进球数进行统计，其中梅西以22球居首，获得了IFFHS的国际赛事年度最佳射手。具体排名数据：（球员、俱乐部/国家队、俱乐部国际赛事进球，国家队进球，总进球）1、梅西 巴黎/阿根廷 4 18 222、姆巴佩 巴黎/法国 9 12 213、阿尔瓦雷斯 河床、曼城/阿根廷 8 7 154、哈兰德 多特、曼城/挪威 5 9 145、马内 利物浦、拜仁/塞内加尔 6 8 146、莱万 拜仁、巴萨/波兰 9 4 137、佩德罗 弗拉门戈/巴西 12 1 138、肖穆罗多夫 罗马/乌兹别克斯坦 1 11 129、理查利森 埃弗顿、热刺/巴西 2 10 1210、萨拉赫 利物浦/埃及 8 4 1211、本泽马 皇马/法国 11 1 1212、吉鲁 米兰/法国 4 7 1113、加克波 埃因霍温/荷兰 6 5 1114、塔雷米 波尔图/伊朗 6 5 1115、阿布巴卡尔 利雅得胜利/喀麦隆 0 10 10,2023/1/1,88,22,5,
0,1,0,2,8,日媒：世界杯扩军是为了让中国参赛 中国企业是FIFA头号金主对于2026年世界杯扩军至48支球队，日本媒体“friday digital”发文点评认为，FIFA此举就是希望中国能够进入世界杯决赛圈。欧美不少强队中的很多人都反对扩军：“参赛国的增加会降低比赛的质量。”也有很多人表示：“扩军是为了让中国队出线的愚蠢策略。”正如川渊三郎所说的那样，中国队自从2002年世界杯后已经连续无缘，而且越是强化投入，队伍的实力就更羸弱。在此次卡塔尔世界杯上，中国企业出资近14亿美元，是上届俄罗斯世界杯的两倍，超过了美国企业的11亿美元，位居世界之首。,2023/1/1,66,39,112,
0,1,0,2,1,英超最新积分榜：阿森纳7分领跑 曼联首进前四英超联赛第18轮已经结束8轮比赛，BIG6中只剩下热刺和切尔西还没出战。本轮排名积分榜次席的曼城，和第三名的纽卡斯尔联同时打平，领头羊阿森纳用一场胜利将积分榜的优势扩大至7分。客胜狼队的曼联反超热刺2分，本赛季首次跻积分榜前四。英超前六名最新排名：1.阿森纳：43分2.曼城：36分3.纽卡斯尔联：34分4.曼联：32分5.热刺：30分6.利物浦：28分,2023/1/1,33,6,315,
0,1,0,1,1,官方：苏亚雷斯自由身加盟格雷米奥 双方签约至2024年12月北京时间2023年1月1日凌晨，巴甲俱乐部格雷米奥官方宣布，35岁的乌拉圭前锋苏亚雷斯以自由球员的身份加盟球队，双方签约至2024年12月，苏亚雷斯将身披球队9号战袍。#苏亚雷斯加盟格雷米奥# ,2023/1/1,20,1,215,苏亚雷斯加盟格雷米奥
0,1,0,1,1,英超-阿森纳4-2布莱顿7分领跑 厄德高传射建功比赛开始仅仅66秒，马丁内利左路内切射门被对方封堵，萨卡补射破门，阿森纳1-0领先；第39分钟，厄德高凌空斩在下一城，阿森纳2-0领先；第47分钟，马丁内利禁区左侧小角度射门被对方门将扑出，恩凯蒂亚机警补射破门，阿森纳3-0领先；第65分钟，吉尔摩中场斜传找找到格罗斯，格罗斯直塞助攻三笘薫扳回一球，经过VAR审核没有越位，进球有效，布莱顿1-3落后；第71分钟，厄德高助攻马丁内利破门，阿森纳4-1领先；第77分钟，邓克后场长传发动进攻，替补登场的埃文-弗格森抓住萨利巴的失误推射破门，布莱顿2-4落后；第89分钟，三笘薫左路内切低射破门，可惜越位在先，进球被判无效。#阿森纳4-2布莱顿#,2023/1/1,12,3,1,阿森纳4-2布莱顿
0,1,0,1,1,英超-曼城1-1埃弗顿 哈兰德破门！格雷世界波第24分钟，格拉利什左路横传找到马赫雷斯，马赫雷斯禁区内连续过人后送出低平球传中，哈兰德轻松推射破门，曼城1-0领先！第44分钟，曼城获得前场右侧任意球机会，马赫雷斯假跑，德布劳内任意球传中，斯通斯头球攻门击中立柱。第64分钟，罗德里中场传球被断，格雷左路带球长驱直入直奔禁区，格雷转身内切后兜射球门远角得手，埃弗顿1-1扳平比分！下半场补时第13分钟，马赫雷斯开出战术角球随后传中，罗德里甩头攻门偏出，曼城错失绝杀。#曼城1-1埃弗顿##哈兰德15场21球#,2023/1/1,5,4,3,"曼城1-1埃弗顿,哈兰德15场21球"
0,1,0,1,1,西甲第15轮，巴萨1-1西班牙人。上半场，马科斯-阿隆索头球接力斩获西甲首球。下半场马科斯-阿隆索送点，何塞卢点射扳平，之后阿尔巴两黄变一红被罚出场，随后卡夫雷拉与维尼修斯-索萨先后领到红牌，但裁判观看VAR后取消了卡夫雷拉的红牌。 ,2022/12/31,7,2,0,
0,1,0,1,1,英超联赛第18轮，曼联1-0狼队迎3连胜升至积分榜第4。上半场，加纳乔失单刀。下半场，拉什福德替补上场推射破门制胜。 #曼联1-0狼队# ,2022/12/31,9,0,0,曼联1-0狼队
0,1,0,2,1,中超收官+新王加冕！武汉三镇捧起本赛季中超冠军奖杯#武汉三镇夺得中超冠军##三镇三年三冠# ,2022/12/31,118,28,4,"武汉三镇夺得中超冠军,三镇三年三冠"
0,1,0,2,1,广州客场0-1不敌梅州客家，以一场失利告别中超联赛，结束了12年的中超征程。赛后广州队谢场，球员和球迷都哭成泪人。 #广州队降级# ,2022/12/31,130,81,10,广州队降级
0,1,0,1,8,《马卡报》票选2022年世界最佳球员，梅西与姆巴佩会师决赛。决赛票选中，姆巴佩以56%得票率击败梅西，当选马卡报评选2022年度最佳球员。本泽马击败哈兰德获得第三。 ,2022/12/30,98,10,115,
0,1,0,1,1,AIPS（国际体育记者协会）官方宣布，梅西当选AIPS票选2022年度最佳运动员。共有来自113个国家/地区的420名记者参与投票，梅西以25.45%的得票率无悬念当选。35岁的梅西在今年男足世界杯打入7球助攻3次，率领阿根廷队夺得世界杯冠军，个人收获世界杯金球奖。最佳男运动员得票率TOP10：1、梅西（足球，阿根廷）：25.45%2、杜普兰蒂斯（撑杆跳高，瑞典）：9.87%3、姆巴佩（足球，法国）：9.68%4、本泽马（足球，法国）：7.88%5、克里什托夫（游泳，匈牙利）、维斯塔潘（F1，荷兰）：5%7、基普乔格（长跑，肯尼亚）：4.1%8、巴林特（皮划艇，匈牙利）：3.57%9、费德勒（网球，瑞士）：3.28%10、纳达尔（网球，西班牙）：3.12%,2022/12/30,59,11,336,
0,1,0,1,1,巴萨官方：经上诉 莱万能够在明天对阵西班牙人的比赛中出场。公告：马德里中央诉讼法院对此前体育行政法院提出的判罚采取临时措施，莱万明天将能够出战对阵西班牙人的比赛。世界杯前最后一场西甲，巴萨与奥萨苏纳的比赛中，莱万因肘击吃到本场第二张黄牌被罚下。 ,2022/12/30,36,11,112,
0,1,0,2,1,记者：中足联提出末轮两场争冠战延期 遭到国安率先反对出于公平竞赛考虑，加上还是希望中超联赛最后一轮能够顺利收官，通过比赛来决出最后的冠军归属，所以，中足联(筹备组)在12月28日提出了一个折中方案，即将原定于12月31日进行的武汉三镇队与天津津门虎队、山东泰山队与北京国安队的两场比赛延期进行，时间安排在明年1月4日进行。但方案一提出，首先遭到了北京国安的反对。因为如果要延期的话，第33轮国安队与上海海港队的那一轮比赛就应该延期，因为如果不弃权以0-3负计算的话，国安队至少还有机会去争夺今年联赛的第三名，哪怕是获得联赛的第四名，依然还有可能获得明年亚冠联赛的参赛资格（若足协杯赛冠军在联赛前三名队伍中产生）。中足联(筹备组)在28日首先召集相关的四家俱乐部即武汉三镇、山东泰山、北京国安、天津津门虎开会。会议期间，北京、天津以及武汉三家俱乐部明确表示反对，只有山东泰山队同意延期。但既然四家之中有三家明确反对，山东泰山也无法多说什么，不过，山东泰山随后提出了“今年中超联赛冠军由积分相同的两队并列分享”的动议。不过，这个“并列说”也遭到了反对。,2022/12/30,171,80,118,
0,1,2,1,1,阿奎拉尼2.0！米兰因强制买断条款拒用巴卡约科据《米兰体育报》通讯员Marco Pasotto的报道，巴卡约科本赛季只要代表米兰出场15次，就会自动触发1500万欧元的买断条款，这就是为什么皮奥利不想给他任何出场机会。这并不是米兰第一次因为这样的原因拒绝使用租借球员。早在2012年，为了不触发阿奎拉尼合同中出场25次强制买断的条款，米兰授意时任主帅阿莱格里不再使用阿奎拉尼，阿奎拉尼最终的出场次数定格在了24.5场（替补算半场）。,2022/12/30,15,7,228,
0,1,1,2,1,无敌升班马！武汉三镇三年连夺中乙、中甲、中超联赛冠军随着北京国安、天津津门虎在中超末轮弃赛，武汉三镇赢得联赛冠军，至此他们上演了三年连夺中乙、中甲、中超联赛冠军的“凯泽斯劳滕奇迹”。武汉三镇也成为了中国职业足球顶级联赛第10家冠军俱乐部（大连万达、上海申花、山东泰山、深圳队、长春亚泰、北京国安、广州队、上海海港、江苏队、武汉三镇）。#武汉三镇夺得中超冠军# #三镇三年三冠#,2022/12/30,157,61,11,"武汉三镇夺得中超冠军,三镇三年三冠"
0,1,0,2,1,最奇葩冠军诞生！国安津门虎弃权 三镇压泰山夺冠北京时间12月30日中午，中超联赛官方宣布，中超联赛末轮北京国安、天津津门虎均弃权，北京国安被判0-3负山东泰山，津门虎被判0-3负武汉三镇。武汉三镇凭借净胜球的优势力压山东泰山，夺得2022赛季中超联赛冠军。公告内容如下：因球员健康原因，北京国安足球俱乐部、天津津门虎足球俱乐部于12月28日分别向中超联赛委员会来函，申请原定于12月31日进行的2022中超联赛第34轮第300场山东泰山vs北京国安、第306场武汉三镇vs天津津门虎的比赛弃权。因两场比赛涉及本赛季中超联赛冠军归属，联赛委员会经与相关四家俱乐部会议沟通，根据2022中国足球协会超级联赛规程，现判定北京国安、天津津门虎本轮比赛弃权，分别计0:3负。相关材料将提交中国足协纪律委员会审议。根据2022中超联赛规程第二十四条相关规定，北京国安、天津津门虎足球俱乐部须赔偿相关方面因比赛取消所遭受的损失。具体赔偿方案将由中超公司核算并报中超公司董事会审议决定。#武汉三镇夺得中超冠军# #国安津门虎确定中超末轮弃赛#,2022/12/30,393,142,64,"武汉三镇夺得中超冠军,国安津门虎确定中超末轮弃赛"
0,1,1,1,1,你看到任何球员做的任何动作 贝利都是第一个做到的#球王贝利去世##致敬贝利# PP体育的微博视频 ,2022/12/30,165,24,38,"球王贝利去世,致敬贝利"
0,1,0,1,1,西甲-菲利克斯破门莫拉塔建功 十人马竞2-0九人埃尔切 PP体育的微博视频 ,2022/12/30,37,4,108,
0,1,0,1,2,贝利葬礼安排：球场举行遗体告别仪式 灵柩经过母亲家门据美国国家广播公司（NBC）报道，巴西“球王”贝利12月29日去世，享年82岁。随后，巴西桑托斯足球俱乐部发布消息称，贝利的葬礼将于1月3日举行。当地时间1月2日上午，贝利的灵柩将离开医院，被运送至圣保罗郊外的维拉贝尔米罗体育场，并放置在球场中心。遗体告别仪式将从2日上午10时开始，持续至3日上午10时。报道称，贝利曾在维拉贝尔米罗体育场踢过职业生涯中最棒的几场比赛。仪式结束后，运送灵柩的队伍将穿过桑托斯市的街道，并经过贝利母亲的家门口。贝利母亲现年100岁，她目前卧床不起，神志不清。最后，贝利将被安葬在桑托斯市的一座墓地，仪式仅有家庭成员参加。#贝利葬礼安排公布#,2022/12/30,24,2,0,贝利葬礼安排公布
0,1,1,1,8,缅怀球王！FIFA官方回顾贝利最伟大的世界杯瞬间#球王贝利去世# #82岁贝利去世# #致敬贝利# PP体育的微博视频 ,2022/12/30,28,3,11,"球王贝利去世,82岁贝利去世,致敬贝利"
0,1,0,1,2,贝利生平贝利，全名埃德松-阿兰特斯-多-纳西门托，1940年10月23日出生于巴西特雷斯科拉松伊斯，巴西著名足球运动员，司职前锋，被国际足联誉为“球王”。1956年，贝利于桑托斯足球俱乐部开始职业生涯，期间获得2次南美解放者杯冠军、2次洲际杯冠军、6次巴西全国锦标赛冠军，11次圣保罗州足球甲级联赛冠军。1957年，贝利入选巴西国家队，代表巴西队参赛92场打进77球，夺得1958、1962、1970年三届世界杯冠军，为巴西永久保留雷米特杯，成为唯一曾三夺世界杯冠军的球员。1971年7月，贝利宣布退出巴西队。1974年10月，贝利宣布退役。1975年，贝利在美国纽约宇宙足球俱乐部复出，并在1977年获得总冠军，同年10月再次宣布退役。贝利荣誉称号：1980年，贝利被法国《队报》联合多家报社评为“20世纪最佳运动员”。1999年，贝利被国际奥委会评为“20世纪最佳运动员之一”。2000年，贝利获首届劳伦斯终身成就奖。2001年，贝利被国际足联评为“20世纪最佳球员之一”。同年《法国足球》组织30位金球奖得主将其联选为最佳球员，亦被《时代周刊》列入20世纪最具影响力的100个人物。2012年，贝利被金足奖官方授予“史上最佳球员”称号。2013年，贝利获得首届荣誉金球奖。#球王贝利去世# #82岁贝利去世# #致敬贝利#,2022/12/30,57,6,121,"球王贝利去世,82岁贝利去世,致敬贝利"
0,1,0,1,2,北京时间12月30日凌晨，贝利经纪人证实贝利因病去世。随后贝利的女儿也确认了这一噩耗。#球王贝利去世##82岁贝利去世# ,2022/12/30,45,5,13,"球王贝利去世,82岁贝利去世"
0,1,0,1,1,法甲第16轮，巴黎2-1斯特拉斯堡，姆巴佩补时绝杀，内马尔掌掴+假摔两黄离场。上半场马尔基尼奥斯先拔头筹，内马尔助攻，下半场马尔基尼奥斯自摆乌龙，内马尔掌掴后假摔两黄离场，姆巴佩补时造点献绝杀。 ,2022/12/29,45,6,212,
0,1,0,1,1,英超联赛第17轮，曼城3-1利兹联，哈兰德双响。上半场罗德里补射破门，下半场哈兰德双响，格拉利什2助攻，斯特鲁伊克为利兹联扳回一城。 ,2022/12/29,15,1,108,
0,1,1,1,2,中超头牌的超长假结束了 ,2022/12/28,56,23,0,
0,1,0,1,2,意天空：C罗为3000平方米新豪宅寻找管家和厨师，月薪6000欧起意大利天空体育的消息，C罗正在为自己位于葡萄牙的新豪宅招聘管家以及厨师。该住宅距离里斯本约40分钟车程，占地总面积超过3000平方米，共有三层楼。住宅占地面积为2720平方米，主卧面积300平方米，附有一个544平方米的花园。总价值3000万欧元，配有游泳池、健身房、网球场、电影院、大型车库（可容纳20辆车）等。C罗目前正在寻找专业人士来管理房子，包括一名管家和一名厨师，月薪6000欧起。,2022/12/28,61,28,108,
0,1,0,1,1,英媒：切尔西表态愿意支付恩佐1.2亿欧违约金，冬窗就完成转会伦敦标准晚报消息，切尔西已经向本菲卡表态，俱乐部愿意支付恩佐-费尔南德斯的1.05亿镑（约1.2亿欧元）解约金，以求冬窗就签下球员。据悉，恩佐同时也吸引了曼联和利物浦的关注，但两队都希望在明年夏天再出手签约，而切尔西意图抢先一步，冬窗就完成这笔破亿的转会。,2022/12/28,22,8,0,
0,1,0,1,5,麦卡利斯特：初次见梅西相当紧张 他是我的偶像也是世界最佳“我记得那时候，我还在博卡青年踢球，我们从阿根廷国内启程，应该是在西班牙参加一场友谊赛。我们抵达的时候，梅西正在吃晚饭。我走到桌边，双手颤抖着向他问好。我真的满头大汗。但那是一个非常棒的时刻。他是我的偶像，他是世界上最好的足球运动员。”麦卡利斯特接着透露，梅西之后在阿根廷队内告诉其他队友，不要再叫麦卡利斯特“生姜”的绰号：“以前大家都叫我‘Colo’，这在阿根廷是生姜的意思。我不太喜欢这个称呼，然后梅西在队内跟大家说，‘麦卡利斯特不喜欢被叫这个名字，所以，不要再这样叫他了。’”,2022/12/28,219,14,221,
0,1,0,1,1,英超积分榜：阿森纳7分领跑 曼联落后热刺1分暂居第五今晨英超第17轮，切尔西2-0胜伯恩茅斯，曼联3-0完胜诺丁汉森林。积分榜方面，阿森纳积40分居首，纽卡积33分第二，曼城积32分第三，热刺积30分第四，曼联积29分第五，利物浦积25分第六，切尔西积24分第八。 ,2022/12/28,8,5,1,
0,1,0,1,1,中超-斯坦丘任意球破门戴维森点射 武汉三镇2-0浙江重返榜首北京时间12月27日20点，中超第33轮补赛武汉三镇对阵浙江，上半场武汉三镇占据优势，斯坦丘补时阶段任意球直接破门，下半场戴维森错失单刀，他在补时阶段制造点球并亲自主罚命中。全场比赛结束，武汉三镇2-0浙江。本轮过后，武汉三镇和山东泰山同积75分，武汉三镇以5个净胜球的优势暂列榜首。末轮武汉三镇将对阵津门虎，泰山将对阵国安，比赛结果决定本赛季最终的冠军。,2022/12/27,18,9,0,
0,1,0,2,6,火爆！阿根廷三星球衣在阿根廷上线几分钟便被抢购一空足球装备网站Footy Headlines的报道，阿根廷三星球衣于当地时间12月26日在阿根廷开售，几分钟内便已售罄。阿迪达斯方面表示，目前是该球衣销售的初期阶段，第一批球衣现已售罄，库存将在当地时间本周以及接下来的几周内进行补充，以保证1-2月的销售。,2022/12/27,22,6,111,
0,1,0,2,10,"三镇球迷制作横幅声讨足协：还我马尔康 足协不解散永无出头之日北京时间12月27日傍晚，2022年中超联赛第33轮继续进行，武汉三镇迎战浙江队，根据记者王明浩的消息，武汉三镇球迷将响应俱乐部号召，共同声讨中国足协和足协领导。据悉，本场比赛赛前，武汉三镇球迷响应俱乐部号召制作各种横幅，如""还我马尔康""，""中国足协不解散，中国足球永无出头之日，陈戌源下课""。",2022/12/27,100,38,3,
0,1,0,2,10,李铁执掌过的广州恒大、河北华夏、武汉卓尔全部降级...中超第33轮结束了多场较量，本赛季三支降级球队全部确定，分别是河北队、广州队和武汉长江。这也意味着李铁执掌过的广州恒大（助教）、河北华夏、武汉卓尔全部降级。 ,2022/12/27,79,46,19,
0,1,0,2,1,中超降级球队确定：广州城提前1轮保级 武汉长江广州河北降级北京时间12月27日，2022年中超联赛第33轮展开较量，在涉及保级的比赛中，广州城3-0深圳，广州队1-4不敌长春亚泰，武汉长江1-3不敌成都蓉城。广州城提前1轮保级成功，武汉长江和广州队本轮同时输球，惨遭降级。 ,2022/12/27,12,3,103,
0,1,0,2,5,温格重回酋长球场，球迷为他歌唱。 PP体育的微博视频 ,2022/12/27,60,3,7,
0,1,0,1,1,TA：阿森纳为矿工前锋穆德里克报价6500万欧，对方要价1亿欧元TA表示，这份报价含4000万欧的预付款以及数额2500万欧元的附加条款。然而，据信这份报价低于顿涅茨克矿工的要价，他们公开希望的数字是1亿欧元。穆德里克现年21岁，这名炙手可热的锋线小将本赛季出战12场乌超，打进7球并有6次助攻。 ,2022/12/27,22,12,0,
0,1,0,2,1,中超官方公告，北京国安申请对上海海港的第33轮比赛弃权，被判0-3负。公告如下：因自身原因，北京国安足球俱乐部于12月27日晨向中超联赛委员会来函，申请原定于12月27日进行的2022中超联赛第33轮第289场，北京国安vs上海海港的比赛弃权。根据2022中国足球协会超级联赛规程，现判定北京国安本场比赛弃权，计0:3负。相关材料将提交中国足协纪律委员会审议。根据2022中超联赛规程第二十四条相关规定，北京国安足球俱乐部须赔偿相关方面因本场比赛取消所遭受的损失。具体赔偿方案将由中超公司核算并报中超公司董事会审议决定。,2022/12/27,34,21,210,
0,1,0,1,1,C罗转会？利雅得胜利主席：不是真的 大部分报道都不属实近日，利雅得胜利主席接受了采访，被问到了关于C罗是否已接近加盟的问题。利雅得胜利主席回答道：这不是真的，关于此事媒体上大部分报道都是不属实的。 ,2022/12/27,15,5,2,
0,1,0,1,1,#英超#【官方：利物浦签加克波达协议，总价5000万镑！】北京时间12月27日，埃因霍温官方消息，加克波加盟利物浦达协议！官方声明内容：埃因霍温已经与利物浦就加克波的转会达成一致。加克波将即刻前往英格兰，完成一应转会手续。记者罗马诺消息称，基础转会费3700万镑，加上浮动总价可达5000万镑。本赛季至今，加克波为埃因霍温出战24场比赛，贡献13粒进球和17次助攻。,2022/12/27,26,7,105,英超
0,1,0,1,1,【英超-萨卡破门马丁内利恩凯提亚建功 阿森纳3-1逆转西汉姆】北京时间12月27日凌晨4点整，2022-23赛季英超第17轮在酋长球场展开角逐，阿森纳坐镇主场迎战西汉姆。上半场本拉赫马点射首开纪录，下半场萨卡扳平，马丁内利反超比分，恩凯提亚锁定胜局，厄德高献两助。最终阿森纳主场3-1逆转西汉姆，枪手取得联赛4连胜。积分榜方面，阿森纳积40分，以7分优势继续领跑。,2022/12/27,6,0,1,
0,1,0,1,1,【英超-利物浦3-1阿斯顿维拉 萨拉赫传射范迪克巴伊切蒂奇建功】北京时间12月27日凌晨1:30，2022-23赛季英超联赛第17轮，利物浦客战阿斯顿维拉。上半场萨拉赫破门，范迪克建功；下半场沃特金斯扳回一城，替补上场的巴伊切蒂奇打进自己在利物浦一线队首球，最终利物浦客场3-1力克阿斯顿维拉。 ,2022/12/27,7,0,1,
0,1,0,1,1,英超-凯恩头球建功霍伊别尔破门 热刺客场2-2布伦特福德北京时间12月26日20:30，英超联赛第17轮布伦特福德主场迎战热刺的比赛，上半场雅内特补射破门先下一城，半场结束，布伦特福德1-0热刺。下半场伊万托尼垫射破门，凯恩头球扳回一城，霍伊别尔推射扳平，最终热刺客场2-2布伦特福德。 ,2022/12/26,5,1,0,
0,1,0,1,1,CBS：利雅得胜利已为C罗安排体检 球员甚至可以指定主帅人选北京时间12月26日，根据美国CBS的报道，雅得胜利已经为C罗安排体检。一位俱乐部消息人士透露，利雅得胜利已经安排了C罗的体检，他们正在努力完成与葡萄牙球星完成签约。据说他们已经为C罗和他的顾问预订了住宿，并且希望能在一月份转会窗口开启前完成交易。据了解，C罗与利雅得胜利合同的大致条款已经达成一致，这取决于他是否希望完成转会的手续。除了每周超过100万美元的薪水外，C罗还可以通过在沙特的肖像权交易赚到更多的钱。如果他签署协议，预计他将在沙特阿拉伯申办2030年世界杯的潜在竞标中发挥作用。在利雅得胜利，他将在俱乐部的运营中发挥巨大的作用，如果他愿意，甚至可以指定任命主教练。,2022/12/26,107,31,4,
0,1,0,1,1,热刺VS布伦特福德首发：佩里西奇、孙兴慜、凯恩出战，洛里替补北京时间20:30英超第17轮，热刺客场挑战布伦特福德，双方首发阵容已公布！热刺首发：20-福斯特、2-多赫蒂、15-戴尔、25-坦甘加、34-朗格莱、5-霍伊别尔、14-佩里西奇、38-比苏马、7-孙兴慜、10-凯恩、21-库卢塞夫斯基热刺替补：1-洛里、6-达文森-桑切斯、12-埃默森、33-本-戴维斯、4-斯基普、19-塞塞尼翁、29-佩普-萨尔、42-哈维-怀特、11-布莱恩-希尔布伦特福德首发：1-大卫-拉亚、3-里科-亨利、5-平诺克、13-赞卡、16-本-米、30-罗斯勒夫-拉斯姆森、6-诺尔高、8-延森、19-姆贝莫、27-雅内特、17-伊万-托尼布伦特福德替补：34-马修-考克斯、4-古德、18-彭图斯-扬森、10-约什-达席尔瓦、11-维萨、24-达姆斯高、7-卡诺斯、14-格多斯、23-刘易斯-波特,2022/12/26,9,0,105,
0,1,0,2,10,沪媒：武汉长江被李铁坑惨了，负债4亿外加被查出偷漏税本赛季中超联赛接近尾声，《五星体育》发文谈到了中超争冠、保级形势，并表示武汉长江受到李铁牵连，负债4亿外加被查出偷漏税。报道中表示，中超第33轮，河北队、天津津门虎及梅州客家3支球队因为受到疫情影响主动弃赛，这3场比赛将直接判定对手3-0取得胜利。其中梅州客家在对阵山东泰山的比赛中弃权，对争冠形势产生了直接的影响。山东泰山不但提前拿到了关键的3分，在积分榜上暂时领先武汉三镇3分，而且收获了宝贵的3个净胜球。这场比赛的取消还可以让山东泰山队以逸待劳，全力投入到12月31日下午与北京国安的收官战中。至于降级球队，广州队、武汉长江以及河北队岌岌可危，甚至已经有他们即将面临解散的消息被传出。由于中国足协要求在今年12月31日之前解决全部历史欠薪，这三家欠薪巨大的俱乐部，大概率将会被取消准入资格。据悉，武汉长江是被李铁坑惨了，负债4亿外加被查出偷漏税，而河北队与广州队则是华夏集团和恒大集团不会再出资帮助解决历史欠薪问题。,2022/12/26,34,20,110,
0,1,0,1,10,官方：泰山队官员矫喆指责、辱骂裁判员，停赛6场罚款6万元中国足协官方消息，山东泰山官员矫喆指责、辱骂裁判员，停赛6场罚款6万元。在中超第32轮泰山对阵海港赛后，裁判员准备退场时，泰山俱乐部官员矫喆实施非体育行为，指责、辱骂裁判员，裁判员向其出示红牌。中国足协官方今天公布对矫喆的罚单，矫喆被处以停赛6场，同时罚款6万元的处罚。,2022/12/26,10,9,3,
0,1,0,1,1,毫无悬念！英超金靴赔率更新：哈兰德断档式排名第一1、哈兰德（曼城），1.062、凯恩（热刺），103、萨拉赫（利物浦），344、努涅斯（利物浦），515、热苏斯（阿森纳），515、米特洛维奇（富勒姆），677、伊万-托尼（布伦特福德），768、威尔逊（纽卡），1019、特罗萨德（布莱顿），10110、莫雷诺（利兹联），126,2022/12/26,32,3,109,
0,1,0,1,1,结束世界杯之后，五大联赛即将回归！今晚明晨英超第17轮率先回归，英超官方宣传片预热，哈兰德萨拉赫领衔英超联赛今日回归！英超官方宣传片预热 哈兰德萨拉赫领衔 ,2022/12/26,18,2,210,
0,1,0,1,3,热度不减！梅西夺冠庆祝社媒点赞数仍在增加 已达7333万梅西夺冠后社媒庆祝动态已获得7333万多点赞数，且仍在不断增长中。梅西庆祝夺冠的社媒点赞数，上周三超越歌手Bella Poarch在TikTok上6030万的点赞纪录，创所有社交媒体的点赞数历史之最。 ,2022/12/26,338,13,113,
0,1,0,1,1,队报：姆巴佩和内马尔很可能在巴黎近两轮法甲比赛中出场《队报》消息，姆巴佩、内马尔、马尔基尼奥斯、阿什拉夫可能在对斯特拉斯堡或朗斯的法甲获得出场机会。另外，金彭贝、门德斯，可能还有达尼洛-佩雷拉，他们仍在恢复将缺席近期比赛。北京时间12月29日4点，巴黎主场VS斯特拉斯堡。北京时间1月2日3点45分，巴黎客场挑战朗斯,2022/12/26,21,0,0,
0,1,0,2,1,足球报：恒大集团不再为广州队输血 许家印已不过问球队据《足球报》消息，无论是此前广州队持续连败的阶段，还是在广州队直面降级命运的关键时刻，俱乐部的投资人许家印都没有对球队的情况有过问，更谈不上对未来发展有具体的要求和表态。从目前广州队的情况来看，球队面临着欠薪的问题没有解决。为了确保球队能够完赛，这个阶段一直是中足联和足协方面预支了一部分费用给他们参赛，以确保他们酒店住宿等相关费用。中超范围内像广州队这样需要预支参赛费用的球队有几家，恒大集团已经不再给俱乐部经济支援。,2022/12/26,38,32,3,
0,1,0,1,8,克洛普：祝贺阿根廷夺得世界杯 梅西是我见过最伟大的球员利物浦主帅克洛普在接受接着记者采访时谈到了刚刚夺得世界杯冠军的阿根廷队以及梅西，并且送上了自己的祝贺。“我要向他们表示祝贺，我认为他们的表现配得上最后的冠军。他们赢得了一场艰苦的决赛，在比赛80分钟之后这是我见到过最精彩的决赛了。这非常特别，从阿根廷举国欢庆就可以看出来。我为他们感到高兴，他们为这一刻等待了太久，在此前的决赛中他们欠缺一些运气。而梅西则是我见到最伟大的足球运动员，他用表现证明一名球员可以在顶级水平维持多久，看他踢球是一种享受。”,2022/12/26,78,8,216,
0,1,0,1,8,利雅得胜利总监谈C罗：现在无法谈论他的未来，我们需要耐心等待利雅得胜利体育总监、葡萄牙人马塞洛-萨拉萨尔在接受采访时，谈到了C罗加盟球队的传闻。媒体盛传C罗将转会加盟利雅得胜利，被问到这位葡萄牙巨星是否在自己的计划中时，萨拉扎表示：“我不能给你肯定或否定的答复。”“让我们耐心等待，看看到年底时情况如何发展。如你可见，这是一笔巨大的交易，不仅对俱乐部来说是如此，对沙特这个国家和世界杯足坛来说也是如此，这必须由更高级的人士来进行。”“我能说的是C罗是足球历史最好的球员之一，作为一个运动员，他一直是我的模范，他总是展现出求胜的欲望。”,2022/12/26,31,7,213,
0,1,0,2,8,鲁媒谈国足排亚洲第11：世界杯虽扩军，但国足面临的困难前所未有山东广播电视台日前根据国足的年终排名表示，中国男足冲击世界杯的机会渺茫。该媒体表示：“中国男足年终排名下降一位，位列第80位，亚足联排名第11位。较去年同期下滑6位，亚洲排名同期跌3位。”“最新一期排名基本符合亚足联实际情况，排名靠前的日本、伊朗、韩国和澳大利亚恰是亚足联最近15年实力最强的队伍。伊拉克、阿联酋、阿曼、乌兹别克斯坦同样排在国足之前，他们在亚洲也同样有竞争力。亚洲杯将是国足接下来最重要的赛事，也是2026年世预赛的前哨赛。虽然下届世界杯亚足联拥有8.5个席位，可国足面临的竞争空前强大。世界杯扩军的大背景下，本来竞争激烈的亚足联内部各队跃跃欲试，另一方面国足面临新老更替困境，89一代将逐渐淡出历史舞台。95-99一代还没有能挑大梁的太多出色的球员涌现出来，国足接下来的困难前所未闻。”,2022/12/25,29,27,1,
0,1,0,1,2,真要去？外媒：C罗将以贵宾身份现场观战利雅得德比据沙特媒体albayan援引La Tardi消息，C罗可能将在当地时间周一晚，以俱乐部贵宾身份，现场观看利雅得胜利主场作战的利雅得德比。近期，沙特媒体和西班牙媒体相继报道，C罗接受了利雅得胜利的报价，冬窗正式加盟，目前交易只待官宣。消息人士透露，这笔交易耗费2亿欧元，由利雅得胜利的俱乐部赞助公司资助，双方签订了一份长达3年的综合战略合同。,2022/12/25,63,15,1,
0,1,0,2,1,队报：齐达内符合巴西新帅的标准，他是一名经验丰富的外籍教练据法媒队报报道，前皇马主帅齐达内进入了巴西足协的选帅视野，他优秀的履历和丰富的经历成为了他的优势。巴西足协认为，蒂特在巴西的继任者应该是一赋闲、外籍且经验丰富的教练。 ,2022/12/25,29,6,2,
0,1,0,2,10,"官方：广州足球俱乐部董事长、恒大足校校长王亚军被开除恒大集团官方针对U15假球事件公布内部处罚，其中广州足球俱乐部董事长、恒大足校校长王亚军被开除，恒大足校副校长张修宇被开除。恒大处罚决定文件：集团各中心、部（室)、属下各单位:集团一贯高度重视员工队伍建设,要求全体员工务必保持严于律己、廉洁守信的工作态度。在近期工作检查中发现，恒大足球学校内部管理混乱，相关领导千部玩忽职守,存在重要体育赛事造假问题，严重损害了公司品牌形象。为严格管理，惩前毖后，经集团公司研究决定,对相关责任人处分如下:一、给予足球俱乐部董事长兼恒大足球学校校长王亚军同志免职并开除处分;二、给予恒大足球学校副校长张修宇同志免职并开除处分;三、给予恒大足球学校体育运营中心总监蔡光辉同志免职并开除处分;四、给予恒大足球学校体育运营中心教练员陈伟华同志开除处分;五、给予恒大足球学校学训管理中心教练员黎梓菲同志开除处分。集团对各类严重违规违纪行为坚持“零容忍”态度，一经发现，严肃处理，绝不姑息。望全体员工引以为戒，恪尽职守，全面查找和揭露一切损害公司利益的违法违规行为。",2022/12/25,23,17,1,
0,1,0,2,10,媒体人：河北武汉广州或集体退出 部分海参代言费被李铁团队瓜分据前《体坛周报》记者、媒体人冉雄飞持续爆料李铁案件相关内容，李铁任职过的三家俱乐部河北、广州队、武汉在赛季结束后可能集体退出。爆料内容整理如下：其一，李铁先后效力过的三家职业俱乐部可能在2022赛季结束后集体“退出”！李铁第一次做主教练的河北华夏幸福已经不会出手拯救铁定降级又巨额欠薪的河北队，除非出现奇迹，濒死的河北队无力回天；李铁做过助教的广州恒大队深陷保级泥潭，保级成功球队还有些许希望转卖或股改重建，降级则宣布恒大元素彻底退出；其二，李铁祸害最深的武汉卓尔队95%确定“破产退出”，俱乐部现在有近三亿的各种外援本土球员欠薪欠债纠纷，其中近两亿债务和李铁有直接或间接关联；此外，俱乐部董事长田旭东和总经理李勤协助调查期间，武汉卓尔俱乐部暴露了炒卖外汇被罚款，还有超亿元的“偷漏税”问题被查出。据爆料人披露：“李铁三年给卓尔挖了一个天坑，外援国际纠纷两个多亿，他自己，团队与俱乐部扯皮一个多亿，加上他经手的本土球员买卖和各种阴阳合同曝光，如果卓尔降级，老板肯定拒绝出手，会让卓尔降级后破产清算退出，窟窿太大了，填不了了！”其三，李铁国足海参门出现新版本，除了足协高官徐某杜某操办的说法，另一说法是，李铁曾经签约大连球员杜龙泉三年，但该队员只打了几场比赛就受伤被废掉，后来杜牵线搭桥帮助国足和李铁拉来海参赞助商，代言费部分被李铁及团队瓜分，此两个说法都需要官方最后落实。,2022/12/25,440,115,36,
0,1,0,2,10,【男子U15假球事件问责：广东省体育局局长被免职，16名干部被问责】中央纪委国家监委网站讯 2022年8月7日下午，广东省第十六届运动会男子足球乙A（U15）组决赛发生假球事件。经广东省委批准，省纪委监委成立调查组，查明事实真相，对事件中存在的履职不力、失职失责问题深入开展调查，坚持失责必问、问责必严，坚持依规依纪依法，坚持实事求是、科学精准，对16名党员领导干部严肃问责。王禹平，广东省体育局党组书记、局长，给予党内严重警告、政务记大过处分，免职处理。麦良，广东省体育局党组成员、副局长，给予党内警告、政务记过处分。雷检军，广东省体育局党组成员、副局长，给予党内严重警告、政务记大过处分，免职处理。程志文，广东省足球运动中心党总支委员、主任，给予撤销党内职务、政务撤职处分，降为事业单位管理岗六级职员。谭萍，广州市政府党组成员、副市长，给予党内警告、政务记过处分。欧阳资文，广州市体育局党组书记、局长，给予党内严重警告、政务记大过处分，免职处理。林燕芬，广州市体育局党组副书记、副局长，给予党内严重警告、政务记大过处分。吴民春，广州市体育局党组成员、副局长，给予撤销党内职务、政务撤职处分，降为二级调研员。王书永，广州市体育局机关党委专职副书记、机关纪委书记，给予党内严重警告、政务降级处分。裴伟民，广州市体育局竞技体育处党支部书记、处长，给予撤销党内职务、政务撤职处分，降为三级调研员。苏锦丹，清远市政府党组成员、副市长，给予党内警告、政务记过处分。许广勇，清远市文化广电旅游体育局党组书记，给予党内严重警告、政务记大过处分，免职处理。蔡发明，清远市文化广电旅游体育局党组成员、副局长，给予党内严重警告、政务记大过处分，免职处理。孙豪，清远市文化广电旅游体育局党组成员，给予党内警告、政务记过处分。谢志光，广州市足球协会主席、广州市足球运动管理中心原主任，给予留党察看二年处分，降低退休待遇，按照事业单位管理岗十级职员确定退休待遇，按程序免去其广州市足球协会主席职务。全省各级党组织和广大党员干部要深入学习贯彻习近平总书记关于足球工作的重要指示批示精神，深刻汲取教训，引以为戒，深入整改，完善制度。要坚持举一反三，树立正确政绩观，遵循足球发展规律，健全赛事管理监督长效机制，有效防范类似问题再次发生。要弘扬中华体育精神，抓好足球行风建设，以零容忍态度查处操纵比赛等严重违反赛风赛纪行为，坚决刹住踢假球等歪风邪气，促进足球事业健康有序发展。（广东省纪委监委）----------------------------------------------------------------今年8月7日，广东省第十六届运动会足球项目U15男子乙A组决赛中，广州代表队5:3战胜清远代表队获得冠军。该场比赛中，双方运动员在场上的表现受到舆论广泛质疑，引发社会各界关注。中国足协对此高度重视并启动调查程序，将组成由竞赛部、纪检部等部门参加的调查组，于8月8日赴广州进行调查，恒大和广州市对都接受了问询。,2022/12/24,32,0,15,
0,1,0,1,1,【沙特媒体：C罗与利雅得胜利达成完全协议 预计下周官宣】北京时间12月24日，根据沙特媒体《okaz》的报道，C罗加盟利雅得胜利达成协议，加盟球队只待官宣。该媒体称，利雅得胜利管理部门已与C罗的团队就转会的实际回报和所有条款达成协议，目前只剩下最后的程序和正式声明，官方消息可能会在下周初完成。消息来源报告说，C罗将与利雅得胜利签约3年，俱乐部的赞助商之一出资8亿沙特里亚尔(约合2亿欧元)，帮助了球队完成与C罗的签约。,2022/12/24,168,49,336,
0,1,0,1,1,滕哈赫确认：曼联和拉什福德、弗雷德、卢克-肖、达洛特续约一年曼联官方报道，主帅滕哈赫已经确认，俱乐部已经触发了四名球员合同中的一年续约条款。达洛特、弗雷德、拉什福德和卢克肖的合同原定于2023年6月到期，但每份合同都有额外续约一年的选择权。 ,2022/12/24,19,2,451,
0,1,0,1,1,万中选一！梅西成为2022年度Sofascore均分最高球员知名数据评分机构Sofascore也进行了年终盘点，梅西是今年平均评分最高的球员，达到了8.15。而自Sofascore2015/16赛季开始统计数据和评分以来，这是梅西第五次当选年度平均评分最高的球员。在Sofascore的数据库中，总共有13400名球员在2022年踢了至少1000分钟的比赛，梅西是仅有的一位评分超过8.00的球员。,2022/12/24,39,13,229,
0,1,0,1,2,梅西晒与苏亚雷斯夫妻合影：谢谢你们的到来 爱你们！近日梅西邀请多位好友到他家过圣诞，他在社媒分享了与苏亚雷斯一家的合影，并配文：“谢谢你们的到来，朋友！我非常爱他们。” ,2022/12/24,119,4,341,
0,1,0,1,9,B/R晒照盘点梅西世界杯纪录：登场、出场时间最多 造进球最多世界杯历史登场次数最多---26场阿根廷队史世界杯进球最多---13球首位在5届赛事都有助攻球员---2006年至2022年同时保持单场传射最年轻&最年长纪录---06年对阵塞黑&22年对阵墨西哥作为队长登场次数最多---19场世界杯出场时间最多---2314分钟世界杯历史参与进球最多---21球首位在每一轮淘汰赛都有进球球员INS发文点赞次数创历史纪录,2022/12/24,70,10,7,
0,1,0,1,1,谁脱颖而出了？德转盘点世界杯后身价上涨球员：姆巴佩 1.8亿欧（上涨2000万欧）恩佐-费尔南德斯 5500万欧（上涨2000万欧）阿尔瓦雷斯 5000万欧（上涨1800万欧）格瓦迪奥尔 7500万欧（上涨1500万欧）加克波 6000万欧（上涨1500万欧）琼阿梅尼 9000万欧（上涨1000万欧）于帕梅卡诺 6000万欧（上涨1000万欧）麦卡利斯特 4200万欧（上涨1000万欧）穆阿尼 3700万欧（上涨700万欧）阿姆拉巴特 2500万欧（上涨1500万欧）奥纳西 1500万欧（上涨1150万欧）贝林厄姆 1.1亿欧（上涨1000万欧）萨卡 1亿欧（上涨1000万欧）,2022/12/24,50,22,2,
0,1,0,1,1,#英超#【22/23英超进攻三区夺回球权榜：丁丁20次第一，厄德高16次第五】著名数据网站Squakwa统计了22/23英超在进攻三区赢回球权次数TOP10的榜单。其中，德布劳内以20次位居首位，杰克-哈里森19次排名第二，厄德高第五，芒特第八，B费第10。完整榜单如下：1. 德布劳内（曼城） 20次2. 杰克-哈里森（利兹） 19次3. 特罗萨德（布莱顿） 18次4. 乔-阿里博（南安普顿） 17次5. 厄德高（阿森纳） 16次6. 扎卡（阿森纳） 15次7. 阿尔米隆（纽卡斯尔联） 15次8. 芒特（切尔西） 14次9. 马蒂亚斯-延森（布伦特福德） 14次10. B费（曼联） 14次,2022/12/23,15,4,1,英超
0,1,0,1,1,【中超-恩迪亚耶破门刘祝润替补建功 山东泰山0-2上海海港仍第二】还剩两轮的情况下，你认为山东泰山和武汉三镇谁最后能夺得中超冠军？北京时间12月23日20:00，中超联赛第32轮上海海港迎战山东泰山的比赛，上半场恩迪亚耶先下一城，陈蒲空门中柱，贾德松伤退，下半场陈蒲破门被吹越位，刘祝润替补建功，最终海港2-0泰山。山东泰山仍与武汉三镇同分，暂居积分榜第二。,2022/12/23,25,14,0,
0,1,0,1,1,【中超-费利佩补时绝杀 武汉三镇0-1成都蓉城仍居榜首】北京时间12月23日20:00。中超第32轮，成都蓉城迎战武汉三镇。上半场，萨达尼亚错失良机，高准翼头球中柱。下半场，马尔康任意球中框，费利佩补时阶段上演绝杀。全场比赛结束，成都蓉城1-0武汉三镇，各项赛事14场不败，武汉三镇则仍与山东泰山同分，暂居榜首。,2022/12/23,18,10,219,
0,1,0,1,1,【中超-张玉宁破门张健智乌龙凌杰点射 广州队1-3十人国安19轮不胜】北京时间12月23日15:00，中超第32轮，广州队对阵北京国安。上半场，凌杰点球破门，闫雨扳平，张健智不慎自摆乌龙，张玉宁建功；下半场，两队场面胶着，均未能取得进球，田玉达染红。最终，广州队1-3国安，遭遇19轮不胜。 ,2022/12/23,9,1,107,
0,1,0,1,1,孙兴慜当选2022年度韩国最佳球员 连续4年获此殊荣自2013年首次当选后，这是孙兴慜第7次获得韩国最佳球员奖项，也是自2019年后连续第4次当选。孙兴慜摘得了2021-22赛季英超联赛金靴，这在亚洲球员中尚属数次。在卡塔尔世界杯预选赛以及正赛中，作为韩国队的王牌，他在球场上的表现非常活跃。另外，带领韩国女足取得历史最好成绩——亚洲杯亚军的池笑然，当选为2022年度韩国最佳女子球员。她和孙兴慜都分别是第7次当选，均保持着韩国国内获奖次数最多纪录。,2022/12/23,14,0,226,
0,1,0,1,8,回俱乐部就变了一个人？记者吐槽：德布劳内在曼城比赛前40分钟所做的 比他在整个世界杯都多在曼城对阵利物浦的联赛杯比赛中，德布劳内两送助攻，帮助曼城力克对手晋级8强。德布劳内随比利时队在卡塔尔世界杯中小组出局，对比他在俱乐部的表现，记者Simon Johnson在社交媒体上吐槽道：“德布劳内不到40分钟时间里在进攻端所做的事情，比他在整个世界杯上为比利时所做的更多。”,2022/12/23,93,50,5,
0,13,0,1,10,#吕小军回应兴奋剂检测阳性#：将配合调查证明清白据中国举重协会网站消息，举重奥运冠军吕小军就兴奋剂检测呈阳性发布声明：2022年12月20日我收到了国际检查机构的邮件，通知我的样本检测结果呈非特定物质阳性。我非常震惊，作为一名老运动员，我一直严格遵守国际举重联合会、世界反兴奋剂机构、中国反兴奋剂机构有关反兴奋剂的各项规定。我认为体育的价值就在于公平竞争，我坚决反对使用兴奋剂等各类作弊行为，这也是我一直以来给自己设置的底线，使用兴奋剂完全违背我的价值观，也和我受到的反兴奋剂教育背道而驰。在我24年的举重运动生涯中，我经历了无数次大赛，也接受了几百次兴奋剂检查，没有一例违规。自2022年8月我复出以来，短短4个月时间，我总共接受了兴奋剂检查8次。我非常热爱举重事业，作为一名举重运动员，我已经干干净净的赢得了几乎所有的荣誉，我既无动机也没有理由在我挚爱的举重生涯的最后一程使用任何禁用物质。我将配合相关机构展开调查，查出问题的真正原因，还自己清白。#奥运冠军吕小军被临时禁赛##吕小军兴奋剂检测阳性被禁赛#,2022/12/23,26,6,2,吕小军回应兴奋剂检测阳性
0,1,0,1,1,莱万：赛季中途举行世界杯 有助于球员们整场都能踢出高水平“这是史上最好的世界杯之一，可能是因为本届世界杯是在赛季中途举行的。在世界杯开始前，每个人——也包括我自己，都认为这会导致世界杯面临复杂情况。”“通常世界杯是在6月或7月举行，但在比赛70分钟或75分钟后，球员们的速度就会下降。但本届世界杯几乎所有球员在整场都能踢出高强度高水平的比赛。有一些疲劳，但不是因为我们已经在赛季末，这是一种巨大的差异。”,2022/12/23,42,8,106,
0,1,0,2,1,联赛杯8强对阵抽签完整对阵：曼联vs查尔顿竞技南安普顿vs曼城诺丁汉森林vs狼队纽卡斯尔vs莱斯特城 ,2022/12/23,14,0,0,
0,1,0,1,1,进球狂魔！哈兰德在欧冠、英超、联赛杯等7项赛事中首秀破门在曼城对阵利物浦的联赛杯比赛中，哈兰德打进一球，帮助曼城3-2淘汰利物浦晋级8强。据Squawka统计，22岁的哈兰德职业生涯至今已经在欧冠、德甲、英超、联赛杯等7项赛事的首秀中破门。 ,2022/12/23,33,8,6,
0,1,0,1,1,联赛杯-哈兰德萨拉赫破门德布劳内两助 曼城3-2淘汰利物浦上半场哈兰德首开纪录，卡瓦略扳平比分，努涅斯失良机，下半场马赫雷斯和萨拉赫先后破门，阿克头球制胜。最终曼城主场3-2险胜利物浦，蓝月亮晋级联赛杯8强。联赛杯-哈兰德萨拉赫破门德布劳内两助 曼城3-2淘汰利物浦 ,2022/12/23,34,9,7,
0,1,0,1,10,挖坟！法国18年世界杯夺冠后高唱《坎特之歌》嘲讽梅西《坎特之歌》歌词如下：恩戈洛-坎特，他很矮小，他善良温和，他防住了里奥-梅西，但我们都知道他是个骗子，恩戈洛-坎特！N’Golo KantéHe’s littleHe’s sweetHe stopped Leo MessiBut we all know he’s a cheatN’Golo Kanté PP体育的微博视频,2022/12/22,727,138,122,
0,1,0,1,5,言出必行！德保罗3个月前给梅西写纸条：咱2个月后夺世界杯9月底，阿根廷队在美国集训，德保罗在梅西酒店的房间留下了张小纸条：“我是德保罗，目前是2022年9月18日。我写下这张小纸条是想说，我们会赢得2个月后的世界杯。”12月19日那天，阿根廷时隔36年再次捧起了大力神杯，距离德保罗当初写下的纸条已经过去了3个月。,2022/12/22,43,8,208,
0,1,0,1,1,联赛杯-曼联2-0伯恩利晋级八强 拉什福德一条龙！埃里克森破门#曼联2比0伯恩利# #拉什福德一条龙破门# PP体育的微博视频 ,2022/12/22,24,3,104,"曼联2比0伯恩利,拉什福德一条龙破门"
0,2,0,2,1,勇士好惨！半场落后40分 篮网半场狂轰91分创纪录北京时间12月22日，NBA常规赛继续进行，篮网主场对阵勇士，半场比赛结束，篮网91-51领先勇士40分！篮网第一节轰下46分，第二节再砍45分，命中率达到71.4%，三分球19投13中（68.4%）。据统计，91分也创造了篮网队史半场得分纪录，他们之前的纪录是86分。即便是放在NBA历史上，这也是半场得分第三高的纪录，最高为102分。而半场落后40分，是勇士队史半场落后的第二大分差，1962年对阵老鹰，勇士曾在半场落后42分。#篮网半场91分##篮网半场领先勇士40分#,2022/12/22,18,8,105,"篮网半场91分,篮网半场领先勇士40分"
0,1,0,1,1,2022年欧洲前十联赛场均进球数排行榜：德甲第一西甲垫底德甲：3.17球荷甲：2.97球奥超：2.93球比甲：2.89球法甲：2.87球英超：2.83球苏超：2.69球意甲：2.65球葡超：2.53球西甲：2.51球 ,2022/12/22,6,4,2,
0,1,0,1,10,彻底决裂！本泽马大量取关法国国家队队友《阿斯报》主编隆塞罗指出，是德尚指使队医逼走本泽马的，这只是为了保证吉鲁首发。本泽马不仅在自己35生日当天通过个人社交媒体发声，暗示自己从国家队退役；而且他还大量取关了国家队队友，如今他的关注列表只有卡马文加、姆巴佩、小图拉姆、瓦拉内、金彭贝、迪亚比和楚阿梅尼(取关后又重新关注）和费兰-门迪等法国现役国脚。,2022/12/22,63,20,212,
0,1,0,1,1,北京时间12月22日，奈史密斯篮球名人堂公布了2023届名人堂候选名单：德克-诺维茨基、德韦恩-韦德、托尼-帕克、保罗-加索尔、格雷格-波波维奇、贝奇-哈蒙。2023年名人堂仪式将于2023年8月12日举行。#2023篮球名人堂候选名单# ,2022/12/22,7,1,1,2023篮球名人堂候选名单
0,1,0,1,1,据西班牙《阿斯报》报道，C罗已经决定加盟利雅得胜利，双方将签约至2025年。经过数周的紧张谈判，当地时间周二，利雅得胜利方面与C罗的代表会面，并达成了协议，目前尚不知具体数字。不过据利雅得胜利方面的消息，C罗的薪水不会达到每赛季2亿欧元。利雅得胜利认为C罗会在圣诞节前加盟，这也意味着C罗将告别欧洲足坛。#曝C罗决定加盟沙特豪门# #C罗告别欧洲足坛倒计时#,2022/12/22,136,51,217,"曝C罗决定加盟沙特豪门,C罗告别欧洲足坛倒计时"
0,1,0,1,1,英联杯-曼联2-0伯恩利晋级8强 拉什福德一条龙破门埃里克森破门上半场，万比萨卡助攻埃里克森破门，下半场，拉什福德奔袭一条龙破门。 #曼联2比0伯恩利# #拉什福德一条龙破门# ,2022/12/22,22,2,2,"曼联2比0伯恩利,拉什福德一条龙破门"
0,1,0,1,1,官方：莱万荣获2022年金足奖 2022金足奖30人候选名单如下：本泽马、博努奇、基耶利尼、库尔图瓦、夸德拉多、德布劳内、迪巴拉、法布雷加斯、吉鲁、伊卡尔迪、因莫比莱、若日尼奥、香川真司、凯恩、坎特、武磊、莱万、马塞洛、马塔、梅西莫拉塔、穆勒、诺伊尔、内马尔、拉莫斯、孙兴慜、苏亚雷斯、蒂亚戈-席尔瓦、范迪克、伊尔马兹#莱万荣膺金足奖#,2022/12/22,61,20,0,莱万荣膺金足奖
0,1,0,1,1,GOAL：巴黎未来几日与梅西进行谈判 希望尽快完成续约根据GOAL的报道，巴黎圣日耳曼主席计划在下周与梅西会面，就续约展开谈判。巴黎圣日耳曼主席纳赛尔出席了世界杯决赛，并在赛后向梅西夺冠表示了祝贺。不过他也向梅西方面发出邀请，商讨他的未来，而这一会谈预计将在未来几天进行。随着世界杯结束，巴黎圣日耳曼已经准备好了给梅西提供一份合同。这份合同将符合他在2021年以自由球员的身份从巴塞罗那完成转会时所同意的条款——另一份为期两年的合同正在谈判中。梅西的薪水将大致保持不变，预计他将在法国至少再效力一个赛季。,2022/12/21,39,8,0,
0,1,0,1,5,什么情况？本泽马取关楚阿梅尼及多位国家队队友 法国球员仅剩姆巴佩等4人根据外媒的报道，本泽马在社交媒体上取关楚阿梅尼以及很多法国国家队的队员。据悉，本泽马在INS上取消了对楚阿梅尼的关注，还有许多来自法国国家队的球员。目前，本泽马INS上的关注列表里有124人，本届法国世界杯参赛球员只剩下了卡马文加，姆巴佩，图拉姆和瓦拉内。而《阿斯报》皇马版主编龙塞罗近日透露了关于本泽马退出世界杯的一些内幕。他表示：“德尚这样做的目标很显然只是寻找借口清理本泽马，这样就可以使用他更喜欢的吉鲁。”对此，本泽马没有争执或者请求留下来，只是收拾行李立刻离开。,2022/12/21,68,26,4,
0,1,0,1,1,阿斯报：仅两家中东俱乐部关注C罗 利雅得胜利给的年薪不到2亿北京时间12月21日，《阿斯报》透露，目前仅有来自沙特的利雅得胜利队和卡塔尔的萨德俱乐部在关注C罗，利雅得胜利队为他提供的年薪不会达到2亿欧元。据了解，尽管皇家马德里在世界杯结束后，将设施提供给C罗让他单独训练，但俱乐部并没有考虑签下他。虽然C罗方面明确表示金钱不是他的主要动机，但皇马拒绝了。马德里竞技、巴塞罗那、拜仁慕尼黑、切尔西或那不勒斯也是如此。他们并没有提供相应的报价。事实上，除了利雅得胜利，唯一关注C罗处境的俱乐部是卡塔尔的萨德俱乐部。,2022/12/21,130,42,6,
0,1,0,3,7,这有钱？阿曼律师：愿意出价100万美元 买下梅西穿过的黑袍一位阿曼律师在社媒表示，愿出价100万美元买下梅西穿过的黑袍。这位阿曼律师名叫Ahmed Barwani，他曾是阿曼国家委员会成员之一。他在推特上表示：阿曼祝贺梅西和阿根廷赢得了杯世界杯，我震惊卡塔尔埃米尔为他佩戴了Bisht，他是高尚和智慧的象征。我愿意出价100万美元购买这件黑袍。阿根廷夺得世界杯冠军，赛后卡塔尔埃米尔给梅西穿上了金边的黑色薄纱衣Bisht，此事赛后同样引发热议。Bisht是中东和阿联酋的传统服装，代表着幸福和皇室元素，由统治者、部落酋长或一般的领导人穿戴。Bisht强调佩戴者的社会地位，会被其他人尊重。,2022/12/21,96,10,2,
0,1,0,1,1,罗体：齐达内已拒绝巴黎曼联切尔西等队邀请 只想执教法国和尤文根据《罗马体育报》的消息，齐达内此前已经拒绝了巴黎、曼联和切尔西等球队的邀请，目前只想执教法国国家队和尤文图斯。罗体称，赋闲在家的齐达内正走向一个十字路口，如果无法成为法国国家队主教练，他最想执教的俱乐部是尤文图斯，此前齐达内已经拒绝了不少欧洲豪门的邀请。此前《队报》在分析齐达内潜在下家时曾提到，“一个吸引他的项目”是至关重要的，而这个项目就是斑马军团。对于齐达内来说，尤文图斯对他的吸引力仅次于法国国家队，虽然阿莱格里的合同2025年才到期，但尤文本赛季表现并不稳定，俱乐部也更换了管理层，赛季结束后可能对技术团队进行洗牌。,2022/12/21,151,46,121,
0,1,0,1,5,哈兰德回应与姆巴佩的竞争是否类似梅罗：我不会和其他人比较挪威媒体Viaplay Fotball发布了采访节目《哈兰德征服英格兰》，在节目中哈兰德谈到了与姆巴佩的竞争。当被问与姆巴佩的竞争是否类似梅西C罗时，哈兰德表示：“这可能是件好事，梅西和C罗一直在相互促进，但我不会将自己和其他人作比较。”,2022/12/21,64,15,5,
0,1,0,1,1,不休假！姆巴佩已回到巴黎训练基地备战 距世界杯结束不到3天北京时间12月21日傍晚，巴黎圣日耳曼社媒更新视频，刚刚参加完世界杯比赛的姆巴佩已经回到球队，备战下半赛季比赛。巴黎圣日耳曼官方推特发布了姆巴佩回到球队的视频，并配文：早上好！姆巴佩本周三开始训练！世界杯决赛，法国点球大战不敌阿根廷，姆巴佩上演帽子戏法仍无缘冠军。世界杯决赛结束不到三天，姆巴佩就已回到俱乐部训练。,2022/12/21,90,26,5,
0,1,0,1,3,摩根截图梅西INS主页：知道你赢了世界杯 但这样庆祝太夸张了 摩根更新了个人推特，截图了梅西的ins个人主页的庆祝动态，说道：“OK，梅西，我知道你赢得了世界杯冠军，但这样庆祝也太夸张了吧？”评论区的有球迷晒出了葡萄牙夺得2016年欧洲杯冠军后C罗的ins个人主页对摩根进行了反击。 ,2022/12/21,242,42,4,
0,1,0,1,8,姆巴佩是梅罗后的最强人吗？还是他已经超越了同年龄段的梅西C罗？来看3人24岁时的数据对比：比赛场次：梅西326场 C罗362场 姆巴佩368场进球数：梅西197球 C罗132球 姆巴佩258球助攻数：梅西97助 C罗84助 姆巴佩 134助冠军数：梅西23座 C罗11座 姆巴佩15座24岁时身价：梅西1亿欧 C罗6000万欧 姆巴佩1.6亿欧,2022/12/21,151,61,114,
0,1,0,2,7,稳重主帅也有疯狂一面！夺冠游行斯卡洛尼半裸上身狂甩球衣这还是你印象里那个阿根廷进球后都毫无表情的斯卡洛尼吗？ ,2022/12/21,74,3,1,
0,1,0,1,1,沪媒：武磊暂未归队 赶上与泰山队比赛的可能性不太大本周五，中超联赛将迎来一场焦点大战，上海海港对阵山东泰山。据《新闻晨报》报道，海港队头号射手武磊暂时尚未归队，还在恢复中的他赶上与泰山队比赛的可能性不太大 ,2022/12/21,18,9,105,
0,1,0,1,8,梅西是否超越马拉多纳？萨内蒂：对我来说没有 我也不喜欢比较阿根廷击败法国，夺得卡塔尔世界杯冠军。前阿根廷队长萨内蒂接受采访，被问到梅西是否已经超越马拉多纳，萨内蒂：“不，对我来说不是。我不喜欢这样的比较。两位历史上最伟大的球员都是阿根廷人，我们当然感到很开心。我认为梅西现在变得更加成熟，他能向其他球员展现他的领导力。”“小伙子们给我们内心非常大的触动，因为我们已经等待太长时间了。他们实现了千千万万阿根廷球迷的梦想。决赛刚开始朝着我们希望的方式发展，但是法国也随后做出了回应。对于阿根廷人来说，这是一场伟大的决赛。”,2022/12/21,70,24,111,
0,1,0,3,7,过于狂热！阿根廷夺冠游行期间至少18人受伤 其中6人送往医院本周二在阿根廷首都布宜诺斯艾利斯举行了世界杯夺冠庆祝活动，而全国大约有500万人参加。不过庆祝活动中也出现了一些意外受伤的情况，阿根廷紧急医疗援助系统负责人阿尔贝托-克雷森蒂证实，至少有18人受伤，其中6人被送往杜兰德、费尔南德斯、里瓦达维亚等医院治疗。大部分伤者都是四肢创伤，主要是因为从树上、交通灯上、桥梁上不慎跌落受伤。,2022/12/21,30,4,1,
0,1,0,1,3,摩根不满梅西不断发动态：OK，里奥，我们知道这些，你赢得了世界杯，你现在有点夸张庆祝了...#梅西高举奖杯被阳光笼罩##阿根廷冠军游行提前结束# ,2022/12/21,10811,679,186,"梅西高举奖杯被阳光笼罩,阿根廷冠军游行提前结束"
0,1,0,1,5,姆巴佩决赛中场激励队友：这是关乎一生的比赛 不能比现在更糟了法国与阿根廷的世界杯决赛中，法国半场0-2落后。法国媒体曝光了姆巴佩半场休息时在更衣室内的讲话。“这是一场世界杯决赛，一场关乎一生的比赛。我们不能再踢得比现在更加糟糕了，我们得反击，要么我们让他们踢得哑口无言，要么我们加大强度。他们进了两个球，我们也要去进两个。”“兄弟们 ，这样的事情每四年都会发生的！”,2022/12/21,55,10,211,
0,1,0,1,7,神奇一幕！梅西从帕雷德斯手中接过金杯 一道光束打在他身上在今天进行的世界杯夺冠庆祝游行的现场，发生了神奇的一幕。当帕雷德斯拿着大力神杯庆祝的时候，有球迷让他把金杯传给梅西。随后，他转过去递给梅西。当梅西接过金杯的时候，天空突然投下一道光束，刚好照在梅西身上。也许这只是巧合，但足够梦幻。#梅西封王##阿根廷冠军游行#,2022/12/21,161,27,111,"梅西封王,阿根廷冠军游行"
0,1,0,1,3,梅西夺冠后发布的ins已获6311万点赞，创社媒点赞历史之最##阿根廷冠军游行##梅西把大力神杯扛在肩上# ,2022/12/21,185,32,6,
0,1,0,3,5,阿根廷球迷们簇拥着大巴前进，现场人山人海#阿根廷队凯旋##阿根廷队带大力神杯回家了##阿根廷冠军# PP体育的微博视频 ,2022/12/21,35,0,2,"阿根廷队凯旋,阿根廷队带大力神杯回家了,阿根廷冠军"
0,1,0,1,3,德保罗晒庆祝大巴内景。 PP体育的微博视频 #阿根廷队凯旋# #阿根廷队带大力神杯回家了# #梅西封王# #阿根廷冠军# ,2022/12/21,273,8,12,"阿根廷队凯旋,阿根廷队带大力神杯回家了,梅西封王,阿根廷冠军"
0,1,0,1,5,阿根廷队回到祖国 举行盛大的世界杯夺冠游行#阿根廷队凯旋##阿根廷队带大力神杯回家了##阿根廷夺冠# ,2022/12/20,34,4,5,"阿根廷队凯旋,阿根廷队带大力神杯回家了,阿根廷夺冠"
0,1,0,1,1,进球网投票2022世界足坛50大球星：梅西榜首，内马尔第2，C罗第111 梅西（巴黎）2 内马尔（巴黎）3 哈兰德（曼城）4 本泽马（皇马）5 姆巴佩（巴黎）6 德布劳内（曼城）7 莫德里奇（皇马）8 莱万（巴萨）9 萨拉赫（利物浦）10 马内（拜仁）11 C罗（曼联）12 维尼修斯（皇马）13 孙兴慜（热刺）14 凯恩（热刺）15 B席（曼城）16 卡塞米罗（曼联）17 福登（曼城）18 库尔图瓦（皇马）19 范迪克（利物浦）20 贝林厄姆（多特）21 阿拉巴（皇马）22 热苏斯（阿森纳）23 穆西亚拉（拜仁）24 坎塞洛（曼城）25 基米希（拜仁）26 吕迪格（皇马）27 恩昆库（莱比锡）28 莱奥（AC米兰）29 马赫雷斯（曼城）30 格纳布里（拜仁）31 路易斯-迪亚斯（利物浦）32 阿诺德（利物浦）33 努涅斯（利物浦）34 特奥（AC米兰）35 法比尼奥（利物浦）36 弗拉霍维奇（尤文）37 阿尔瓦雷斯（曼城）38 奥斯梅恩（那不勒斯）39 库利巴利（切尔西）40 因莫比莱（拉齐奥）41 格拉利什（曼城）42 托莫里（AC米兰）43 佩莱格里尼（罗马）44 洛萨诺（那不勒斯）45 迈尼昂（AC米兰）46 阿莱（多特）47 加布里埃尔-巴尔博萨（弗拉门戈）48 胡尔克（米内罗竞技）49 希克（勒沃库森）50 维加（帕尔梅拉斯）,2022/12/20,257,77,19,
0,1,0,1,5,梅西社媒更新：早上好！安东内拉：美妙的一天 我的爱人，。迪巴拉等也纷纷回复。 ,2022/12/20,57,9,1,
0,1,0,1,5,这样的场面 用什么形容词#阿根廷队带大力神杯回家了###阿根廷队凯旋# PP体育的微博视频 ,2022/12/20,157,47,49,阿根廷队带大力神杯回家了
0,1,0,3,7,泰晤士报：撒盐哥违规触摸奖杯并进入场内骚扰梅西在世界杯决赛后在球场上，名厨盐贝 (Salt Bae) 戴着FIFA认证牌，两次抓住梅西的肩膀试图引起他的注意，但梅西没有理会他。尽管最终他的坚持似乎得到了回报，他还是拍到了与梅西的合影。#梅西封王# PP体育的微博视频 ,2022/12/20,94,14,3,梅西封王
0,1,0,1,1,足球媒体90min_football评出了他们的史上最伟大的50名球星。梅西、马拉多纳和贝利分列前三，C罗名列第8。1梅西，2马拉多纳，3贝利，4贝肯鲍尔，5克鲁伊夫，6大罗，7齐达内，8C罗，9普拉蒂尼，10巴乔，11迪斯蒂法诺，12加林查，13盖德-穆勒，14马尔蒂尼，15普斯卡什，16巴雷西，17济科，18贝斯特，19范巴斯滕，20尤西比奥，21罗马里奥，22科帕，23梅阿查，24查尔顿，25古利特26小罗，27马特乌斯，28苏格拉底，29莫德里奇，30摩尔，31里维利诺，32伊涅斯塔，33鲁梅尼格，34苏亚雷斯，35哈维，36内斯肯斯，37布冯，38斯托伊奇科夫，39基冈，40马修斯，41诺达尔，42雅辛，43卡卡，44维阿，45姆巴佩，46布莱特纳，47罗西，48西沃里，49雅伊济尼奥，50查尔斯,2022/12/20,145,65,7,
0,1,0,3,2,不眠之夜！凌晨3点的阿根廷 数十万名球迷“围堵”蓝白军团大巴#凌晨三点的阿根廷##阿根廷队凯旋# 不眠之夜！凌晨3点的阿根廷 数十万名球迷“围堵”蓝白军团大巴 ,2022/12/20,48,2,6,"凌晨三点的阿根廷,阿根廷队凯旋"
0,1,0,1,2,注意安全！梅西与队友坐在大巴车顶差点碰到电线 帕雷德斯帽子被刮掉#凌晨两点的阿根廷##阿根廷队凯旋# 危险！梅西与队友坐在大巴车顶差点碰到电线 帕雷德斯帽子被刮掉 ,2022/12/20,89,10,1,"凌晨两点的阿根廷,阿根廷队凯旋"
0,1,0,2,2,这一刻阿根廷球迷等了多久？#阿根廷队带大力神杯回家了##梅西手捧大力神杯下飞机# ,2022/12/20,43,7,1,"阿根廷队带大力神杯回家了,梅西手捧大力神杯下飞机"
0,1,0,2,2,最高礼遇！阿根廷国家队专机飞机抵达机场！飞机过水门！#阿根廷队带大力神杯回家了##超20万球迷迎接阿根廷队回家# ,2022/12/20,49,0,108,"阿根廷队带大力神杯回家了,超20万球迷迎接阿根廷队回家"
0,1,0,2,2,阿根廷国家队的专机即将抵达布宜诺斯艾利斯！球迷们等待了36年的大力神杯要来了！阿根廷当地时间已经凌晨，但是有超过十万名球迷聚集在机场附近等待迎接球员们到达！ #阿根廷队带大力神杯回家了# #超20万球迷迎接阿根廷队回家# ,2022/12/20,29,0,0,"阿根廷队带大力神杯回家了,超20万球迷迎接阿根廷队回家"
0,1,0,2,5,还没缓过来呢法国队抵达巴黎与球迷一起庆祝 姆巴佩全程未露笑容法国队昨日抵达巴黎，球迷们守候在协和广场迎接球队。尽管没能夺冠，但法国队依旧得到球迷的掌声和支持。 ,2022/12/20,40,8,1,
0,1,0,1,1,马赛主席：C罗夏窗曾与我们接触 他能在法甲贡献力量葡萄牙巨星在世界杯前与曼联解约成为自由球员，目前尚未确定自己的下一站。马赛主席波利在采访中透露，今年夏窗C罗曾与马赛有过接触。“C罗和马赛当时在进行对话，我想他应该来我们这儿的。他是一个天赋很高的球员，即便现在他的年龄有些大了，但我认为他仍然能在法甲联赛中贡献自己的一些力量。”“我们看到了，梅西在来到这里的第一年有些不适应，不过第二年他就证明了他仍然是最好的球员。”,2022/12/20,38,14,212,
0,1,0,2,1,世界杯落幕，从开幕式到闭幕式，29天的精彩，历历在目，仿佛未从走远。接下来，用三分半的时间重温阿根廷与梅西的封王之路，这其中还是另外31队的难忘瞬间，哪一个镜头是你印象最深刻的呢？西北望看台的微博视频#卡塔尔世界杯的难忘瞬间##定格动画看完梅西圆梦之旅# ,2022/12/20,15,2,3,"卡塔尔世界杯的难忘瞬间,定格动画看完梅西圆梦之旅"
0,1,0,2,2,阿根廷“三星”冠军大巴已出发 去机场等候球员们凯旋归来北京时间今天晚上，阿根廷全队将在布宜诺斯艾利斯方尖碑与球迷一同庆祝夺冠！#梅西封王# 阿根廷“三星”冠军大巴已出发 去机场等候英雄们凯旋归来 ,2022/12/20,36,2,1,梅西封王
0,1,0,2,1,暂不出手？记者：齐达内拒绝了来自巴黎和曼联的巨额合同记者Romain Molina近日在YouTube爆料了齐达内的消息，称齐达内已经拒绝了来自巴黎和曼联的巨额合同。齐达内在2021年夏天离任皇马主帅一职，至今还未重拾教鞭。 ,2022/12/20,13,10,1,
0,1,0,3,2,阿根廷政府确认本周二放假一天，全国欢庆夺得大力神杯🥳多家阿根廷媒体报道，阿根廷政府确认本周二全国放假一天，包括公共和私营单位，其中银行和税务局将工作至中午，以进行世界杯夺冠的庆祝活动。阿根廷国家队目前正在回家路上，预计将于当地时间周二凌晨2点至3点（北京时间周二13点至14点）抵达。当地时间周二中午（北京时间晚上），阿根廷全队将前往布宜诺斯艾利斯方尖碑，与球迷一同庆祝夺冠。#阿根廷冠军##梅西封王#,2022/12/20,179,27,113,"阿根廷冠军,梅西封王"
0,1,1,1,3,#梅西封王# 【一个月涨粉2400万！梅西ins粉丝达到4亿】世界杯决赛，阿根廷总比分7-5击败法国，夺得冠军。日前，梅西的instagram粉丝达到4亿，比起11月份同期的3.76亿粉丝，一个月时间内涨粉2400万。 ,2022/12/20,61,3,107,梅西封王
0,1,0,1,8,【Sofascore世界杯评分前十：B费第一，梅西第二，3C第三&姆巴佩第5】2022卡塔尔世界杯落幕，阿根廷在决赛中击败法国夺冠，克罗地亚获得季军。知名足球数据网站Sofascore评选了本届世界杯排名前十的球员。其中，并列助攻王的B费以8.38分排名第一，当选Sofascore评选的赛事最佳球员。率队夺冠的梅西8.27分位列第二，发挥神勇的波兰门将3C第三。Sofascore世界杯评分前十球员↓1、 B费（葡萄牙） 8.382、 梅西（阿根廷）8.273、 什琴斯尼（波兰）7.934、 格列兹曼（法国）7.705、 姆巴佩（法国）7.616、 罗德里（西班牙）7.607、 卡塞米罗（巴西）7.508、 理查利森（巴西）7.459、 加克波（荷兰）7.4210、布林德（荷兰） 7.38[注：参评球员需登场至少315分钟，即7场比赛时间的半数]葡萄牙中场B费得到了8.38的最高分，获评Sofascore世界杯最佳球员。,2022/12/20,45,8,109,
0,1,0,1,1,每体：姆巴佩可能会在返回法国后宣布离开巴黎基利安-姆巴佩在世界杯决赛输给阿根廷后非常激动。这位法国球员在赛后得到了队友的支持，甚至法国总统马克龙也出面安慰他，要求他继续为法国和巴黎圣日耳曼努力。但姆巴佩似乎决心改变态度，并可能在年底前传达他将于6月30日离开巴黎的决定。 ,2022/12/19,291,93,4,
0,1,0,1,3,从法国队退役？本泽马：我犯了错也努力了，我们的故事结束了本泽马在社媒写到：我犯了错也付出了努力，才走到了今天，我为此感到自豪。我写下了我的故事，而我们的故事结束了。 ,2022/12/19,39,10,2,
0,1,0,1,1,中超-山东泰山8-0轻取深圳 克雷桑大四喜费莱尼双响北京时间12月19日19:00，2022年中超联赛第29轮补赛展开较量，山东泰山迎战深圳。比赛中费莱尼梅开二度，克雷桑上演大四喜，莫伊塞斯和陈蒲破门，最终山东泰山8-0轻取深圳队。山东泰山积分追平武汉三镇，以5个净胜球的劣势排名第二。 ,2022/12/19,39,24,3,
0,1,0,1,1,这不巧了？本届世界杯，阿根廷前锋梅西发挥出色，他也夺得了本届世界杯金球奖。据opta的统计，这是自1966年有数据统计以来，仅有两位球员能在单届世界杯至少打进5球，并且至少创造20次机会，两人分别是1986年的马拉多纳以及今年的梅西。#梅西最完美的封神之路##梅西把问路的孩子带到山顶# ,2022/12/19,235,27,11,"梅西最完美的封神之路,梅西把问路的孩子带到山顶"
0,1,0,2,1,谁说这个世界没有童话？我们不正在亲眼见证美好的事情吗？#PP体育陪你看世界杯##阿根廷冠军# ,2022/12/19,44,1,1,"PP体育陪你看世界杯,阿根廷冠军"
0,1,0,2,8,值得珍藏的超神解说！贺炜世界杯决赛诗意解说：足球不仅展示球员的奋斗也寄托普通人的英雄梦“36年的时间，上一次获得世界杯冠军的时候马拉多纳还是他们的10号，10号现在传承给了梅西。梅西不需要用另一个冠军来证明自己，但是阿根廷需要。”“36年来他们无时无刻不盼望着重回阿兹台克额荣耀巅峰，这也是梅西肩负的使命。阿根廷诗人博尔克斯曾经说过：任何命运，无论多么复杂漫长实际上只反应于一个瞬间，那就是人们彻底醒悟自己究竟是谁的那一刻。”“我不清楚梅西从何时起有了这样的领悟，但我知道那一刻一定不是轻易开始的，因为他的身边充满了像姆巴佩这样充满天赋的、积极上进的年轻人。梅西一定经历过低谷，彷徨质疑和挣扎，我们还记得3079天以前梅西也陷落在人生的低谷里。”“在巴西世界杯决赛中，梅西率领的球队在加时赛中输给了德国，距离大力神杯只有一步之遥，但今天他率领了他的小伙子们，为阿根廷赢回了36岁之后的又一个世界杯冠军，梅西挺了过来，阿根廷挺了过来。”“如果您曾经乘飞机飞过巴黎的上空，您会发现最醒目的不是塞纳河、卢浮宫，也不是凯旋门和圣母院，甚至也不是高耸的埃菲尔铁塔，您一定会为星罗棋布、遍地开花的足球场所惊叹，这才是法国足球的力量所在。”“卢塞尔体育场的烟花是在为阿根廷欢呼，同样也为所有参加世界杯的人送上祝福与敬意，冠军只有一个，但是所有人都有为自己的梦想去努力的机会。”“四年一度的世界杯就像年轮一样一圈一圈镌刻着历史的脚步，讲述着巨星的叱咤风云和黯然神伤，也讲述着我们自己生命的推演。要知道梅西这一代的球员在上一次阿根廷夺冠的时候还没有出生。”“四年前陪你看球的人现在还在联系吗？四年后看球的自己许过的愿望都实现了吗？我们为什么热爱着足球这项运动，因为它不仅展示了球员们励志的奋斗故事，也寄托了我们普通人平凡生活中的英雄梦想。”“恭喜阿根廷，也向法国队送上祝福，不论今晚你支持的球队是胜是负，都希望今天晚上的感悟能够帮助你勇敢面对明天早上推开门之后真实的生活，这，才是这项运动真正的魅力。”#阿根廷冠军##梅西最完美的封神之路##梅西 金球奖#,2022/12/19,1010,55,884,"阿根廷冠军,梅西最完美的封神之路,梅西 金球奖"
0,1,0,3,2,准备放假！阿根廷政府商讨庆祝世界杯夺冠 当地时间周二可能全国放假据南美门户网站infobae消息，阿根廷世界杯夺冠后，总统阿尔贝托-费尔南德斯正在商讨如何庆祝这一盛事。阿根廷政府可能宣布在当地时间周二放假，让阿根廷人民一起和回国的球队庆祝。#阿根廷冠军##梅西最完美的封神之路# ,2022/12/19,103,12,113,"阿根廷冠军,梅西最完美的封神之路"
0,1,0,2,1,从今天起，阿根廷成为了世界杯三冠球队！阿根廷国家队晒球衣近照队徽特写 真三星！#阿根廷冠军##梅西最完美的封神之路##梅西捧起大力神杯# ,2022/12/19,109,16,15,"阿根廷冠军,梅西最完美的封神之路,梅西捧起大力神杯"
0,1,1,1,5,球王！梅西手举大力神杯，阿圭罗将他抬起环绕球场接受膜拜！此刻梅西享受的来自全世界的崇拜！#阿根廷冠军##梅西最完美的封神之路# PP体育的微博视频 ,2022/12/19,160,6,125,"阿根廷冠军,梅西最完美的封神之路"
0,1,0,1,5,好朋友就是要分享喜悦！阿根廷点球大战击败法国夺冠，赛后苏亚雷斯和梅西在更衣室视频连线，祝贺好兄弟圆梦！苏亚雷斯随后社媒发文：“恭喜兄弟！你是世界冠军🏆 他们想说什么让他们说什么，你现在是并且将来也会是最好的🐐”#阿根廷冠军##苏亚雷斯祝贺梅西捧杯#  ,2022/12/19,171,14,3,"阿根廷冠军,苏亚雷斯祝贺梅西捧杯"
0,1,0,1,5,大罗祝贺梅西：很多巴西人为你加油 梅西让任何仇恨都被扔到角落里大罗在社交媒体晒出梅西高举大力神杯的照片并写道：“这家伙的足球让任何仇恨都被扔到角落里，我看到很多巴西人，还有世界各地的许多人都在这场决赛中为梅西加油。”“梅西不仅仅是一个世界杯球星，他还引领了一个时代，这场告别无愧于这位天才。”“恭喜你，梅西！” #梅西最完美的封神之路##阿根廷冠军#,2022/12/19,134,13,6,"梅西最完美的封神之路,阿根廷冠军"
0,1,0,3,2,全国狂欢！万人空巷！阿根廷球迷涌上布宜诺斯艾利斯街头一起疯狂庆祝#梅西最完美的封神之路##阿根廷冠军##阿根廷7比5法国# 万人空巷！阿根廷球迷涌上布宜诺斯艾利斯街头一起疯狂庆祝 ,2022/12/19,169,17,25,"梅西最完美的封神之路,阿根廷冠军,阿根廷7比5法国"
0,1,0,1,1,阿根廷时隔36年夺冠 35岁梅西圆梦世界杯似乎有一种宿命的感觉....#阿根廷冠军##阿根廷7比5法国##梅西封王# ,2022/12/19,143,15,11,"阿根廷冠军,阿根廷7比5法国,梅西封王"
0,1,1,2,8,世界杯官方发文：GOAT（历史最佳）之争结束了，世界杯现在是梅西收藏室的一部分，传奇完整了。阿根廷夺得第三座世界杯奖杯，梅西是全场最佳。#阿根廷夺冠##阿根廷7比5法国# ,2022/12/19,122,17,14,"阿根廷夺冠,阿根廷7比5法国"
0,1,0,1,2,这人看着挺眼熟阿根廷战胜法国夺冠，阿圭罗赛后敲锣打鼓庆祝 颁奖典礼上亲吻大力神杯#阿根廷夺冠# ,2022/12/19,76,11,1,阿根廷夺冠
0,1,0,1,1,不退役！梅西：不会从国家队退役，想以世界杯冠军身份继续比赛2022卡塔尔世界杯决赛，阿根廷在点球大战中战胜法国夺冠。梅西在赛后接受采访时透露，自己不会从国家队退役。梅西说道：“我当然想要以这样一座奖杯结束职业生涯，现在我已经没有更多奢望了。我现在不会退出阿根廷队，我想要以世界冠军的身份继续踢比赛。”,2022/12/19,211,29,121,
0,1,0,1,1,北京时间12月19日凌晨，2022卡塔尔世界杯落下帷幕，阿根廷时隔36年再次夺冠，卫冕冠军法国获得亚军。在个人奖项评选中，冠军球队阿根廷成为了最大赢家。最佳年轻球员奖：恩佐-费尔南德斯（阿根廷）金手套奖：马丁内斯（阿根廷）金靴奖：姆巴佩（法国，8球）金球奖：梅西（阿根廷）#梅西 金球奖# ,2022/12/19,186,23,11,梅西 金球奖
0,1,1,1,1,梅西封王！阿根廷时隔36年世界杯夺冠第21分钟，登贝莱禁区内绊倒迪马利亚送点，梅西主罚命中，1-0；第36分钟，麦卡利斯特助攻迪马利亚破门，2-0；第79分钟，奥塔门迪禁区内放倒穆阿尼送点，姆巴佩点射破门，2-1；第81分钟，小图拉姆助攻姆巴佩扳平比分，2-2；第109分钟，劳塔罗射门被扑，梅西补射破门，3-2；第118分钟，姆巴佩远射，皮球击中蒙铁尔手臂，主裁判判罚点球，姆巴佩亲自操刀主罚命中，3-3。点球大战第1轮，姆巴佩、梅西双双罚中，阿根廷4-4法国。点球大战第2轮，马丁内斯扑出科曼的点球，迪巴拉罚进，阿根廷5-4法国。点球大战第3轮，楚阿梅尼射失点球，帕雷德斯罚进，阿根廷6-4法国。点球大战第4轮，穆阿尼、蒙铁尔罚中点球，阿根廷7-5法国夺冠！#阿根廷夺冠##阿根廷7比5法国##世界杯决赛神剧情#,2022/12/19,325,14,50,"阿根廷夺冠,阿根廷7比5法国,世界杯决赛神剧情"
0,1,1,1,1,天使降临！迪马利亚破门，阿根廷2-0领先法国！第36分钟，梅西送出直塞，麦卡利斯特来到禁区前沿斜传禁区左侧，迪马利亚跟上推射破门扩大领先优势，阿根廷2-0领先！#法国VS阿根廷# ,2022/12/18,57,5,5,法国VS阿根廷
0,1,0,1,1,迪马利亚造点，梅西点射打入个人国家队大赛决赛首球！比赛第22分钟，登贝莱背后绊倒迪马利亚犯规，阿根廷获得点球！随后梅西点射骗过洛里命中，打入个人国家队大赛决赛首球，阿根廷1-0领先法国。#法国VS阿根廷# ,2022/12/18,20,2,107,法国VS阿根廷
0,1,0,1,3,心系球队，世界杯决赛前本泽马晒海报为法国队加油世界杯决赛前，本泽马晒出了法国队海报，为法国队加油。本泽马在本届世界杯开打前因伤退出，不过这位皇马前锋并没有退出法国队26人名单。在法国队闯进决赛后，媒体报道称本泽马拒绝前往卡塔尔观战决赛，因为他和德尚关系不和。今日，世界杯决赛即将开打，本泽马在社交媒体发布了一张法国队官方的比赛海报，并写道：“是时候了……团结一致，加油，蓝军！”#法国VS阿根廷#,2022/12/18,19,2,2,法国VS阿根廷
0,1,0,1,1,12月18日讯 北京时间12月18日23点，2022世界杯决赛阿根廷将对阵法国，赛前双方首发信息公布。阿根廷方面，梅西领衔，迪马利亚、阿尔瓦雷斯出战；法国方面，格列兹曼、姆巴佩领衔，拉比奥特、于帕梅卡诺出战。阿根廷首发门将：23-马丁内斯后卫：26-莫利纳、13-罗梅罗、19-奥塔门迪、8-阿库尼亚中场：7-德保罗、24-恩佐-费尔南德斯、20-麦卡利斯特、11-迪马利亚前锋：10-梅西、9-阿尔瓦雷斯替补：1-阿尔玛尼、12-鲁利、2-弗伊斯、3-塔利亚菲科、4-蒙铁尔、5-帕雷德斯、6-佩泽拉、14-帕拉西奥斯、15-安赫尔-科雷亚、16-阿尔马达、17-戈麦斯、18-圭多-罗德里格斯、21-迪巴拉、22-劳塔罗、25-利桑德罗-马丁内斯法国首发门将：1-洛里后卫：5-孔德、4-瓦拉内、18-于帕梅卡诺、22-特奥中场：14-拉比奥特、8-琼阿梅尼、7-格列兹曼前锋：11-登贝莱、9-吉鲁、10-姆巴佩替补：16-曼丹达、23-阿雷奥拉、2-帕瓦尔、3-迪萨西、17-萨利巴、24-科纳特、6-贡多齐、13-尤索夫-弗法纳、15-韦勒图、25-卡马文加、12-穆阿尼、20-科曼、26-小图拉姆#法国VS阿根廷#,2022/12/18,41,11,9,法国VS阿根廷
0,1,0,1,1,队报提前公布法国首发：姆巴佩领衔，吉鲁、特奥、瓦拉内在列北京时间12月18日23时，世界杯决赛，法国vs阿根廷。赛前法国媒体《队报》提前公布法国决赛首发↓门将：1-洛里后卫：5-孔德、4-瓦拉内、18-于帕梅卡诺、22-特奥中场：14-拉比奥特、8-琼阿梅尼、7-格列兹曼前锋：11-登贝莱、9-吉鲁、10-姆巴佩#法国VS阿根廷#,2022/12/18,19,5,0,法国VS阿根廷
0,1,0,2,3,齐达内为法国队助威：向着第三颗星出发吧，冲呀法国队！今晚，法国队就将迎来同阿根廷的世界杯决赛，赛前齐达内更新社交媒体，为法国队加油。齐达内写道：“参加世界杯决赛是少年时的梦想，让我们向第三颗星星出发吧，冲呀法国队！”#法国VS阿根廷# ,2022/12/18,20,3,1,法国VS阿根廷
0,1,0,2,1,官方：索斯盖特继续担任英格兰主帅，将带队征战2024欧洲杯 官方消息，索斯盖特继续担任英格兰主帅，将带队参加2024欧洲杯。本届世界杯，英格兰小组赛战胜伊朗、威尔士，战平美国以B组第一的身份晋级淘汰赛。1/8决赛他们3-0完胜塞内加尔，在1/4决赛1-2不敌法国。在英格兰从世界杯出局之后，索斯盖特一直在考虑自己的未来。索斯盖特与英足总的合同直至2024欧洲杯结束后，现在双方将继续这一合作。,2022/12/18,13,4,1,
0,1,0,1,1,据RMC最新消息，吉鲁的身体有轻微不适，决赛首发成疑。RMC表示吉鲁的身体健康状况目前是个问号，他在连续的高强度比赛后，身体有轻微不适。而且吉鲁并不是法国队内唯一有类似情况的球员。#法国VS阿根廷# ,2022/12/18,30,12,112,法国VS阿根廷
0,1,0,1,1,世体：布斯克茨已经决定在本赛季结束后离开巴萨据西班牙《世界体育报》报道，西班牙中场布斯克茨已经对未来做出了决定，他将在明年6月合同到期后离开巴萨。布斯克茨近期宣布退出西班牙国家队，而他的巴萨生涯也将告一段落，虽然还没有官方宣布，但布斯克茨已经做出了离队的决定。布斯克茨与巴萨的合同到明夏到期，他决定在为巴萨效力15年后换换环境，布斯克茨的下一站很可能是美国大联盟的迈阿密国际。,2022/12/18,8,1,115,
0,1,0,2,1,历届世界杯冠军：巴西5次捧杯，阿根廷法国各2次夺冠ESPN列出了自1930年以来的历届世界杯冠军，谁能第三次捧杯？历届世界杯冠军：1978年：阿根廷1986年：阿根廷1998年：法国2018年：法国 ,2022/12/18,21,11,116,
0,1,0,2,1,北京时间今天23:00，阿根廷将在世界杯决赛中对阵法国。大力神杯将花落谁家？ #法国VS阿根廷# ,2022/12/18,17,3,1,法国VS阿根廷
0,1,0,1,2,ESPN：本泽马拒绝了法国总统马克龙现场观看决赛的邀请法国总统马克龙将现场为法国队加油，据悉博格巴、坎特和金彭贝都收到了现场观战的邀请。但消息人士向ESPN透露，本泽马拒绝了马克龙的邀请。 #法国VS阿根廷# ,2022/12/18,25,6,2,法国VS阿根廷
0,1,0,2,1,世界杯决赛赔率：阿根廷胜2.75，平局3.0，法国胜2.8今晚23点世界杯决赛阿根廷对阵法国，目前两队赔率十分接近，阿根廷稍稍领先。决赛赔率：阿根廷胜2.75，平局3.0，法国胜2.8。此外，加时赛决出胜者的赔率为6.0，点球大赛决胜负的赔率为5.0。 #法国VS阿根廷# ,2022/12/18,59,27,110,法国VS阿根廷
0,1,0,1,1,阿什拉夫不满判罚质问因凡蒂诺：FIFA想做什么？世界杯三四名决赛，摩洛哥1比2不敌克罗地亚。本场比赛结束后，对此役判罚有诸多不满的摩洛哥球员，围住了当值主裁阿卜杜勒-拉赫曼·贾西姆，讨要说法。有媒体表示，情绪十分愤怒的摩洛哥右后卫阿什拉夫，更是在球员通道内，直接找到了国际足联主席因凡蒂诺，对其进行质问，“这已经是第二场比赛了，你们一直在做出针对我们的判罚。你们想做什么？不想让摩洛哥拿奖牌吗？”而在之后接受采访时，阿什拉夫也表示，自己已经向因凡蒂诺道歉，“其实没什么事，我在比赛后很愤怒，我去找他（因凡蒂诺）谈了谈。我为自己说的话道了歉。因凡蒂诺是我的朋友，我很尊重他，没发生什么。”#克罗地亚2比1摩洛哥#,2022/12/18,82,26,2,克罗地亚2比1摩洛哥
0,1,0,1,1,马卡：西班牙门神卡西将手捧大力神杯进入世界杯决赛球场世界杯决赛在即，阿根廷即将对阵法国。《马卡报》消息，西班牙足球名宿门神卡西利亚斯将手捧大力神杯进入世界杯决赛球场卢塞尔球场。 #法国VS阿根廷# ,2022/12/18,50,11,109,法国VS阿根廷
0,1,0,1,2,队报：本泽马和法国队中断联系，球员原本想留在国家队治疗近日，法媒《队报》对本泽马在法国队内的情况进行了透露，本泽马已和法国国家队工作人员中断联系。据多家法媒此前透露，因在金球颁奖上未感谢德尚，法国主帅对此不太高兴，本泽马与其关系也不佳。在退出本届世界杯后，本泽马也不知道如何定位自己在法国队的角色。 本泽马很想留在法国队疗伤，他不理解将其送走的决定。而媒体发布的关于没有他法国队会更好的报道也伤害了他，尽管这一想法是部分球员和工作人员的感受，但没有人公开提及过。#法国VS阿根廷#,2022/12/18,21,6,1,法国VS阿根廷
0,1,0,3,2,阿根廷总统：我不会去现场看世界杯决赛，将与家人共度美好时光费尔南德斯表示：“和全国人民一样，我会在家中观看世界杯决赛这场盛大的比赛，我会和往常一样，与家人一同度过这段美好的时光。”“我们最棒的球员们将在球场上全力以赴，看台上会有很多忠诚的我方球迷，然后我们还有预言之神卡巴拉的魔法。”#法国VS阿根廷#,2022/12/18,48,8,210,法国VS阿根廷
0,1,0,1,8,德转评世界杯决赛最佳阵：梅西、姆巴佩领衔，吉鲁&阿尔瓦雷斯在列本届世界杯决赛开战在即，德转也评选出决赛双方最佳11人阵容，其中梅西、姆巴佩领衔，吉鲁、阿尔瓦雷斯在列。以下为具体阵容：马丁内斯（阿根廷）特奥（法国）、C-罗梅罗（阿根廷）、瓦拉内（法国）、孔德（法国）姆巴佩（法国）、格列兹曼（法国）、恩佐-费尔南德斯（阿根廷）、梅西（阿根廷）吉鲁（法国）、阿尔瓦雷斯（阿根廷）,2022/12/18,19,0,328,
0,1,0,1,1,友谊赛-阿森纳0-2尤文图斯第22分钟，尼尔森受伤无法坚持被马尔基尼奥斯换下。第33分钟，恩凯蒂亚破门被吹越位在先，进球无效。第34分钟，法比奥-米雷蒂后场出球失误，恩凯蒂亚推射击中立柱。第45分钟，扎卡头球解围自摆乌龙！尤文1-0！第60分钟，加蒂解围自摆乌空，裁判判罚加布里埃尔犯规在先，进球被判无效。下半场补时第1分钟，伊令禁区左侧小角度射门，皮球击中霍尔丁身体后弹射入网，尤文2-0锁定胜局！,2022/12/18,11,2,218,
0,1,0,1,1,友谊赛-贝蒂斯1-1国米 哲科进球被吹！达米安救主第24分钟，戈森斯越位在先送出传中，哲科门前包抄破门被判无效。第83分钟，胡安米抢点头球破门打破僵局，贝蒂斯1-0领先！第84分钟，达米安后点凌空斩破门迅速扳平比分，国米1-1贝蒂斯！ ,2022/12/18,10,0,2,
0,1,0,1,1,世界杯-克罗地亚2-1摩洛哥夺得季军第7分钟，克罗地亚获得前场左侧任意球机会，莫德里奇虚晃一枪，马耶尔将皮球吊向禁区，佩里西奇禁区左侧头球摆渡，格瓦迪奥尔头槌俯冲破门，克罗地亚1-0领先！第9分钟，齐耶赫主罚前场右侧任意球传中，达里抢在利瓦科维奇身前头球攻门扳平比分，摩洛哥1-1！第42分钟，克罗地亚前场高位逼抢后利瓦亚分球到左路，曾效力中超的奥尔西奇禁区左侧小角度兜射打出弧线球，球击中右门柱弹进网，克罗地亚2-1再次取得领先！全场战罢，克罗地亚2-1击败摩洛哥夺得季军。#克罗地亚2比1摩洛哥##克罗地亚获得世界杯季军#,2022/12/18,17,2,3,"克罗地亚2比1摩洛哥,克罗地亚获得世界杯季军"
0,1,0,1,1,罗马诺：巴黎未来几周为梅西送上续约报价 希望他至少再留队一年根据转会名记罗马诺的消息，巴黎圣日耳曼将在未来几周为梅西送上续约报价。罗马诺在推特表示：巴黎圣日耳曼将在未来几周内向梅西送上续约报价，俱乐部的所有人都希望里奥留下来，至少再效力一个赛季。梅西将在2023年做出决定，迈阿密国际尝试接触梅西，但双方没有达成任何协议，巴黎现在将开始推进与梅西的续约。,2022/12/17,35,3,0,
0,1,0,1,1,记者：英足总有希望挽回索斯盖特 一月再进行会谈据英国媒体记者亨利-温特尔（Henry Winter）的消息，英足总和索斯盖特的会谈将会在1月举行。索斯盖特在结束了世界杯的带队后，想要离开英格兰的帅位，这也引发了不少的讨论。记者亨利-温特尔在社交媒体上写道：“英足总已经告知了索斯盖特，将在1月初与他进行‘全面的会谈’，届时索斯盖特会汇报自己的工作。这一举动可以理解为，索帅能在圣诞节和新年之际，先与家人一起放松，让自己的‘能量’得到恢复，未来继续发挥作用。”,2022/12/17,8,1,0,
0,1,0,1,1,克罗地亚VS摩洛哥首发：莫德里奇PK齐耶赫 佩剑科瓦契奇出战！北京时间12月17日23:00，2022年卡塔尔世界杯季军争夺战展开较量，克罗地亚迎战摩洛哥，赛前两队公布了本场比赛的首发阵容。克罗地亚首发：1利瓦科维奇；24苏塔洛，2斯坦尼西奇，19格瓦迪奥尔，4佩里希奇；7马耶尔，8科瓦契奇，10莫德里奇；9克拉马里奇，14利瓦亚，18奥尔西奇克罗地亚替补：12格尔比奇、23伊武希奇；3巴里希奇、5埃尔利奇、6洛夫伦、11布罗佐维奇、13弗拉希奇、15帕萨利奇、16佩特科维奇、17布季米尔、19索萨、21维达、22尤拉诺维奇、25苏契奇、26亚基奇摩洛哥首发：1布努；2阿什拉夫，18埃尔-亚米克，20达里，25阿拉；4阿姆拉巴特；7齐耶赫，23哈努斯，11萨比里，17鲍法尔；19恩-内斯里摩洛哥替补：穆尼尔，塔纳乌蒂；阿格尔德，赛斯，欧纳希，哈姆达拉，扎鲁里，查伊尔，阿布哈拉勒，阿马拉，阿布德，谢迪拉，贝农，贾布拉内,2022/12/17,20,0,2,
0,1,0,1,1,罗体：穆帅已拒绝葡萄牙国家队 准备与罗马谈个人续约据《罗马体育报》报道，穆里尼奥已拒绝葡萄牙国家队的邀请，准备与罗马主席接触，商谈引援和个人续约问题。报道称，葡萄牙足协确实邀请穆里尼奥担任新任国家队主帅，不过穆里尼奥也已经拒绝了葡萄牙足协的邀请，因为穆里尼奥想专注于与罗马一同实现目标，至少这个赛季依然如此。,2022/12/17,34,6,6,
0,1,0,1,1,Here We Go！罗马诺：恩昆库将在明夏加盟切尔西根据转会名记罗马诺的消息，莱比锡前锋恩昆库明夏加盟切尔西，转会已经100%完成。罗马诺在推特表示：克里斯多夫-恩昆库加盟切尔西的交易，已经签字盖章。Here We Go！所有的文件和合同也都签好了，转会已经100%完成了。法国前锋可以被认为是切尔西的新球员，从2023年7月开始。莱比锡和球员方面都完成了签字。,2022/12/17,18,5,0,
0,1,0,1,8,德转评本届世界杯最佳球员候选：梅西、姆巴佩领衔 阿尔瓦雷斯在列北京时间12月17日傍晚，德转评选本届世界杯最佳球员候选，4名球员分别是梅西、姆巴佩、阿尔瓦雷斯以及摩洛哥的阿姆拉巴特。 ,2022/12/17,25,11,0,
0,1,0,1,1,队报预测法国首发：姆巴佩搭档吉鲁 萨利巴或顶替瓦拉内出战队报称，德尚的计划却被一场席卷法国队的病毒打乱了。流感导致拉比奥和乌帕梅卡诺错过了半决赛同摩洛哥的比赛，现在已经扩散到其他球员身上——尤其是瓦拉内和科纳特身上。瓦拉内缺席了周五的训练，如果他缺席周日下午的训练，那么萨利巴可能会出现在一个不太可能的首发名单上，到目前为止，他只在对阵突尼斯的比赛中出场。法国世界杯决赛首发预测：洛里；孔德，瓦拉内(或萨利巴)， 于帕梅卡诺，特奥-埃尔南德斯；格列兹曼，楚阿梅尼，拉比奥-登贝莱，吉鲁，姆巴佩,2022/12/17,20,3,108,
0,1,1,1,1,FIFA发布季军战海报：见证魔笛最后一舞 摩洛哥书写非洲神话北京时间12月17日23:00，2022年卡塔尔世界杯季军战即将打响，克罗地亚迎战摩洛哥，赛前FIFA官方发布比赛海报。这是一场没有败者的比赛，坚韧不拔的格子军团克罗地亚与一路过关斩将的黑马摩洛哥会师季军战。两位中场核心将在卡塔尔世界杯季军战中一决高下。我们将见证莫德里奇的世界杯最后一舞，也或将见证非洲球队书写的神话。我们为他们献上掌声，我们为他们的传奇表现喝彩！那么，球迷朋友们觉得谁能取胜呢？,2022/12/17,14,5,2,
0,1,0,1,1,菲戈：梅西展现了才华和球技 法国各条线最强能最后夺冠北京时间12月17日，葡萄牙名宿菲戈接受了国内媒体的采访，在采访中菲戈谈到了本届世界杯，并预测法国队将获得冠军。如何评价梅西本届世界杯的表现？梅西就是梅西，展示了他的才华和高超的球技，帮助阿根廷队实现伟大的目标，努力成为世界杯的冠军。我觉得他在比赛中的表现很好。预测本届世界杯的冠军？从现在的情况看，法国队的各条线是最强的，理论上他们应该能走到最后。,2022/12/17,15,5,1,
0,1,0,1,1,#世界杯#【世界杯总进球数排行：1998年&2014年171球居首，本届已进163球】本届卡塔尔世界杯能够打破单届世界杯比赛进球数吗？（目前还剩两场：季军战-克罗地亚VS摩洛哥，冠军战-法国VS阿根廷）到目前为止，卡塔尔世界杯在决赛和三四名决赛还没有开始的情况下，各支球队共计打进163球，在世界杯的官方统计数据中，这一数字已经排在第四位。到目前为止，总进球数最多的2014年巴西世界杯和1998年法国世界杯，这两届比赛总进球数都达到了171球，排在第三位的是2018年的俄罗斯世界杯，总进球数为169球。,2022/12/17,11,7,3,世界杯
0,1,0,1,1,#法国VS阿根廷#【队报：梅西和姆巴佩算不上朋友，互相尊重+场外见面少+有各自圈子】世界杯决赛即将打响，梅西率领的阿根廷对上姆巴佩领衔的法国。法国《队报》撰文谈到身为俱乐部队友的两人关系。队报认为，如果必须总结梅西和姆巴佩之间的关系，那就是两人高度地互相尊重。姆巴佩的强势表现令众人折服，梅西也明白他是一个与众不同的球员。为了能在巴黎赢得欧冠，姆巴佩的存在对于梅西来说很重要。梅西在获得第七次金球奖后，姆巴佩也对梅西送上自己的肯定。随着姆巴佩续约巴黎，梅西和他的关系越来越亲近。梅西没有去寻求队内第一的位置，他明白姆巴佩是球队当时最重要的资产，因此他从团队和共同利益点出发，让双方的联系更加顺畅。在梅西得知姆巴佩续约那天，前者曾向家人吐露心声：“这对我们来说真是个好消息！”然而，梅西和姆巴佩的关系来自职业的态度，严格来说他们两个算不上朋友。除了偶尔的团队聚会，两人很少在球队外头见面。不过在训练中，他们会就技术和动作进行了互相交流，了解彼此的习惯。如果说内马尔和姆巴佩的情况更复杂，那梅西和姆巴佩对待双方的关系一直保持着建设性态度。比如，在“点球门”（8月13日巴黎vs蒙彼利埃，姆巴佩和内马尔争夺点球）期间，梅西曾在队内谨慎地说了一些话以缓和紧张的态势。不过，每个人都有自己更加亲近的圈子。梅西和帕雷德斯、迪马利亚、维拉蒂关系更好，姆巴佩则是和阿什拉夫、拉莫斯、纳瓦斯、埃基蒂克等。并且，两个圈子的球员在训练中偶尔也会发生摩擦导致关系紧张。,2022/12/17,51,8,1,法国VS阿根廷
0,1,0,1,7,【全美国各州球员搜索排行：梅西在32个州领先，C罗拿下16个州】根据Stats Perform在2022年的数据，梅西和C罗是美国各州搜索（访问球员各自的官方页面）最多的球员。其中，梅西在全美国32个州中领先，C罗则是在16个州领先。另外，这个数据在全美国50个州中只有两个州不被梅罗所把持，一个是新墨西哥州——德国中场维尔茨，一个是罗德岛州——里昂中场卡克雷。新墨西哥州方面，该州只有8%的德国血统人口，维尔茨领先的原因可能是：勒沃库森所有者拜耳制药在今年进行了其位于新墨西哥州开展业务100年的庆典，同时在托卢卡设有大型工厂。罗德岛州方面，他们搜索里昂中场卡克雷更多的原因之一可能是美国的里昂支持者的一些主要推特账号来自这里，还有就是美国商人特克斯特正打算收购里昂。,2022/12/17,32,4,9,
0,1,0,2,10,【还有料！媒体人：有人实名举报，某俱乐部主帅找李铁交易国脚名额】据媒体人李平康持续跟进李铁案相关消息，15日下午，有人都湖北监委实名举报，国内某俱乐部主帅与李铁交易国脚名额。李平康透露：“国内某俱乐部主教练曾找到李铁，表示自己签某球员的承诺是令其入选国足，希望李铁能帮忙，后来该球员成功进入国足，也加盟了这位教练员所在的俱乐部。 ”,2022/12/17,57,25,7,
0,2,0,1,1,#姚明连任# 【新华社：姚明连任中国篮协主席】你看好在姚主席的连任下，中国男篮再创辉煌吗？据新华社消息，中国篮球协会17日以线上形式召开换届会议，姚明连任中国篮球协会主席。  ,2022/12/17,19,9,8,姚明连任
0,1,0,1,1,【每体盘点预计不会出战下届世界杯球员：梅罗、内马尔、本泽马在列】随着阿根廷和法国之间的决赛即将打响，卡塔尔世界杯在接近一个月的时间里终将落下帷幕。对于一些老将而言，他们很难出现在2026年世界杯的赛场上，《每日体育报》对此进行了盘点......1、本泽马：34岁2、阿尔维斯：39岁3、迪马利亚：34岁4、吉鲁：36岁5、布斯克茨：34岁6、内马尔：30岁7、洛里：35岁8、阿尔巴：33岁9、C罗：37岁10、诺伊尔：36岁11、蒂亚戈-席尔瓦：38岁12、苏亚雷斯：35岁13、佩佩：39岁14、戈丁：36岁15、穆勒：33岁16、贝尔：33岁17、梅西：35岁18、奥乔亚：37岁19、莱万：34岁20、奥塔门迪：34岁21、瓜尔达多：36岁22、莫德里奇：37岁,2022/12/17,36,10,113,
0,1,0,1,3,#法国VS阿根廷# 【梅西INS晒训练照备战世界杯决赛 表情严肃目光坚定】梅西能否夺得世界杯冠军？个人能否夺得世界杯金靴？北京时间本周日晚11点，阿根廷将在世界杯决赛中迎战法国，现在两队都在积极备战之中。梅西今天就在社交平台晒出自己的训练照，看起来眼神坚定。 ,2022/12/17,29,3,105,法国VS阿根廷
0,1,0,1,8,【埃弗拉：C罗现在所做的事搞得好像他很糟糕，他若退役我不会吃惊】你觉得C罗会退役吗？曼联名宿埃弗拉接受《天空体育》采访谈到前队友C罗，他认为就算C罗现在决定退役他也不会吃惊。埃弗拉：我和他交流的时候，并不会去询问他下一步的打算，我们谈的更多是关于生活和家庭方面。我不知道，我真的不知道C罗是否会退役。当你受到那么多的批评，尤其又在职业生涯的末期，这时你可能会说‘好吧，时候停下脚步了’。更甚的是，（考虑到）C罗现在无法成为国家队首发，而他又想上场踢球和保持身体状态。和国家队一起赢得世界杯曾经是他的梦想，而这个梦想已经破灭了。我不是在为C罗说话，但如果他说‘我要退役了’，我也不会感到吃惊，因为现在C罗所做的所有事，搞得好像他是一个坏蛋，糟糕的球员一样。如果他决定退役，我真的不会感到惊讶。,2022/12/17,99,25,111,
0,1,0,1,8,#法国VS阿根廷# 【范加尔：梅西是全世界最有威胁的球员，但他对无球阶段贡献很少】接受记者采访时，范加尔谈到了关于梅西的话题。范加尔表示：“梅西确实是世界足坛中最具威胁的球员，他总能制造非常多的机会，并且很多时候单凭自己一人就能创造机会。”“但与此同时，梅西也有他的不足之处，比如他很少参与到球队的无球阶段，而在对阵阿根廷的时候，我也是基于这一点提高了我们的胜算。”,2022/12/17,240,38,112,法国VS阿根廷
0,1,0,1,1,#C罗找下家# 【马卡记者辟谣C罗皇马传闻：双方关系良好，但仅此而已】记者José Félix Díaz报道，C罗和皇马目前关系良好，但除此之外双方没有任何其他关联。当地时间本周四，C罗驾车至皇马巴尔德贝巴斯基地训练，此前有媒体透露，C罗获得了皇马许可，将在巴尔德贝巴斯基地的一块球场单独训练，迷你罗也与父亲一起训练。,2022/12/17,15,2,0,C罗找下家
0,1,0,2,2,意甲名宿米哈伊洛维奇因白血病不幸去世，享年53岁意甲名宿米哈伊洛维奇的家人发布讣告，米哈伊洛维奇因白血病不幸去世，享年53岁。米哈在2019年7月确诊急性白血病，但45天后他就重返教练席，此后米哈一边执教一边治疗，在三轮化疗后接受了骨髓移植，完全康复，近两年未曾复发。2022年3月26日，在博洛尼亚的赛前新闻发布会上，米哈伊洛维奇透露，自己的白血病复发。米哈伊洛维奇，1969年生于前南斯拉夫，是意甲传奇球星。米哈曾效力过贝尔格莱德红星、罗马、桑普多利亚、拉齐奥、国际米兰等多家俱乐部。,2022/12/16,33,9,19,
0,1,0,1,1,顶流！马卡：梅西的阿根廷球衣在全球范围内售罄据《马卡报》报道，梅西的阿根廷球衣在全球范围内售罄，无论是在布宜诺斯艾利斯、马德里、多哈、东京......阿迪达斯商店里印有10号和梅西名字的球衣已经断货。断货导致了假货的猖獗，收到大量投诉的阿根廷足协几天前表示：“我们对此无能为力，尽管更多的销售符合我们的利益。这是阿迪达斯的事。”阿迪达斯方面解释说他们也无法在一夜之间增加产量。,2022/12/16,30,10,5,
0,1,0,2,1,FIFA官方：2022世俱杯将于明年2月在摩洛哥举行 FIFA官方消息，2022年的世俱杯将于明年2月在摩洛哥举行。本届世俱杯赛由东道主球队首先与大洋洲冠军队展开对决，胜者晋级1/4决赛。代表东道主出战的将是上赛季阿联酋联赛冠军艾因队。其他几大洲的冠军队伍包括：欧洲代表西班牙皇马队、南美代表巴西弗拉门戈队、中北美洲代表美国西雅图海湾者队、非洲代表摩洛哥维达德队以及大洋洲代表新西兰奥克兰城队。,2022/12/16,29,13,114,
0,1,0,1,7,"风靡世界？梅西金句“给你俩窝窝”成国外一啤酒宣传片广告词梅西在对荷兰赛后飙出的句子“给你俩窝窝”（Què miras, babau）让球迷印象深刻。近日，国外一啤酒品牌将“给你俩窝窝”这句话加入广告片中。“给你俩窝窝”（Què miras, babau）的中文意思是：你在看什么？笨蛋 ",2022/12/16,35,8,10,
0,1,1,1,8,奥莱报头版：梅西是现在的王，他值得用世界杯冠军为自己加冕奥莱报今日头版：鼓励梅西！头版小字写道：世界各地的足球传奇告诉奥莱报，梅西是现在的王，他值得用世界杯为自己的生涯加冕。12月18日23点，世界杯决赛，梅西领衔的阿根廷将与卫冕冠军法国争冠。#世界杯# ,2022/12/16,19,3,1,世界杯
0,1,0,1,8,内维尔：梅西是世界杯最佳 姆巴佩身处的团队更强大在天空体育的节目中，英格兰名宿加里-内维尔谈到了本届世界杯最佳球员的话题，内维尔表示自己会选梅西，因为姆巴佩的法国比梅西的阿根廷整体要更强大。“我会说是梅西，因为我认为姆巴佩身处于一支比梅西的球队更好的队伍。我想姆巴佩身边有很多很棒的球员，而梅西，你可以看看他身边的球员——别误会我的意思，他们的水平很高。”“实际上我在阿根廷对阵克罗地亚比赛的最后五分钟拍了一张照片，有10名阿根廷球员在禁区附近防守，这真的是对阿根廷的一种总结。对梅西来说，世界杯确实就像一种使命，不是吗？”,2022/12/16,23,12,7,
0,1,0,2,1,#世界杯# 决赛预测谁会成为最后的胜利者？ ,2022/12/16,31,18,1,世界杯
0,1,0,1,1,恐怖胜率！瓦拉内17次决赛15胜 仅输掉14年西超18年欧超卡塔尔世界杯决赛，法国将迎来与阿根廷的比赛。这也是法国中卫瓦拉内的第二次世界杯决赛之旅。据统计，瓦拉内在他参加的17场决赛中赢了15场，胜率为88%。他输掉仅有的两场决赛是2014年西班牙超级杯和2018年欧洲超级杯，他所效力的皇家马德里在决赛中不敌对手。,2022/12/16,31,9,119,
0,1,0,2,1,葡媒：穆里尼奥同意接手葡萄牙国家队 但要带罗马到赛季结束葡萄牙媒体晨邮报的消息，穆里尼奥愿意接手葡萄牙国家队，但是有附加条件。该媒体表示，穆里尼奥希望能够带完罗马至本赛季结束，并且希望得到一份为期四年的合同。罗马队目前正在葡萄牙的阿尔加维进行冬训，据悉，葡萄牙足协主席费尔南多-戈麦斯准备前往该地与穆里尼奥进行会谈。,2022/12/16,36,6,8,
0,1,0,1,1,梅西09年以来306次获得全场最佳 占所参加比赛52%梅西本届世界杯表现出色，已经4次获得全场最佳。据媒体统计，自2009年以来，梅西已经306次获得了全场最佳，在他参加的所有比赛中占比高达52%。 ,2022/12/16,36,5,5,
0,1,0,1,8,波尔图主席：C罗有价值 但葡超球队给不起薪水葡萄牙波尔图俱乐部主席平托-达-科斯塔接受了媒体采访，媒体问他，是否能想象C罗回到葡萄牙足坛的场景。“这取决于他和感兴趣的俱乐部。但在葡萄牙，没有人有能力给C罗他满意的工资，而且是他希望得到的那种金额。” ,2022/12/16,19,2,12,
0,1,0,1,2,心情不错！有球迷拍到C罗面带笑容驾车前往皇马基地训练当地时间周四，C罗驾车至皇马巴尔德贝巴斯基地训练，由视频可见C罗驾车时面带笑容心情不错。C罗获得了皇马许可，将在巴尔德贝巴斯基地的一块球场单独训练，迷你罗也与父亲一起训练。 ,2022/12/16,71,17,5,
0,1,0,2,1,官方：68岁葡萄牙主帅桑托斯正式离任 结束8年国家队执教桑托斯现年68岁，2014年9月接过葡萄牙主帅一职，他与国家队的合同2024年欧洲杯后到期。桑托斯带队打了两届世界杯和两届欧洲杯，成绩分别是2016欧洲杯冠军、2018世界杯16强、2020欧洲杯16强和2022世界杯8强。此外，桑托斯带队获得了第一届欧国联冠军。本届世界杯，葡萄牙小组赛2胜1负头名出线，1/4决赛不敌摩洛哥，止步八强。,2022/12/16,35,11,114,
0,1,0,1,1,拉响警报🚨世体：梅西在半决赛中左腿腿筋不适 缺席了阿根廷队周四的训练据西班牙《世界体育报》报道，梅西在半决赛中左腿腿筋不适，缺席了阿根廷周四的训练。在对阵克罗地亚的比赛中，梅西左腿腿筋不适，在赛后的采访中梅西表示自己身体无大碍。目前，梅西不适的程度仍然未知，但毫无疑问他会准备好参加即将到来的世界杯决赛。,2022/12/16,185,39,17,
0,1,0,1,1,迪马济奥：C罗本想在纽卡踢半年再去沙特 但这笔交易已经黄了迪马济奥接受荷兰媒体的采时谈到了C罗的下家问题。迪马济奥表示：“C罗收到的唯一报价来自利雅得胜利。他们在夏天就已经想要他了，现在摆在桌面上的是一份年薪2亿欧元的两年半合同。”“C罗其实很想留在欧洲，但他没收到欧洲俱乐部的具体报价，除了来自纽卡的。他的想法是在那里踢半年，然后再去利雅得胜利。但我认为这笔交易已经黄了。”“当然，他没有合同在身，所以仍可能收到报价，但我不知道这是否会发生。目前只有阿拉伯球队有可能，例如来自迪拜的球队。在欧洲，他没有选择了。是的，葡萄牙体育渴望引进他，但他们在经济上当然不能与利雅得胜利以及其他阿拉伯俱乐部竞争。”,2022/12/15,977,219,123,
0,1,0,1,1,摩洛哥官方：抗议主裁拉莫斯在与法国半决赛中的判罚 已提起申诉官方公告：摩洛哥足协对塞萨尔-拉莫斯在摩洛哥对阵法国的半决赛中的判罚表示强烈抗议。摩洛哥足协将毫不犹豫地捍卫我们球队的权利，呼吁对摩洛哥国家队在半决赛中遭到的不公正仲裁采取必要措施。 ,2022/12/15,15,5,1,
0,1,0,1,1,官方：皇马签下16岁巴西前锋恩德里克 转会费总价7200万欧 官方公告“皇马俱乐部与帕尔梅拉斯俱乐部、恩德里克、及其家人达成协议，恩德里克将会在2024年7月正式加入皇马，在那之前恩德里克将继续留在帕尔梅拉斯训练，球员将在未来几天前往马德里参观俱乐部设施。” 据罗马诺透露，恩德里克的转会费包括6000万欧元+1200万欧元税款。他与皇马签至2027年，合同中还包含续约3年的选项。,2022/12/15,18,8,4,
0,1,0,1,1,中超-泰山4-2广州队落后榜首3分 莫伊塞斯独造4球费莱尼建功上半场，莫伊塞斯低射破门，韦世豪造点并亲自主罚命中，杨立瑜兜射破门，莫伊塞斯点球扳平比分。下半场，莫伊塞斯助攻费莱尼低射破门，莫伊塞斯再度造点，金敬道主罚命中。 ,2022/12/15,12,2,11,
0,1,0,1,8,记者：若法国夺冠世界杯MVP应是格列兹曼 反之则是梅西记者Sergio Valentín在社交媒体上表示，梅西和格列兹曼是本届世界杯MVP的候选，谁夺冠谁就会拿到这一奖项。Sergio Valentín写道： “我对此很明确，无论其他球员在决赛中表现如何，如果阿根廷在周日获胜，梅西应该是世界杯MVP；如果法国队周日获胜，格列兹曼应该成为世界杯MVP。”,2022/12/15,64,19,1,
0,1,0,1,1,图片报：格瓦迪奥尔解约金数额为1.12亿欧元，但要到2024年生效据《图片报》报道，莱比锡中卫格瓦迪奥尔的解约金为1.12亿欧元，但生效是在2024年，到时对他感兴趣的俱乐部可以就引进这名前途无量的中卫进行自由谈判。卡塔尔世界杯上，格瓦迪奥尔有着令人印象深刻的发挥，这让他再次成为各大豪门争抢的目标。今年9月，经过数月谈判后，莱比锡和格瓦迪奥尔成功续约至2027年，他的合同中并不包含在明夏有效的解约金条款。但是，到了2024年的时候，情况将会变得不同。,2022/12/15,19,0,5,
0,1,0,1,1,中超-北京国安3-0长春亚泰联赛两连胜 王子铭双响张玉宁点射中超联赛第31轮，北京国安迎战长春亚泰。上半场王子铭头球破门，下半场他再下一城，张玉宁点射。 ,2022/12/15,9,2,7,
0,1,0,1,8,马卡评世界杯半决赛最佳阵：梅西、格列兹曼、阿尔瓦雷斯在列《马卡报》评世界杯半决赛最佳阵容门将：洛里（法国）后卫：莫利纳（阿根廷），亚米克（摩洛哥），科纳特（法国），特奥（法国）中场：格列兹曼（法国），奥纳希（摩洛哥），琼阿梅尼（法国），恩佐-费尔南德斯（阿根廷）前锋：梅西（阿根廷），阿尔瓦雷斯（阿根廷）,2022/12/15,34,5,4,
0,1,0,1,1,4人！马竞是打进本届世界杯决赛中球员最多的俱乐部根据统计，马竞有4名球员打进了世界杯决赛，这一数据是所有俱乐部中最多的：格列兹曼、德保罗、莫利纳、安赫尔-科雷亚。 ,2022/12/15,43,12,5,
0,1,0,1,2,闷的不轻！姆巴佩热身踢球击中球迷 急忙赶到场边安慰致歉 PP体育的微博视频 ,2022/12/15,27,2,1,
0,1,0,2,1,阿根廷、法国会师决赛！梅西封王or法国卫冕？#世界杯# #pp体育陪你看世界杯# ,2022/12/15,46,13,5,"世界杯,pp体育陪你看世界杯"
0,1,0,1,1,梅西、姆巴佩近两届世界杯数据对比出场时间：930分钟-1011分钟进球数：6-9助攻数：5-2进球+助攻：11-11创造机会：28-20运球：38-53#阿根廷法国会师决赛# ,2022/12/15,41,18,7,阿根廷法国会师决赛
0,1,0,3,2,法国总统马克龙赛后前往更衣狂欢室 与队员一起庆祝晋级决赛#马克龙加入法国队赛后狂欢##马克龙说法国队让我自豪##阿根廷法国会师决赛# PP体育的微博视频 ,2022/12/15,88,14,5,"马克龙加入法国队赛后狂欢,马克龙说法国队让我自豪,阿根廷法国会师决赛"
0,1,0,1,5,语出惊人！六台记者&C罗好友：梅西很久没成为世界最佳了六台记者、C罗好友的Edu Aguirre近日谈到梅西时表示：“他已经很久没成为世界最佳了，他没有那个水平。” ,2022/12/15,758,84,9,
0,1,0,1,1,时隔24年卫冕冠军再进决赛低开高走，阿根廷剑指大力神杯阿根廷、法国会师决赛，你更看好谁夺冠？#阿根廷法国会师决赛#  网页链接 ,2022/12/15,1192,12,6,阿根廷法国会师决赛
0,1,0,1,1,世体：本泽马仍在法国队大名单中 如果球队进入决赛他可以出战据《世界体育报》报道，如果接下来的世界杯半决赛法国队击败摩洛哥进入决赛，在本届锦标赛开赛前因伤退出的本泽马仍可随法国队作战。在离开国家队训练营后，本泽马回到了皇马，并进行了一些恢复训练，在休息了一段时间之后，他已经可以正常训练。因此，如果法国队晋级决赛，本泽马仍可能在下周日前往卡塔尔，和球队一起参加比赛。,2022/12/14,55,13,2,
0,1,0,2,2,阿根廷队大胜克罗地亚晋级决赛 阿首都球迷沸腾了 PP体育的微博视频 ,2022/12/14,43,10,5,
0,1,0,3,2,四川一男子12万重注巴西胜克罗地亚 赛后泪诉不清楚规则要求退钱四川电视台新闻频道报道，近日四川成都一男子重注12万巴西常规时间胜克罗地亚，赛后认为未被告知清楚规则要求撤单退钱。该男子表示，彩票店老板未向他说明常规时间90分钟以及补时后，还有加时赛这一流程。该男子认为这对于他买彩票的判断产生了影响，认为彩票店老板欺骗了他，他要求撤回交易。该男子所投注的这场比赛，世界杯1/4决赛，巴西在常规时间0-0战平克罗地亚（含补时）。加时赛阶段，巴西1-1战平克罗地亚。点球大战，巴西不敌克罗地亚遭淘汰。,2022/12/14,130,67,9,
0,1,0,1,1,越老越妖！梅西本届世界杯每71分钟造1球ESPN阿根廷站对比了梅西本届世界杯和此前4届世界杯的数据表现：此前4届-本届参赛场次：19-6出场时间：1624分钟-570分钟射门（射正）：72（28）-27（14）进球：6-5淘汰赛进球：0-3助攻：5-3每制造1球所需要的时间：147分钟-71分钟#阿根廷主帅说梅西是历史最佳# #梅西的第二个世界杯决赛# #阿根廷3比0克罗地亚#,2022/12/14,27,2,3,"阿根廷主帅说梅西是历史最佳,梅西的第二个世界杯决赛,阿根廷3比0克罗地亚"
0,1,0,2,1,葡萄牙足协邀请穆帅执教 可同时兼任罗马主帅一职0-1不敌摩洛哥，葡萄牙止步世界杯八强，葡萄牙足协对此感到十分不满，有意解雇老帅桑托斯。据葡萄牙及意大利两国的媒体报道，葡萄牙足协已经与穆里尼奥取得了联系，罗马主帅有望首度执掌国家队教鞭。《米兰体育报》表示葡萄牙足协并不要求穆帅从罗马辞职，而是允许他同时兼任两份工作，即同时执教罗马俱乐部和葡萄牙国家队。,2022/12/14,35,16,7,
0,1,0,1,1,世界杯半决赛，阿根廷3比0克罗地亚，时隔8年再进世界杯决赛。本场比赛，梅西传射建功，带领全队晋级。在接受专访时，主帅斯卡洛尼表示梅西就是天生的领导者，没有人不想执教梅西，能成为他的主帅是我的荣幸，他是当之无愧的足坛历史最佳球员。#阿根廷主帅说梅西是天生的领导者##阿根廷主帅说梅西是历史最佳##阿根廷3比0克罗地亚#西北望看台的微博视频,2022/12/14,24,2,1,"阿根廷主帅说梅西是天生的领导者,阿根廷主帅说梅西是历史最佳,阿根廷3比0克罗地亚"
0,1,0,1,1,格瓦迪奥尔前5场世界杯一共被过1次 对位梅西单场被过3次世界杯半决赛，克罗地亚0-3不敌阿根廷，无缘连续两届世界杯闯入决赛。本场比赛，克罗地亚年轻中卫格瓦迪奥尔在防守梅西时被过掉了3次。据统计，他在此前的5场比赛中，他一共只在对阵加拿大时被过1次。#阿根廷3比0克罗地亚# #阿根廷时隔8年再进决赛#,2022/12/14,72,10,4,"阿根廷3比0克罗地亚,阿根廷时隔8年再进决赛"
0,1,0,2,1,克罗地亚裁判主席：佩佩说得有道理 阿根廷确实被偏袒了世界杯半决赛，克罗地亚0-3不敌阿根廷，无缘决赛。克罗地亚足球裁判协会主席Bruno Maric接受采访时表达了对点球判罚的不满。“虽然我不相信阴谋论，但是我必须说佩佩说得有道理，阿根廷确实被偏袒了，从第32分钟的判罚就表明了这种可能性。”“这个点球不存在，利瓦科维奇没有犯规。很遗憾看到主裁判奥尔萨托做出一个令人难以置信的决定，这是一个直接影响到比赛结果的决定，不公平，不可接受！”,2022/12/14,315,90,7,
0,1,0,1,5,笑得真甜！阿圭罗再次为梅西颁发全场最佳球员奖杯 PP体育的微博视频 ,2022/12/14,51,9,1,
0,1,0,1,1,世界杯半决赛，克罗地亚0-3不敌阿根廷止步四强。克罗地亚队长莫德里奇首发出场并在第81分钟，被替换下场。魔笛VS阿根廷数据：射门1次（射偏）盘带过人：3（3）触球：93传球：67/78（86%）关键传球：2传中：2（1）长传：3（2）地面对抗：8（7）丢失球权：12犯规：1被犯规：2解围：2抢断：2#致敬魔笛# #莫德里奇最后一舞#,2022/12/14,21,0,1,"致敬魔笛,莫德里奇最后一舞"
0,1,0,2,1,2022卡塔尔世界杯半决赛，阿根廷3-0淘汰克罗地亚，时隔8年再进世界杯决赛，这是阿根廷历史上第6次打进世界杯决赛，追平意大利，仅次于德国（8次）、巴西（7次）。在世界杯的历史上，阿根廷曾2次夺冠，3次拿到亚军。1930年世界杯，阿根廷夺得亚军。1978年，阿根廷足球首次站在世界之巅。1986年，阿根廷史上第2次夺得世界杯冠军。1990年、2014年，阿根廷2次打进决赛，但均与冠军无缘。#阿根廷时隔8年再进决赛#,2022/12/14,24,4,2,阿根廷时隔8年再进决赛
0,1,0,1,1,世界杯金靴之争白热化！梅西＆姆巴佩5球领跑世界杯射手榜：梅西：5球姆巴佩：5球吉鲁：4球阿尔瓦雷斯：4球*打进3球的贡萨洛-拉莫斯、莫拉塔、拉什福德、恩纳-瓦伦西亚、萨卡、理查利森以及加克波所在的球队均已出局。您认为谁会赢得卡塔尔世界杯金靴奖？ ,2022/12/14,104,19,5,
0,1,1,1,1,梅西就是纪录！独享世界杯现役射手王+助攻王阿根廷3-0淘汰克罗地亚，时隔8年重返世界杯决赛。此役传射建功的梅西，一战缔造多项纪录。4-世界杯生涯第4次单场传射，自1966年来首人。5-梅西攻入本届世界杯第5球，追平姆巴佩。9-9次助攻，现役世界杯助攻王。10-第10次获得世界杯全场最佳球员。11-11粒进球，超越托马斯-穆勒（10球），成为现役世界杯射手王。11-11粒进球，超越巴蒂斯图塔加冕阿根廷世界杯历史射手王。16-2022年为阿根廷打进16球，刷新个人自然年进球纪录。18-梅西18次作为队长出战世界杯，创造赛事历史新纪录。20-11球+9助，直接参与20球，梅西超越克洛泽、罗纳尔多、盖德-穆勒、贝利，成为世界杯历史上直接参与进球最多的球员。25-梅西迎来个人第25场世界杯比赛，追平马特乌斯，并列世界杯历史出场王。35岁172天-单届世界杯打进5球，最年长的球员。#梅西就是纪录# #巅峰梅西回来了# #阿根廷3比0克罗地亚#,2022/12/14,603,77,48,"梅西就是纪录,巅峰梅西回来了,阿根廷3比0克罗地亚"
0,1,0,1,1,世界杯-阿根廷3-0克罗地亚进决赛 梅西传射阿尔瓦雷斯双响北京时间12月14日03:00，世界杯半决赛，阿根廷VS克罗地亚。上半场阿尔瓦雷斯造点，梅西主罚命中，随后阿尔瓦雷斯反击再入一球。下半场梅西奔袭半场助攻阿尔瓦雷斯梅开二度，最终，全场比赛结束，阿根廷3-0克罗地亚进入决赛！另一支决赛对手将在法国、摩洛哥之间诞生！,2022/12/14,29,6,2,
0,1,0,1,1,迪拜超级杯-阿森纳2-1米兰 厄德高、内尔森破门 托莫里建功北京时间12月13日22:00，迪拜超级杯阿森纳对阵AC米兰，上半场奥里吉弧线球击中横梁，之后厄德高任意球直接破门，半场尾声阶段法比奥-维埃拉送出助攻，内尔森折射建功。下半场法比奥-维埃拉打门擦柱偏出，之后托纳利开出任意球，托莫里头球破门追回一球。全场比分阿森纳2-1AC米兰。随后双方进行了点球大战，第一轮双方都打进；第二轮海因扑出迪亚斯点球；第三轮双方都打进；第四轮双方都打进；第五轮马特-史密斯点球被扑，海因扑出克鲁尼奇点球。最终阿森纳总比分6-4战胜AC米兰。,2022/12/14,12,4,2,
0,1,0,1,1,葡媒：C罗不打算从葡萄牙队退役，目标2024年39岁时参加欧洲杯葡萄牙媒体《晨邮报》独家报道，C罗现在不打算从葡萄牙国家队退役，他的目标是与球队一起参加2024年欧洲杯。37岁的C罗相信，自己对国家队还有用，还有很多可以做出贡献的地方，他的计划里包含着为葡萄牙队踢到2024年，届时他将已年满39岁。#C罗#,2022/12/13,134,38,11,C罗
0,1,0,1,1,世界杯半决赛即将开打，阿根廷vs克罗地亚，法国vs摩洛哥，今日皮尔斯-摩根给出了自己的预测。皮尔斯-摩根写道：预测：克罗地亚将击败阿根廷，法国将击败摩洛哥，法国在决赛中击败克罗地亚赢得世界杯。#世界杯# ,2022/12/13,30,18,1,世界杯
0,1,0,2,1,记录报：C罗正评估来自中东的合同，与经纪人门德斯关系变冷淡据葡萄牙媒体《记录报》消息，随着世界杯之旅结束，C罗将决定自己职业生涯的未来。该媒体了解到，C罗正在和卡塔尔联赛的体育总监Antero Henrique，以及他的私人经理Ricardo Regufe一起评估这些带有投资性质的报价合同。《记录报》表示，C罗的未来应该在沙特或卡塔尔。此前，他收到了利雅得胜利提供的两个半赛季（自2023年1月起），总价5亿欧的合同，谈判由门德斯牵头。不过，近来C罗和门德斯的关系变得冷淡了。#世界杯#,2022/12/13,34,11,2,世界杯
0,1,0,1,1,本届世界杯4强身价最高阵：姆巴佩领衔 梅西、劳塔罗在列本届世界杯已经进入半决赛，德转也盘点了4强球队中身价最高的11人阵容，其中姆巴佩领衔法国6人入选，梅西、劳塔罗也在其中，以下为具体阵容：门将：马丁内斯（阿根廷）2500万欧后卫：特奥（法国）5500万欧，格瓦迪奥尔（克罗地亚）6000万欧，孔德（法国）6000万欧，阿什拉夫（摩洛哥）6500万欧中场：卡马文加（法国）5000万欧，梅西（阿根廷）5000万欧，琼阿梅尼（法国）8000万欧前锋：姆巴佩（法国）1.6亿欧，劳塔罗（阿根廷）7500万欧，登贝莱（法国）6000万欧,2022/12/13,17,5,2,
0,1,0,1,7,阿根廷布宜诺斯艾利斯，梅西赛后发飙发言被家乡人民制成文化衫。 ,2022/12/13,116,22,7,
0,1,0,1,3,#世界杯# 【C罗社媒：现实的三个层面，痛苦、不确定性和持续的工作】C罗最近更新了社媒，他在ins上晒出了一张照片，照片上写着：现实的三个层面，痛苦、不确定性和持续的工作。在此前的世界杯1/4决赛中，葡萄牙0-1不敌摩洛哥遭到淘汰，C罗的第五次世界杯之旅就此止步。 ,2022/12/13,25,6,4,世界杯
0,1,0,2,1,天空体育：索斯盖特正考虑辞去英格兰主帅一职 天空体育消息，世界杯1/4决赛出局后，英格兰主帅索斯盖特正考虑辞职。报道表示，索斯盖特个人希望得到充足的时间和空间来作出正确的决定。索斯盖特2016年出任英格兰主帅，带队参加了2届世界杯和1届欧洲杯，取得了世界杯第四名、欧洲杯亚军的好成绩。带队期间，索斯盖特在大赛中总共获得11场胜利，是英格兰历届主教练最多的。索斯盖特与英足总的合同直到2024年欧洲杯后，现在他正在考虑提前结束这一合作。,2022/12/12,25,6,3,
0,1,0,1,1,半决赛能开胡吗？本届世界杯劳塔罗射门10脚未进球#世界杯# 据opta数据显示，劳塔罗本届世界杯射了10脚门却未进球，而本届世界杯只有射了12脚门的穆西亚拉射门未进球次数比他多。 ,2022/12/12,12,4,0,世界杯
0,1,0,1,8,内维尔：原以为梅罗会上演梦幻决赛 现在夺冠的大门为梅西敞开内维尔表示：英格兰和葡萄牙都已经从世界杯出局了，关于C罗，我们都觉得这会是C罗的最后一届世界杯，但是C罗的姐姐在社交媒体上说C罗会坚持到41岁。原本感觉上，本届世界杯可能会是C罗和梅西之间的梦幻决赛，随着C罗的出局，这一切都不太可能了。现在就看梅西了，大门已经为他敞开，他可以跟随着他的前辈马拉多纳的足迹继续前进。#世界杯#,2022/12/12,57,16,3,世界杯
0,1,0,1,1,TYC：若半决赛迪马利亚无法出战 阿根廷将改打532或442阵式选项1（433）：埃米利亚诺-马丁内斯；莫里纳，C-罗梅罗，奥塔门迪，塔利亚菲科；德保罗，恩佐-费尔南德斯，麦卡利斯特；梅西，阿尔瓦雷斯和迪马利亚。选项2（532）：埃米利亚诺-马丁内斯；莫里纳，C-罗梅罗，奥塔门迪，利桑德罗-马丁内斯，塔利亚菲科；德保罗，恩佐-费尔南德斯，麦卡利斯特；梅西和阿尔瓦雷斯。选项3（442）：埃米利亚诺-马丁内斯；莫里纳，C-罗梅罗，奥塔门迪，塔利亚菲科；德保罗，恩佐-费尔南德斯，帕雷德斯，麦卡利斯特；梅西和阿尔瓦雷斯。,2022/12/12,24,11,1,
0,1,0,2,7,克罗地亚淘汰巴西时，萨格勒布记录到地震活动据ESPN报道，萨格勒布大学地球物理学院公布的报告显示，克罗地亚点球大战淘汰巴西后，他们记录到了不典型的地震。克罗地亚点球大战淘汰巴西，萨格勒布街上成千上万球迷疯狂庆祝。萨格勒布大学地球物理学院表示，他们记录到了不典型的“真实地震”。这一活动第一次被记录到是佩特科维奇扳平比分时，当利瓦科维奇第一次扑出点球和马尔基尼奥斯最后罚失点球时，活动也被记录到了。,2022/12/12,20,4,3,
0,1,0,2,1,世界杯四强身价榜：法国近10亿欧第一，阿根廷第2 摩洛哥仅1.44亿世界杯四强已经全部产生，分别是阿根廷、法国、克罗地亚、摩洛哥。世界杯四强身价榜1、法国9.9亿欧2、阿根廷，6.45亿欧3、克罗地亚，3.77亿欧4、摩洛哥，1.44亿欧 ,2022/12/12,98,32,14,
0,1,0,1,8,真的是绝唱了吗？#葡萄牙总统称c罗不太可能再征战世界杯# 葡萄牙总统说道：“没有人不喜欢赢，人们会说球队不好或者战术不好。会有10000条批评，其中一些批评不知是否公平，我们必须感谢球队触及现在的位置。摩洛哥证明了他们是一支伟大的球队，他们更有效率并且配得上获胜。“拥抱费尔南多-桑托斯，拥抱整个球队，拥抱年轻的球员。他们中有人不太可能再次进入世界杯的决赛圈了，比如克里斯蒂亚诺-罗纳尔多，我们不会忘记他所做的努力。”,2022/12/11,25,6,2,葡萄牙总统称c罗不太可能再征战世界杯
0,1,0,3,7,还有这玄学？一剪没？网红理发师为比利时英格兰多名国脚理发 球员全部出局翻阅这名理发师的INS，他最近为赖斯、贝林厄姆、芒特、格拉利什、拉什福德、福登、阿扎尔、库尔图瓦修剪发型。一位球迷在这位老师最新一条博文的评论区写道：“这个哥们剪掉了比利时和英格兰的头发，两队都被淘汰了” ,2022/12/11,30,11,4,
0,1,0,2,1,足球报：武汉长江全队仅剩4人没阳性 本轮大概率被判负据《足球报》消息，武汉长江全队仅剩4名球员没有阳性，与津门虎比赛大概率会判负。“此前，山东泰山也遇到过类似的情况，但他们与当时的对手深圳队进行了协调，深圳队同意比赛延期。避免了山东泰山被直接判负的情况发生。”“武汉长江下轮对手是天津津门虎，目前了解到的情况是，天津津门虎不同意比赛延期。如果是这种情况的话，武汉长江这场比赛会大概率被判负。”,2022/12/11,115,108,5,
0,1,0,2,9,不会有人一直年轻 但总有人正年轻着世界杯赛场见证了太多泪水 遗憾的喜悦的……#世界杯##pp体育陪你看世界杯# ,2022/12/11,170,15,20,"世界杯,pp体育陪你看世界杯"
0,1,0,1,1,球队出局是否后悔让C罗替补？桑托斯：我不后悔！不能用感情来考虑问题葡萄牙0-1不敌摩洛哥被淘汰，赛后葡萄牙主帅桑托斯表示不后悔本场让C罗替补桑托斯说道：“我不后悔。策略决定是我要做的最难决定之一，但我不能用感情来考虑问题，我要用头脑来思考。并不是说C罗不再是一名伟大球员，这毫无关系。”对于是否会辞职问题，桑托斯表示下周将和葡萄牙足协主席谈论。,2022/12/11,97,38,4,
0,1,0,1,1,新世界名画！凯恩点球打飞 姆巴佩咧嘴大笑超级开心今晨世界杯四分之一决赛，英格兰vs法国，比赛进行到第82分钟，凯恩第二次主罚点球，结果爆射踢飞，法国仍然2-1领先英格兰，并将比分保持到了终场结束。#英格兰vs法国##姆巴佩# ,2022/12/11,72,13,8,"英格兰vs法国,姆巴佩"
0,1,0,1,1,今晨世界杯四分之一决赛，葡萄牙0-1不敌摩洛哥，遗憾止步八强。C罗第51分钟替补登场，没有取得进球。据OPTA统计，C罗总计8次在世界杯淘汰赛登场（包括三四名决赛），总计出场570分钟，总计射门27次，没有进球。C罗参加5次世界杯共斩获8球，全部来自小组赛。#c罗哭了# ,2022/12/11,37,20,2,c罗哭了
0,1,0,2,9,#世界杯# 半决赛对阵🔥来吧！说出你预测的决赛队伍是： ,2022/12/11,91,43,9,世界杯
,,,,,,,132.4941176,17.80470588,45.31294118,
