性别（男0 女1 其余2）,项目（足球1 篮球2 网球3 游泳跳水4 田径5 羽毛球6 乒乓球7 体操8 排球9 台球10 冰雪项目11 电竞12 其他13 体育无关14）,是否用外号（0无 1有+正面或中性 2有+负面或调侃） ,身份（1运动员 2其余从业者 3非从业者）,类别（1赛事赛场报道 2个人生活 3社交媒体活动 4公关宣传、采访 5人际关系 6商业活动 7花边绯闻 8外界评价 9媒体物料 10负面新闻）,正文,日期,点赞数,评论数,转发数,话题
1,1,0,3,3,#阿尔瓦雷斯秀恩爱被德保罗抢戏# 阿根廷前锋阿尔瓦雷斯晒出与女友在埃菲尔铁塔下的合影：“世界上最美丽的奇迹之一，我们在埃菲尔铁塔下。”随后德保罗回复道：“看到你这么浪漫，我就想跑去拥抱你。” ,2023/1/29,25,2,1,阿尔瓦雷斯秀恩爱被德保罗抢戏
1,3,0,3,2,#周杰伦昆凌现场观战澳网男单决赛##澳网2023# 男单决赛正在进行，德约科维奇首盘6-3拿下。看台上名流云集，周杰伦、昆凌、比尔盖茨、罗德拉沃尔等都在观战。 ,2023/1/29,51,23,14,"周杰伦昆凌现场观战澳网男单决赛,澳网2023"
1,1,0,1,1,#深足距截止日2天仍未解决欠薪# 记者程文莉表示，中国足协之前规定1月31日是各俱乐部提交清还欠薪凭证的截止日，如果这一日期不推迟的话，留给深圳俱乐部处理历史欠薪的时间就只剩下两天。可是到目前为止，看不到俱乐部解决问题的迹象，能否通过新赛季准入是个未知数。 ,2023/1/29,14,3,1,深足距截止日2天仍未解决欠薪
1,7,0,1,1,#早田希娜成三冠王##日本乒乓球全锦赛#女单决赛，早田希娜4-2木原美悠。早田希娜此前和张本智和搭档获得混双冠军(两连冠)，和伊藤美诚搭档获得女双冠军(五连冠)。 新浪乒乓球的微博视频 ,2023/1/29,16,2,0,"早田希娜成三冠王,日本乒乓球全锦赛"
1,1,0,3,2,#夏奇拉不让儿子叫皮克父母爷爷奶奶#据西班牙八卦杂志Lecturas爆料，夏奇拉与皮克分手后，与其家人的关系也变得糟糕起来。皮克的母亲在夏奇拉来到巴塞罗那后一直很照顾她，帮助这位前儿媳融入新家庭。不过，随着夏奇拉与皮克感情破裂，婆媳关系也彻底崩溃。Lecturas称夏奇拉要求孩子们（米兰、萨沙）不再称呼皮克父母为爷爷奶奶。,2023/1/29,23,6,1,夏奇拉不让儿子叫皮克父母爷爷奶奶
1,6,0,1,1,#印尼500赛刘圣书张殊贤夺冠##刘圣书豪取33连胜##2023年印尼羽毛球大师赛# 女双决赛刘圣书@皮-lss /@Z_殊贤 22-20 21-19 福岛由纪/广田彩花  ，“圣贤”组合首夺500赛冠军，刘圣书自去年世青赛以来，已经豪取33连胜，未尝败绩。 ,2023/1/29,38,1,3,"印尼500赛刘圣书张殊贤夺冠,刘圣书豪取33连胜,2023年印尼羽毛球大师赛"
1,2,0,1,1,#WCBA全明星单项赛名单#2022-2023赛季WCBA全明星周末将于2月4-5日在深圳龙华区文体中心举行，@WCBA联赛 公布了技巧赛与三分大赛的名单。具体如下：三分大赛：黄思静（内蒙古农信）、董可尔（浙江稠州银行）、于东（东莞新彤盛）、赖婷艺（福建恒安集团）、丁奕可（武汉盛帆）技巧大赛：王思雨（四川远达美乐）、张懿（山西竹叶青酒）、郑茗（北京首钢）、邓睿洁（河北衡水湖）、杜可心（陕西天泽）,2023/1/29,5,1,0,WCBA全明星单项赛名单
1,9,0,1,8,#蔡斌解读女排集训名单#中国女排主帅蔡斌一一解读集训大名单：丁霞是能够起到压阵作用的老将，许晓婷参加集训是为了进一步考察；主攻位置需要拥有经验和能力的中生代选手充实进来；·排超联赛涌现出诸多年轻选手，希望通过国家队冬训，提高基本功和动作规范性，打造女排未来的可用之才。新一届中国女排将于2月1日在宁波北仑集结展开冬训，主教练蔡斌表示，希望通过冬训不断夯实基础、提升自身能力，完成好杭州亚运会和巴黎奥运会预选赛等重要比赛任务#中国女排即将开启冬训#,2023/1/29,26,13,2,"蔡斌解读女排集训名单,中国女排即将开启冬训"
1,11,1,1,4,#谷爱凌说几周后会回归赛场##谷爱凌拄拐观战XGAMES#受伤退出X-games的@青蛙公主爱凌 拄拐来到现场观战，在接受采访时表示：“虽然很遗憾受伤退出比赛，但几周后我会回来的。”体育叨叨酱的微博视频 ,2023/1/29,135,13,2,"谷爱凌说几周后会回归赛场,谷爱凌拄拐观战XGAMES"
1,11,0,1,1,#蔡雪桐八届XGAMES收获1银3铜#今晨结束的2023年X-games单板滑雪女子U型池比赛中，中国选手蔡雪桐@x桐c 新赛季首秀获得铜牌。这是蔡雪桐的第八次X-games之旅，共斩获1银3铜#蔡雪桐U型池夺铜# 体育叨叨酱的微博视频 ,2023/1/29,57,11,6,"蔡雪桐八届XGAMES收获1银3铜,蔡雪桐U型池夺铜"
1,1,0,3,2,#C罗为乔治娜庆生# 去年乔治娜生日，C罗为乔治娜包下的哈利法塔外屏庆生，价格为3分钟5万镑。今年乔治娜迎来29岁生日，C罗为其预定了利雅得当地著名餐厅包厢并精心布置了生日宴会现场 咪咕足球的微博视频 ,2023/1/28,42,6,5,C罗为乔治娜庆生
1,3,1,1,1,#萨巴伦卡首夺大满贯冠军# 连续九个赛季都有球员首夺大满贯女单冠军2014年李娜、莎娃、科娃、小威2015美网佩内塔2016澳网科贝尔、法网穆古鲁扎2017法网奥斯塔彭科、美网斯蒂芬斯2018澳网沃兹尼亚奇、法网哈勒普、美网大坂直美2019法网巴蒂、美网安德莱斯库2020澳网肯宁、法网斯维亚泰克2021法网克雷茨科娃、美网拉杜卡努2022温网莱巴金娜2023澳网萨巴伦卡,2023/1/28,46,19,4,萨巴伦卡首夺大满贯冠军
1,3,0,1,1,#萨巴伦卡首夺大满贯冠军##萨巴伦卡夺澳网冠军# 女单决赛，萨巴伦卡4-6/6-3/6-4逆转莱巴金娜，职业生涯对其四战全胜，新赛季11战全胜，澳网折桂生涯首夺大满贯冠军！她成为十年来第二位夺得澳网女单冠军的白俄罗斯人，也是历史上第二位夺得大满贯单打冠军的白俄罗斯选手。 #澳网2023# ,2023/1/28,44,13,5,"萨巴伦卡首夺大满贯冠军,萨巴伦卡夺澳网冠军,澳网2023"
1,9,0,1,1,#中国女排2023年集训名单# 中国女排2023年首次集训名单公布，李盈莹、袁心玥、龚翔宇领衔，丁霞入选。在海外联赛效力的朱婷和姚迪暂未入选。中国女排2023年集训名单：王云蕗@Abyss10_王 （北京）、李盈莹@能量小瑩瑩 、@袁心玥玥玥 、@yoyo_王媛媛 （天津）、许嘉楠@嘉易溯源 、@段放Lucky 、丁霞@请叫我丁小霞 （辽宁）、高意@高小意o 、@仲慧_Jerry 、许晓婷@Tweety_10 （上海）、@龚翔宇宇宇宇bigbang 、@刁琳宇_6 、倪非凡@Yugyeomy_ 、吴梦洁@吴小梦洁 （江苏）、曾洁雅@曾洁雅曾 、陈曦悦@曦悦鸭 （浙江）、郑益昕@肥肥很蜡笔（福建）、@杨涵玉Y1012 、王梦洁@闪闪一袋糖 、杜清清@闪闪一袋詹小七 （山东）、段梦可（河南）、王逸凡@凡逸王 （广东）、缪伊雯@M-even12 （四川）,2023/1/28,15,4,0,中国女排2023年集训名单
1,1,0,3,4,#梅西夫妇出席慈善晚宴# 巴黎圣日耳曼后卫金彭贝举行慈善晚宴，梅西携妻子安东内拉出席了宴会。 ,2023/1/28,35,4,9,梅西夫妇出席慈善晚宴
1,11,0,1,2,【#谷爱凌哭了30分钟#】@青蛙公主爱凌 在训练中受伤，遗憾退出X-games比赛。背后哭了30分钟，转过头来还能微笑面对生活，这就是强者！#谷爱凌训练受伤退出XGAMES#  谷爱凌原本计划在比赛中展示新动作。 ,2023/1/28,1128,78,10,"谷爱凌哭了30分钟,谷爱凌训练受伤退出XGAMES"
1,11,0,1,2,【#谷爱凌训练受伤退出XGAMES# 】@青蛙公主爱凌 ：今天训练不幸摔伤，经检查我的膝盖没有严重损伤，只是扭伤和挫伤，但xgames没有办法参加了，我会尽快回来的。#谷爱凌训练受伤# 谷爱凌原本报名参加U槽和坡面障碍技巧的比赛。 ,2023/1/28,1395,100,21,"谷爱凌训练受伤退出XGAMES,谷爱凌训练受伤"
1,1,0,1,10,【#阿尔维斯性侵案女方有亲吻行为#】#足球闹正月# 据西班牙媒体报道，阿尔维斯性侵案出现新证据，指控阿尔维斯性侵的女子，与阿尔维斯有亲吻行为。而在此前的法庭证词中，女子否认亲吻过阿尔维斯。 ,2023/1/28,15,7,0,"阿尔维斯性侵案女方有亲吻行为,足球闹正月"
1,11,0,1,1,【#XGAMES谷爱凌出战两项#】XGames冬季极限运动会今天在美国阿斯本开赛，@青蛙公主爱凌 将不参加大跳台项目争夺，只参加U槽和坡障。#2023年XGAMES赛程# 中国选手赛程如下(北京时间)：1月29日4:30 单板滑雪女子U型池 蔡雪桐@x桐c 1月29日8:00 自由式滑雪女子U型池 谷爱凌1月29日11:00 单板滑雪男子大跳台 @苏翊鸣 1月30日2:00 自由式滑雪女子坡面障碍技巧 谷爱凌1月30日3:40 单板滑雪男子坡面障碍技巧 苏翊鸣,2023/1/28,142,21,8,"XGAMES谷爱凌出战两项,2023年XGAMES赛程"
1,11,1,1,8,#千金获年度最有价值滑手提名# 国际滑联公布年度最有价值滑冰选手入围名单，北京冬奥会冠军@谢尔巴科娃 获得提名，颁奖典礼将于2月5日举行 咪咕体育的微博视频 ,2023/1/27,48,5,3,千金获年度最有价值滑手提名
1,6,0,1,1,#印尼500赛韩悦进四强# @韩_悦 2-1逆转玛莉丝卡，晋级半决赛！三局的比分为19-21、21-8、21-16，韩悦将和马林争夺决赛权 #2023年印尼羽毛球大师赛#  ,2023/1/27,33,3,4,"印尼500赛韩悦进四强,2023年印尼羽毛球大师赛"
1,6,0,1,1,#印尼500赛刘圣书张殊贤进四强##2023年印尼羽毛球大师赛#1/4决赛，刘圣书@皮-lss @Z_殊贤 2-1战胜@谭宁-Tan @Grace夏玉婷 晋级，三局的比分为21-15、14-21、21-8，18岁的刘圣书目前国际赛事取得31连胜0负的战绩 #刘圣书国际赛事31连胜# ,2023/1/27,23,0,1,"印尼500赛刘圣书张殊贤进四强,2023年印尼羽毛球大师赛,刘圣书国际赛事31连胜"
1,4,0,1,1,【#张雨霏重启冠军之路#】CGTN环球体育记者@Zhu_Mandan 独家专访奥运冠军@o张雨霏o 完整版来啦！东京奥运会双冠王张雨霏在过去的2022年收获了4枚铜牌，经历了低谷期的她正在重启冠军之路。她认为一个奥运冠军该有的心态，就是坚守初心，即使失败了，也不能畏手畏脚，不敢继续战斗。#张雨霏的新年愿望# CGTN体育报道的微博视频,2023/1/27,23,0,1,"张雨霏重启冠军之路,张雨霏的新年愿望"
1,7,0,1,1,【#日本全锦赛伊藤美诚无缘8强#】#日本乒乓球全锦赛# 女单R16：伊藤美诚1-4横井咲樱，无缘8强。7-11/9-11/7-11/11-9/9-11。  ,2023/1/27,16,6,5,"日本全锦赛伊藤美诚无缘8强,日本乒乓球全锦赛"
1,1,0,1,1,【#中国女足开启首期集训# 】中国女足已于1月26日（大年初五）在广州番禺广州足球俱乐部训练基地集结，开启为期2周的2023首期集训。2023年，中国女足面临三项重要赛事：7月20日至8月20日在澳大利亚和新西兰举行的女足世界杯、9月开幕的杭州亚运会以及10月开始的巴黎奥运会女足预选赛。中国女足主教练水庆霞表示：“今年中国女足的三大比赛任务很重，我们的训练要求会比以往更加严格。教练组和队员之间相互信任，达成了统一的目标。我们将做好充足准备，全力以赴踢好每一场比赛。” #中国女足抵达广州开启集训#,2023/1/27,54,11,6,"中国女足开启首期集训,中国女足抵达广州开启集训"
1,7,0,1,4,【#王曼昱写福字# 】大年初六，今日送福嘉宾——@王曼昱 ，福兔迎新，前“兔”似锦。WTT世界乒联的微博视频 ,2023/1/27,28,3,4,王曼昱写福字
1,7,0,1,1,#钱天一石洵瑶多哈站女双夺冠# #钱天一石洵瑶3比1张瑞蒯曼# WTT支线赛多哈站2023女双决赛：@钱天一321 /@石洵瑶w 3-1 @Z张瑞Z /蒯曼@kuaiman0207 (11-4、11-13、11-6、13-11）#WTT支线赛多哈站2023#咪咕体育的微博视频 ,2023/1/26,10,1,3,"钱天一石洵瑶多哈站女双夺冠,钱天一石洵瑶3比1张瑞蒯曼,WTT支线赛多哈站2023"
1,3,0,1,1,#萨巴伦卡晋级澳网决赛# #澳网2023# 女单半决赛，5号种子萨巴伦卡以7-6(1) /6-2击败波兰选手里内特，新赛季10战全胜且不失一盘，职业生涯首次跻身大满贯单打决赛！决赛她将对阵莱巴金娜。 ,2023/1/26,23,3,1,"萨巴伦卡晋级澳网决赛,澳网2023"
1,3,0,1,1,#莱巴金娜晋级澳网决赛# #澳网2023# 女单半决赛，新科温网冠军莱巴金娜以7-6(4) /6-3击败两届赛会冠军阿扎伦卡，一路连克去年赛会亚军和三位大满贯得主，职业生涯第二次跻身大满贯决赛爱奇艺体育网球的微博视频 ,2023/1/26,27,3,2,"莱巴金娜晋级澳网决赛,澳网2023"
1,6,0,1,1,#印尼500赛王懿律杜玥进八强# #印尼500赛王祉怡进八强# @王懿律enzo @杜玥yy 21-18/22-20 范德拉克/吉尔，@_王祉怡_ 21-12/21-16 米娅#2023年印尼羽毛球大师赛# ,2023/1/26,16,0,1,"印尼500赛王懿律杜玥进八强,印尼500赛王祉怡进八强,2023年印尼羽毛球大师赛"
1,6,0,1,1,#印尼500赛何冰娇无缘八强#  #2023年印尼羽毛球大师赛# @何冰娇的小号 19-21/17-21 玛莉丝卡无缘8强。 ,2023/1/26,12,2,1,"印尼500赛何冰娇无缘八强,2023年印尼羽毛球大师赛"
1,7,0,1,1,#WTT支线赛多哈站2023##蒯曼3比2刘炜珊#WTT支线赛多哈站2023女单半决赛：蒯曼@kuaiman0207 3-2 @L炜珊Ss(五局比分8-11、11-8、10-12、11-5、11-9)咪咕体育的微博视频 ,2023/1/26,4,0,2,"WTT支线赛多哈站2023,蒯曼3比2刘炜珊"
1,6,0,1,1,#印尼500赛刘圣书张殊贤进八强#刘圣书@皮-lss @Z_殊贤 21-11、21-12 松山奈未/志田千阳【1】#印尼500赛谭宁夏玉婷进八强#@谭宁-Tan @Grace夏玉婷 21-11、18-21、21-17 杨雅婷/杨佩琳下一轮：刘圣书/张殊贤🇨🇳 vs 谭宁/夏玉婷🇨🇳 #2023年印尼羽毛球大师赛# ,2023/1/26,11,1,1,"印尼500赛刘圣书张殊贤进八强,印尼500赛谭宁夏玉婷进八强,2023年印尼羽毛球大师赛"
1,1,0,3,2,#皮克首次晒和现女友合影#去年，皮克与夏奇拉分手，11月二人签署了孩子相关的协议。今天，皮克在与夏奇拉分手之后首次公开了与现女友克拉拉的合照。 ,2023/1/26,109,20,4,皮克首次晒和现女友合影
1,1,0,1,1,#杨莉娜西甲首秀#北京时间1月26日凌晨，@女足杨莉娜-NANA  上演了她留洋西班牙的首秀，但其效力的拉斯普拉纳斯客场0-7惨败于巴塞罗那女足。杨莉娜身披17号球衣代表球队首发登场。此役，杨莉娜打满全场，但由于球队实力原因，拉斯普拉纳斯客场0-7惨败。目前以4胜3平9负的成绩排在积分榜第11位。#巴萨女足7比0拉斯普拉纳斯#,2023/1/26,38,7,6,"杨莉娜西甲首秀,巴萨女足7比0拉斯普拉纳斯"
1,9,0,1,1,"#斯坎迪奇女排无缘意大利杯四强#意大利杯女排四分之一决赛，@女排朱婷ZT 效力的斯坎迪奇俱乐部最终2比3不敌对手，无缘晋级四强。本场比赛，朱婷夺得全场最高分26分，5局比分：25-20, 22-25, 25-15, 23-25, 13-15。#朱婷26分#今日排球的微博视频 ",2023/1/26,12,4,0,"斯坎迪奇女排无缘意大利杯四强,朱婷26分"
1,7,0,1,1,张瑞3比0石洵瑶##何卓佳3比0范思琦##WTT支线赛多哈站2023# 女单1/4决赛：@Z张瑞Z 3-0 @石洵瑶w （11-6、11-5、11-9）@小胖子何卓佳 3-0 @范思琦rice （11-7、11-5、11-7）咪咕体育的微博视频 ,2023/1/25,7,2,2,
1,7,0,1,1,#刘炜珊3比2钱天一# 女单1/4决赛，@L炜珊Ss 3-2 @钱天一321 （14-12、4-11、11-7、10-12、11-9）#国乒包揽多哈站女单四强# #WTT支线赛多哈站2023# 咪咕体育的微博视频 ,2023/1/25,5,0,1,"刘炜珊3比2钱天一,国乒包揽多哈站女单四强,WTT支线赛多哈站2023"
1,2,0,3,2,#同曦老板娘检查林葳作业##CBA# 同曦老板娘突击林葳、邬挺嘉房间，给队员们定制西装。顺便检查了一下林葳的作业。[干饭人] 有网友说：“是前段时间给他发了一套高中的练习册”....CBA最前沿的微博视频 ,2023/1/25,30,4,0,"同曦老板娘检查林葳作业,CBA"
1,7,0,1,1,#蒯曼3比1杜凯琹##国乒包揽多哈站女单四强#女单1/4决赛，蒯曼@kuaiman0207 3-1 @杜凱琹 （11-6、9-11、11-9、11-6）国乒女队包揽了WTT支线赛多哈站2023女单四强！#蒯曼一天六战全胜# 咪咕体育的微博视频 ,2023/1/25,14,0,1,"蒯曼3比1杜凯琹,国乒包揽多哈站女单四强,蒯曼一天六战全胜"
1,7,0,1,1,#钱天一石洵瑶3比0杜凯琹朱成竹# #WTT支线赛多哈站2023# 又是3比0！女双半决赛：@钱天一321 /@石洵瑶w 3-0 @杜凱琹 /@朱成竹_zenobia （11-9、11-3、11-7）咪咕体育的微博视频 ,2023/1/25,6,1,1,"钱天一石洵瑶3比0杜凯琹朱成竹,WTT支线赛多哈站2023"
1,7,0,1,1,#张瑞蒯曼3比1刘炜珊范思琦##WTT支线赛多哈站2023# 女双半决赛：：@Z张瑞Z /蒯曼@kuaiman0207 3-1 @L炜珊Ss /@范思琦rice （8-11、11-7、11-4、11-7）咪咕乒乓球的微博视频 ,2023/1/25,4,0,1,"张瑞蒯曼3比1刘炜珊范思琦,WTT支线赛多哈站2023"
1,6,0,1,1,#印尼500赛何冰娇进次轮#@何冰娇的小号 15-21、21-12、21-7 奥原希望。何冰娇下一轮将对阵玛莉丝卡。#2023年印尼羽毛球大师赛# ,2023/1/25,26,1,1,"印尼500赛何冰娇进次轮,2023年印尼羽毛球大师赛"
1,1,0,2,4,水庆霞：女足也要找出莫德里奇那样的司令官；2023请相信中国女足！因为相信才会有惊喜，才会让我们向着更好的方向发展！#水庆霞说2023请相信中国女足# #中国女足得找出魔笛这种指挥官# 咪咕足球的微博视频 ,2023/1/25,73,14,20,"水庆霞说2023请相信中国女足,中国女足得找出魔笛这种指挥官"
1,7,0,1,1,#钱天一石洵瑶3比0江芷林黄凯彤##WTT支线赛多哈站2023# 女双1/4决赛： @钱天一321 /@石洵瑶w 3-0 江芷林/黄凯彤（11-2、11-4、11-8）@L炜珊Ss /@范思琦rice 3-0 韦格辛姐妹（11-9、11-6、11-4）咪咕体育的微博视频 ,2023/1/25,3,0,1,"钱天一石洵瑶3比0江芷林黄凯彤,WTT支线赛多哈站2023"
1,1,0,1,1,【#中国女足4人入选亚足联最佳阵容#】亚足联2022年女足最佳阵容：王霜王珊珊领衔，中国女足4人入选。#水庆霞说2023请相信中国女足#门将：@zhu朱钰 中场：@女足王霜 前锋：@王珊珊wss11 、@女足李影LeeCR  ,2023/1/25,29,5,11,"中国女足4人入选亚足联最佳阵容,水庆霞说2023请相信中国女足"
1,6,0,1,1,【#印尼500赛王祉怡进次轮#】#2023年印尼羽毛球大师赛#女单首轮：@_王祉怡_ 21-17/21-6战胜爱沙尼亚选手库巴。第二轮，王祉怡对阵丹麦选手米娅-布里希菲尔特 。 ,2023/1/25,7,0,1,"印尼500赛王祉怡进次轮,2023年印尼羽毛球大师赛"
1,2,0,1,1,【#WCBA全明星阵容公布#】@WCBA联赛 公布全明星周末阵容，杨力维杨舒予姐妹入选。北区：杨力维、杨舒予、黄思静、李月汝、张茹、王丽丽、李缘、杨衡瑜、唐毓、陈晏宇、马卓、张玲阁南区：王思雨、李梦、韩旭、金维娜、许晨妍、罗欣棫、张芷婷、彭华倩、万济圆、迪拉娜·迪里夏提、赵志芳、彭诗晴 ,2023/1/25,22,0,2,WCBA全明星阵容公布
1,3,0,1,1,【#杨钊煊无缘澳网女双四强#】#澳网2023#女双1/4决赛，杨钊煊@珠珠大志向 /詹皓晴以两个1-6不敌高芙/佩古拉，无缘四强 。女双半决赛对阵：[1]克雷吉茨科娃/西尼亚科娃 VS 科斯秋克/鲁塞[10]青山修子/柴原瑛菜 VS [2]高芙/佩古拉  ,2023/1/25,2,0,1,"杨钊煊无缘澳网女双四强,澳网2023"
1,3,0,1,1,【#萨巴伦卡首进澳网四强#】#澳网2023#5号种子的萨巴伦卡6-3/6-2直落两盘击败维基奇，首度晋级澳网半决赛，将与波兰选手里内特，争夺一个决赛席位。澳网AustralianOpen的微博视频 ,2023/1/25,7,1,1,"萨巴伦卡首进澳网四强,澳网2023"
1,11,0,1,1,【#谷爱凌备战xgames#】@青蛙公主爱凌 将参加北京时间1月28日-30日进行的X Games世界极限运动会。根据报名情况，谷爱凌将参加三个项目的比赛。目前，她已经开始了备战。体育叨叨酱的微博视频 ,2023/1/25,305,34,3,谷爱凌备战xgames
1,3,0,1,1,【#里内特首进大满贯四强#】#澳网2023# 波兰老将里内特实现职业生涯重大突破，6-3/7-5战胜前世界第一卡-普利斯科娃，晋级女单四强。她也成为继A拉和斯瓦泰克后，第三位跻身大满贯四强的波兰女选手。爱奇艺体育网球的微博视频 ,2023/1/25,6,2,2,"里内特首进大满贯四强,澳网2023"
1,7,0,1,4,#孙颖莎写福字#今日送福嘉宾——@孙颖莎 新春大吉，大展宏“兔”。WTT世界乒联的微博视频 ,2023/1/25,35,4,2,孙颖莎写福字
1,3,0,1,1,【#李娜澳网夺冠9周年#】2014年1月25日澳大利亚网球公开赛女单决赛，@李娜 以7-6/6-0力克手齐布尔科娃，三进决赛之后终于首夺澳网冠军。这是李娜职业生涯的第二个大满贯冠军。#澳网2023# 咪咕体育的微博视频 ,2023/1/25,141,30,15,"李娜澳网夺冠9周年,澳网2023"
1,1,0,2,4,#女足世界杯用球曝光# 阿迪达斯公布2023女足世界杯用球，灵感来源澳大利亚和新西兰的景观，你们觉得设计的怎么样？ ,2023/1/24,31,10,5,女足世界杯用球曝光
1,1,0,2,10,#巴萨女足违规使用停赛球员# #巴萨女足9比0比赛被判负# 巴萨女足因违规使用球员，球队在西班牙王后杯9-0大胜奥萨苏纳女足的比赛被判负。 ,2023/1/24,27,12,1,"巴萨女足违规使用停赛球员,巴萨女足9比0比赛被判负"
1,7,0,1,3,#陈梦分享过年生活#  @陈梦-乒乓球 发布自己的兔年第一条微博，分享了过年生活，新年胜旧年。小编也借此祝大家兔年行大运！#体坛花式贺新春# 陈梦-乒乓球的微博视频 ,2023/1/24,8,1,0,"陈梦分享过年生活,体坛花式贺新春"
1,3,0,1,1,#阿扎时隔10年重返澳网四强##澳网2023#2023澳网女单1/4决赛，前赛会冠军阿扎伦卡以6-4/6-1完胜3号种子佩古拉，时隔十年重返澳网女单四强。值得一提的是，十年前阿扎伦卡在决赛中逆转李娜夺得澳网女单冠军。 ,2023/1/24,31,15,1,"阿扎时隔10年重返澳网四强,澳网2023"
1,6,0,1,1,#2023年印尼羽毛球大师赛##印尼500赛刘圣书张殊贤进次轮# 刘圣书@皮-lss //张殊贤@Z_殊贤 21-13、21-17 击败蔡卓如/吴宛菱晋级次轮。 ,2023/1/24,12,1,2,"2023年印尼羽毛球大师赛,印尼500赛刘圣书张殊贤进次轮"
1,2,0,3,10,【#本西蒙斯要求前未婚妻归还订婚戒指# 】据《每日邮报》报道，篮网球星本-西蒙斯的前女友玛雅-贾马收到西蒙斯的一封律师函，要求她归还价值80万英镑（约合675万人民币）的订婚戒指。玛雅-贾马是英国知名主持人，西蒙斯于2021年圣诞节向玛雅求婚，但因聚少离多最终分手。#NBA新春贺岁# ,2023/1/24,154,18,8,"本西蒙斯要求前未婚妻归还订婚戒指,NBA新春贺岁"
1,3,0,1,1,"【#张帅谈中国女网大器晚成#】自己淋过雨,总想给别人撑把伞翻译来自：@全网球Felix 朱琳28岁首进大满贯16强，@Tennis张帅 也是等到快27岁才首次在大满贯正赛赢球。今天张帅在赛后发布会环节谈中国选手“大器晚成”的话题，是英文问答。帅姐的英语语法确实不好，但说得内容很棒，也很真诚，还是很值得分享：“每个人都说中国女孩或亚洲女孩总是慢慢长大，当我们长大后，我们才打得很好，但我真的没有这种感觉。因为多年前，当我们年轻的时候，我们的教练来自国内，我们从未参加过大满贯，甚至是我的教练，他们也只来过几次而已。但现在的年轻球员不同，你可以看到她们从青少年时期开始，就已经有很棒的团队，整个团队围绕着一名球员工作。我们那时候，一个教练要带10个或者20个队员，他什么都干，不光教你打网球，还指导你的心理和体能。在我参加巡回赛之前，我压根不知道什么是康复、理疗或按摩。我们也有理疗师，但整个队里只有一个，必须等大球员做完理疗，每天留给我们的时间只有20分钟，最多30分钟。这完全不够，因为我们训练非常努力，每天七、八个小时。后来有了好的理疗师，当他们试图修复我的身体时，他们说，哦，天哪，你只有18岁吗？但你的身体已经38岁或48岁了，你知道吗？我浑身上下到处都很僵硬，他们不敢相信。他们总是敲桌子比划，说这么硬的身体怎么打网球？现在我们试着先修复身体，然后再做别的。如今当我们打大满贯时，我们已经参加过很多次，不再感到压力或紧张，什么都没有，只是打网球。但是之前，当我们来到这里时，会惊呼，哇，太棒了！大型赛事！就好比塔蒂亚娜·玛丽亚的女儿，在她出生后，她妈妈还在继续打球。很多人从小就在巡回赛或者大满贯中长大，她们觉得自己就是来自这里。我们一些球员，25岁才刚开始参加巡回赛，怎么可能打好呢？这就是为什么他们说，那个中国女孩年轻的时候打得不好。不，我不这么认为。但是郑钦文，她能打得很好。王曦雨和王欣瑜，她们从18岁起就能打得很好，因为他们已经赢得了一些青少年大满贯冠军，她们是青少年第一或前10名。所以她们感觉，哦，我知道澳大利亚网球公开赛、美国网球公开赛的一切。2008年我第一次参加美国网球公开赛时，我自己去，国家队给了我一千美元现金和护照，我和另一个球员就出发了，我没有教练，我们一无所有。我们不知道美国公开赛到底在哪里？我们只知道它在纽约。所以我们对一切都感到很害怕，英语也很差。这样想打到第二轮，第三轮？不可能。当我赢下资格赛，进入正赛后，我得以进入大球场打球，好吧，第一轮就碰到3号种子库兹涅佐娃。在我得分，或者丢分时，我不知道该怎么办，不知道望向谁，因为我没有教练。我只是感觉，我不知道我为什么会在这里？是的，所以我年轻的时候感觉有点可怜。这就是为什么我们总是想帮助一些年轻的孩子。我们想告诉他们很多事情，如何快速了解一切。”#张帅晋级澳网16强# 全网球Felix的微博视频",2023/1/24,372,28,61,"张帅谈中国女网大器晚成,张帅晋级澳网16强"
1,4,0,1,1,#国家花样游泳队冬训迎接新挑战# 国家花样游泳队目前正在北京进行冬训，新的奥运周期，国家花游队的教练和队员们也创编了新的节目，不断磨合改进是他们当下最重要的任务 #体坛花式贺新春# 咪咕体育的微博视频 ,2023/1/23,47,6,3,"国家花样游泳队冬训迎接新挑战,体坛花式贺新春"
1,1,0,1,2,#巴黎女足祝贺王霜生日快乐# 今天是@女足王霜 28岁生日，巴黎女足官推也发文祝她生日快乐！王霜曾为巴黎女足出战25场，贡献9球11助攻 ,2023/1/23,139,10,6,巴黎女足祝贺王霜生日快乐
1,9,0,1,3,#袁心玥跳伞迎新年# @袁心玥玥玥 晒出高空跳伞视频，写道：“新年，要勇敢”#体坛花式贺新春# 袁心玥玥玥的微博视频 ,2023/1/23,20,5,1,"袁心玥跳伞迎新年,体坛花式贺新春"
1,1,0,2,4,#水庆霞说2023请相信中国女足# 水庆霞：女足也要找出莫德里奇那样的司令官；2023请相信中国女足！因为相信才会有惊喜，才会让我们向着更好的方向发展！#中国女足得找出魔笛这种指挥官# ,2023/1/23,189,36,13,"水庆霞说2023请相信中国女足,中国女足得找出魔笛这种指挥官"
1,11,1,1,4,#莎莎新年祝福# @花滑运动员特鲁索娃 祝中国朋友们新年快乐，万事顺遂！#体坛花式贺新春# 花滑运动员特鲁索娃的微博视频 ,2023/1/23,36,0,0,"莎莎新年祝福,体坛花式贺新春"
1,1,0,1,2,【#王霜28岁生日快乐#】今天是@女足王霜 的28岁生日！@FIFA国际足联 发文：“从追着球跑的小姑娘，到亚洲足球小姐、亚洲冠军。她无畏、热爱，挑战自我，勇攀高峰。愿在更高舞台，能见霜足生花。”回顾下去年的今天，王霜在女足亚洲杯中打入生日进球。咪咕体育的微博视频 ,2023/1/23,52,5,4,王霜28岁生日快乐
1,14,0,3,6,今日#比赛中过大年# 指定开奖博文！带话题转发发表观点，即可参与抽奖！[2023]【#谷爱凌说边界就是用来打破的#】三天连夺两冠，@青蛙公主爱凌  新赛季延续了出色状态，她说，“边界就是用来打破的。朋友们，一起加油吧。”谷爱凌还表示，“我非常热爱我现在所做的事情，很多朋友都在支持我，这两枚金牌有助于我找回信心和状态。”央视新闻的微博视频  抽奖详情,2023/1/23,503,50,14,"比赛中过大年,谷爱凌说边界就是用来打破的"
1,9,0,1,4,【#姚迪代表斯坎迪奇恭贺新春#】意大利斯坎迪奇女排发布拜年视频，新加盟的二传姚迪@Xback女排姚迪 祝大家新年快乐！ 新浪体育的微博视频 ,2023/1/23,33,1,1,姚迪代表斯坎迪奇恭贺新春
1,13,0,1,4,【#张伟丽想把中国功夫融入MMA#】 @张伟丽MMA 祝大家兔年快乐！她希望能够学习中国传统功夫，相信中式刚柔并济的底蕴能够带给她新的感悟与体验。MMA作为世界性的竞技比赛，将中国功夫融入其中，这也是中国精髓走出国门、面向世界的新方式。这是咕咕咕的微博视频 ,2023/1/23,17,6,5,张伟丽想把中国功夫融入MMA
1,3,0,1,1,【#张帅止步澳网16强#】#澳网2023#女单第四轮，@Tennis张帅 开场连丢6局，第二盘错失4-2的领先，最终0-6/4-6不敌前世界第一卡-普利斯科娃，遗憾无缘八强。卡普生涯第四次打进澳网八强，她将对阵加西亚与里纳特之间的胜者。爱奇艺体育高尔夫网球的微博视频 ,2023/1/23,19,5,2,"张帅止步澳网16强,澳网2023"
1,6,0,1,1,【#陈清晨回应退赛原因#】#印度赛凡晨组合退赛#@陈小白BAOBAO 发博：谢谢大家的关心我都收到啦。昨天一比赛结束还没下场就要吐了然后就开始发烧了。今天也想尝试坚持上场但身体不允许所以才选择退赛。现在已经好多了。大过年的自己确实没能照顾好自己，希望能尽快调整自己的情绪还有身体。 ,2023/1/23,35,7,0,"陈清晨回应退赛原因,印度赛凡晨组合退赛"
1,1,0,1,1,#涂琳俪加盟凯夫拉维克# 冰岛女超俱乐部凯夫拉维克官方宣布，与中国女足球员涂琳俪签约两年。涂琳俪上赛季在冰岛女足甲级联赛中代表FHL俱乐部出场17次，攻入16球，获得联赛金靴并入选最佳阵容。 ,2023/1/22,66,9,12,涂琳俪加盟凯夫拉维克
1,1,0,1,3,#杨淑慧发博晒年夜饭##杨淑慧和吕悦云包饺子# 效力于俄罗斯莫斯科火车头的中国女足球员杨淑慧@是杨淑慧呀 更新微博晒出了自己的年夜饭，她还和刚刚加盟莫斯科火车头的吕悦云包了饺子 #体坛花式贺新春# ,2023/1/22,25,1,1,"杨淑慧发博晒年夜饭,杨淑慧和吕悦云包饺子,体坛花式贺新春"
1,11,0,1,4,#千金拜年比心# @谢尔巴科娃 祝中国朋友们新年快乐，将所有的烦恼抛诸脑后，永远健康和幸福 #体坛花式贺新春# 谢尔巴科娃的微博视频 ,2023/1/22,45,4,3,"千金拜年比心,体坛花式贺新春"
1,3,0,1,1,#澳网张帅组合错失赛点遭逆转#  7号种子张帅/玛雅遭对手惊天大逆转，她们在第二盘抢七浪费三个赛点、在决胜盘5-0(40-0)时又浪费4个赛点，抢十又错失两个，共浪费9个赛点以6-3/6-7(9)/6-7(12-14)不敌捷克组合万卓索娃/克洛齐耶约娃，无缘女双16强。#澳网2023# ,2023/1/22,31,16,4,"澳网张帅组合错失赛点遭逆转,澳网2023"
1,9,0,1,1,#朱婷留洋第四季# #意大利女排联赛#  常规赛第16轮 斯坎迪奇2-3诺瓦拉！北京时间21日凌晨，2022-2023意大利女排A1联赛第16轮，主场作战的斯坎迪奇以2-3不敌诺瓦拉。@女排朱婷ZT 首发打满全场获23分，姚迪除了第四局之外均有“二换三”替补上场。内容来源@今日排球 今日指定抽奖博文来袭—— 带话题#比赛中过大年# 关注@新浪体育 并转发本条博文发表观点，今晚22点将抽取一名幸运用户送出精美奖品~ 今日排球的微博视频  抽奖详情,2023/1/22,20,11,6,"朱婷留洋第四季,意大利女排联赛,比赛中过大年"
1,6,0,1,1,#印度赛凡晨组合获亚军##印度赛凡晨组合退赛##2023年印度羽毛球公开赛# 女双决赛@陈小白BAOBAO /@贾一凡_F 退赛，松山奈未/志田千阳获得冠军。国羽连续退出两项决赛…… ,2023/1/22,14,4,1,"印度赛凡晨组合获亚军,印度赛凡晨组合退赛,2023年印度羽毛球公开赛"
1,9,0,1,4,#中国女排新春祝福#中国女排队员@袁心玥玥玥 、李盈莹@能量小瑩瑩 、@龚翔宇宇宇宇bigbang 、@刁琳宇_6 、王梦洁@闪闪一袋糖 ，祝大家新春快乐，阖家安康！#兔年立个flag# 中国女排的微博视频 ,2023/1/22,14,0,0,"中国女排新春祝福,兔年立个flag"
1,1,0,1,4,#中国女足拜年# @中国女足 发博拜年：兔儿蹦蹦跳，恭祝吉祥到。中国女足祝所有的足球工作者以及球迷朋友们新春快乐，兔年安康。新的一年，中国女足将迎来多项国际比赛，请大家继续为女足姑娘们加油助威，我们一起2023加油。#兔年立个flag# ,2023/1/22,33,2,1,"中国女足拜年,兔年立个flag"
1,11,0,1,1,#中国队短道速滑女子3000米接力摘银#美国普莱西德湖当地时间1月21日，第31届世界大冬会短道速滑女子3000米接力决赛，由王艺潮、贾惠凌、郝卫莹、蔡申依出阵的中国队以4分14秒642的成绩摘得银牌，祝贺姑娘们！ ,2023/1/22,59,1,2,中国队短道速滑女子3000米接力摘银
1,11,0,1,1,#应清创中国雪车世界杯最好成绩# 北京时间1月21日除夕夜，2022-2023赛季 #IBSF世界杯# 第六站/欧洲锦标赛在德国阿尔滕贝格进行了女子单人雪车和男子双人雪车角逐。中国选手🇨🇳应清更进一步，获得本站世界杯第四名，不仅创造了个人在世界杯上的最好成绩，同时也创造了中国雪车选手在世界杯上的最好成绩。怀明明获得第十一名，李纯键/甄恒获得男子双人雪车第十五名。@中国雪车队 #兔年立个flag#,2023/1/22,37,1,3,"应清创中国雪车世界杯最好成绩,IBSF世界杯,兔年立个flag"
1,11,0,1,1,#中国队夺得大冬会女子冰壶金牌# 恭喜中国队！第31届世界大学生冬季运动会在美国普莱西德湖进行女子冰壶决赛，中国队以6∶4击败韩国队夺得冠军。这是中国代表团在本届大冬会上获得的首枚金牌，也是中国队女子冰壶项目在境外大冬会参赛历史上的最好成绩。 #大冬会中国冰壶夺冠#  #兔年立个flag# ,2023/1/22,520,32,26,"中国队夺得大冬会女子冰壶金牌,大冬会中国冰壶夺冠,兔年立个flag"
1,11,0,1,1,#谷爱凌兔年首冠##谷爱凌三天两冠#自由式滑雪世界杯卡尔加里站U型场地决赛第二场，谷爱凌@青蛙公主爱凌 断层优势夺冠！第一轮：90.00 第二轮：93.50 第三轮：91.75@张可欣2002 以81.75（81.75、81.00、19.75）的分数，获得季军！恭喜！#兔年立个flag#  体育叨叨酱的微博视频 ,2023/1/22,2029,194,81,"谷爱凌兔年首冠,谷爱凌三天两冠,兔年立个flag"
1,9,0,1,4,#朱婷意甲12月MVP颁奖#@女排朱婷ZT 当选意甲女排联赛2022年12月最佳球员（MVP）昨天的比赛赛前，赛事为朱婷颁发了MVP奖项～#兔年立个flag#  今日排球的微博视频 ,2023/1/22,54,2,3,"朱婷意甲12月MVP颁奖,兔年立个flag"
1,6,0,1,1,#印度赛凡晨组合晋级决赛##印度赛王昶梁伟铿进决赛##2023年印度羽毛球公开赛# 半决赛，@陈小白BAOBAO /@贾一凡_F 2-0 郑娜银/金慧珍@梁伟铿K /@V王昶V 2-0 姜敏赫/徐承宰，双双杀入决赛！ ,2023/1/22,11,6,3,"印度赛凡晨组合晋级决赛,印度赛王昶梁伟铿进决赛,2023年印度羽毛球公开赛"
1,2,0,2,4,#中国女篮登上央视春晚#  中国女篮姑娘现场观看春晚！他们在女篮世界杯上的表现带给无数人向上的力量！此处应该有掌声#中国女篮登上春晚# 咪咕体育的微博视频 ,2023/1/21,158,17,16,"中国女篮登上央视春晚,中国女篮登上春晚"
1,7,0,1,1,【#张瑞蒯曼多哈站女双夺冠#】#wtt常规挑战赛多哈站2023# 女双决赛：@Z张瑞Z /蒯曼@kuaiman0207 3-1申裕斌/@田志希_小酷 ，5-11/11-5/11-8/11-9。咪咕体育的微博视频 ,2023/1/21,16,0,1,"张瑞蒯曼多哈站女双夺冠,wtt常规挑战赛多哈站2023"
1,7,0,1,1,【#范思琦多哈赛夺冠#】#wtt常规挑战赛多哈站2023#女单决赛：@范思琦rice 4-3@Z张瑞Z 获得冠军。6-11/5-11/11-5/11-7/11-9/7-11/11-5。比赛用时超过一小时。 咪咕体育的微博视频 ,2023/1/21,26,2,2,"范思琦多哈赛夺冠,wtt常规挑战赛多哈站2023"
1,4,0,1,3,奥运冠军@o张雨霏o 发博：跳迎年 除夕快乐呀✨ 一起看春晚吧☺️ #张雨霏兔子跳迎兔年##体坛花式贺新春#张雨霏 o张雨霏o的微博视频  ,2023/1/21,22,2,2,"张雨霏兔子跳迎兔年,体坛花式贺新春"
1,1,0,1,1,#吕悦云加盟莫斯科火车头##女足留洋第14人#官方消息：吕悦云加盟莫斯科火车头女足！吕悦云出生于1995年，场上位置前卫，此前效力于长春女足。吕悦云上赛季代表长春女足出场16次，打进3球。 ,2023/1/21,25,0,7,"吕悦云加盟莫斯科火车头,女足留洋第14人"
1,6,0,1,1,#陈雨菲退出印尼大师赛#据外媒报道，@陈雨菲_CYF 因为肠胃炎已选择退出下周的#2023年印尼羽毛球大师赛# ,2023/1/21,17,8,0,"陈雨菲退出印尼大师赛,2023年印尼羽毛球大师赛"
1,3,1,1,1,#澳网2023##张帅晋级澳网16强# 中国金花@Tennis张帅 6-3/6-2横扫美国资格赛选手沃利内茨，晋级16强，为自己送上最好的生日礼物！ ,2023/1/21,106,13,9,"澳网2023,张帅晋级澳网16强"
1,3,0,1,3,#朱琳获胜感言太励志# 28岁首进大满贯16强，@朱琳Miss_tough 发博写道：谁说努力没有意义呢？梦想需要没有回头的坚持祝大家春节愉快R4 let’s go!#澳网2023#  ,2023/1/21,83,4,2,"朱琳获胜感言太励志,澳网2023"
1,3,1,1,1,#朱琳晋级澳网16强# #AO新生力# 中国金花@朱琳Miss_tough 苦战三盘，鏖战至墨尔本当地时间接近凌晨2点，最终7-6(3)/1-6/6-4击败了世界第6萨卡里，生涯首胜TOP10，生涯首进大满贯16强！她也成为第六位打进澳网16强、第七位打进大满贯16强的中国大陆金花！ ,2023/1/20,236,29,25,"朱琳晋级澳网16强,AO新生力"
1,6,0,1,1,#印度赛凡晨组合晋级四强# 经过三局激烈较量，@陈小白BAOBAO @贾一凡_F 21-12 14-21 23-21 @郑雨yuyuyu @Z_殊贤，晋级半决赛！接下来将对阵郑娜银/金慧贞vs斯托伊娃姐妹的胜者 #2023年印度羽毛球公开赛#  ,2023/1/20,17,1,3,"印度赛凡晨组合晋级四强,2023年印度羽毛球公开赛"
1,6,0,2,1,#中羽协回应陈雨菲王祉怡退赛# 中国羽协看到很多网友关心@陈雨菲_CYF @_王祉怡_ 退出#2023年印度羽毛球公开赛# ，特作出回应——大家好，我们联系前方了解菲菲和小丸的情况，并转达了各位的关心和祝福。因为酒店饮食问题，菲菲和小丸都得了肠胃炎，罗导和队伍保障人员都在全力照顾，还请大家不要担心，我们一起期待菲菲和小丸健康回归赛场,2023/1/20,48,18,4,"中羽协回应陈雨菲王祉怡退赛,2023年印度羽毛球公开赛"
1,1,0,1,1,#中国女足公布新一期集训名单# 为全力备战2023年女足世界杯、杭州亚运会和巴黎奥运会资格赛，中国女足公布新一期集训名单：武汉车谷江大：吴海燕、娄佳惠、古雅沙、王晓雪、姚伟、姚凌薇、刘艳秋江苏：金坤、徐欢、倪梦婕、欧懿垚、邵子钦北京先农坛体校：王珊珊、潘红艳、麦迪乃·沙地克上海农商银行：张馨、朱钰、汪琳琳、方洁、杨倩、闫锦锦山东体彩：张睿、李艳飞长春九银租赁：高晨、高静遥广东梅州客家：陈巧珠路易斯维尔竞技女足：王霜马德里CFF：唐佳丽巴黎圣日耳曼：李梦雯苏黎世草蜢：张琳艳凯尔特人：沈梦雨堪培拉联：吴澄舒阿德莱德联：肖裕仪莱万特拉斯普拉纳斯：杨莉娜#中国女足#,2023/1/20,48,23,10,"中国女足公布新一期集训名单,中国女足"
1,6,0,1,1,#印度赛何冰娇晋级四强# @何冰娇的小号 21-13、21-19战胜张蓓雯！她半决赛的对手是李美妙vs安洗莹的胜者 #2023年印度羽毛球公开赛#  ,2023/1/20,20,0,3,"印度赛何冰娇晋级四强,2023年印度羽毛球公开赛"
1,6,0,1,1,【#印度赛陈雨菲退赛#】#2023年印度羽毛球公开赛#印度羽球公开赛今日打响1/4决赛，根据官网显示@陈雨菲_CYF 退出和凯特松的比赛新浪羽毛球的微博视频 ,2023/1/20,8,2,24,"印度赛陈雨菲退赛,2023年印度羽毛球公开赛"
1,3,0,1,1,【#澳网张帅组合大逆转进女双次轮# 】#澳网2023# 023澳网女双第一轮，张帅/玛雅组合在6-7(5)先丢一盘、第二盘0-4(30-40)大比分落后的情况下完成超级大逆转，最终以6-7(5)/6-4/6-3的比分力克马泰克/费尔南德斯，惊险晋级次轮。  ,2023/1/20,23,0,7,"澳网张帅组合大逆转进女双次轮,澳网2023"
1,11,0,1,2,【#谷爱凌比赛间隙写论文#】 #谷爱凌2023年首个冠军# 自由式滑雪U型场地技巧世界杯卡尔加里站，谷爱凌不仅断层晋级决赛，还在比赛间隙写论文 ,2023/1/20,318,28,10,"谷爱凌比赛间隙写论文,谷爱凌2023年首个冠军"
1,11,0,1,2,【#有被谷爱凌帅到#】#谷爱凌被小粉丝围住求合影##谷爱凌2023首秀进决赛# 自由式滑雪U型场地技巧世界杯卡尔加里站决赛第一轮，谷爱凌@青蛙公主爱凌 收获90分的高分谷爱凌面对镜头吐舌微笑，在休息区，谷爱凌被小粉丝们团团围住求合影体育叨叨酱的微博视频 ,2023/1/20,168,36,8,"有被谷爱凌帅到,谷爱凌被小粉丝围住求合影,谷爱凌2023首秀进决赛"
1,11,0,1,1,【#大冬会中国冰壶女队复仇美国#】#中国女队晋级大冬会冰壶决赛##大冬会# 普莱西德湖大冬会结束女冰壶半决赛，中国女队6-5复仇美国决赛中，中国队将和韩国进行交锋，在循环赛中中国6-8不敌韩国，期待姑娘们再次上演复仇好戏咪咕体育的微博视频 ,2023/1/20,23,1,4,"大冬会中国冰壶女队复仇美国,中国女队晋级大冬会冰壶决赛,大冬会"
1,11,0,1,1,【#谷爱凌2023年首个冠军# 】#谷爱凌第20金##U型池女王谷爱凌# @国际雪联 自由式滑雪世界杯加拿大卡尔加里站，女子U型池场地，中国选手谷爱凌第一次得分90.00，第二次得分95.00，第三次得分95.00，夺得冠军。张可欣获得第五名。 ,2023/1/20,5167,350,331,"谷爱凌2023年首个冠军,谷爱凌第20金,U型池女王谷爱凌"
1,9,0,2,1,【#郎平或重新出山执教土耳其联赛# 】 1月19日，据土耳其媒体爆料，郎平有可能重新出山担任新赛季土超女排豪门费内巴切的主教练。不过另一家土媒则传出在本周欧冠比赛期间，费内巴切高层与波兰和意甲诺瓦拉女排主教练拉瓦里尼的经纪人进行了会面，拉瓦里尼也有可能成为现任主帅特尔季奇的接班人。特尔季奇则将在下赛季执教俄超莫斯科迪纳摩女排。,2023/1/20,24,1,0,郎平或重新出山执教土耳其联赛
1,11,0,1,1,【#大冬会中国冰壶女队复仇美国#】#中国女队晋级大冬会冰壶决赛# #大冬会# 普莱西德湖大冬会结束女冰壶半决赛，中国女队6-5复仇美国。决赛中，中国队将和韩国进行交锋，在循环赛中中国6-8不敌韩国，期待姑娘们再次上演复仇好戏 ,2023/1/20,21,1,1,"大冬会中国冰壶女队复仇美国,中国女队晋级大冬会冰壶决赛,大冬会"
1,11,0,1,1,#谷爱凌张可欣晋级世界杯决赛# 谷爱凌@青蛙公主爱凌 、张可欣携手晋级自由式滑雪U型场地技巧世界杯卡尔加里站决赛谷爱凌排名资格赛第一，张可欣第四，携手晋级决赛。决赛将于北京时间1月20日9点进行 ,2023/1/20,865,87,18,谷爱凌张可欣晋级世界杯决赛
1,6,0,1,1,【#印度赛陈雨菲进八强#】#2023年印度羽毛球公开赛# 女单比赛，中国选手@陈雨菲_CYF 以2比0（21比9、21比12）横扫印度名将内维尔，进入八强！ ,2023/1/19,50,6,3,"印度赛陈雨菲进八强,2023年印度羽毛球公开赛"
1,3,0,1,4,【#张帅说自己当了一回梅西#】@Tennis张帅 连续作战，顺利晋级第三轮！女单第二轮比赛现场，有不少挥舞着克罗地亚国旗的球迷以及大量中国观众。张帅打趣，自己体会到了当梅西的感觉。#张帅晋级澳网32强# “比赛的时候，我感觉就像一个月之前的世界杯半决赛。当时阿根廷对阵克罗地亚，我想‘哇，梅西就是这样’。”,2023/1/19,113,27,2,"张帅说自己当了一回梅西,张帅晋级澳网32强"
1,2,0,1,6,#今年NBA和CBA谁最有冠军相# #预测总冠军可以全靠感情不用技巧# 新春女主播联赛聊球，来看看大家对冠军的预测都是谁呢？@秋大童 ：CBA预测广东夺冠，NBA冠军的话“活塞”？独行侠？@吕程啊旅程 ：全凭感情，没有技巧@拜月宁 爆料：秋童，是不是你去年预测赢麻了？（去年秋童老师预测勇士、独行侠进西决）@魏欣怡- ：CBA的话预测浙江夺冠；NBA的话？大声喊出来“湖人总冠军”？ 咪咕篮球的微博视频,2023/1/19,5,1,1,"今年NBA和CBA谁最有冠军相,预测总冠军可以全靠感情不用技巧"
1,11,0,1,5,【#邓超回复徐梦桃# 】徐梦桃发博谈看完#中国乒乓之绝地反击# 的观后感。邓超给冬奥冠军@徐梦桃 留言：你已经是我们的榜样了徐梦桃回复：@徐梦桃：致敬超哥对体育的情怀 ,2023/1/19,26,3,3,"邓超回复徐梦桃,中国乒乓之绝地反击"
1,14,0,3,4,【#武大靖说爸妈的手机背景都是我#】@希林娜依高 透露，今年春晚，她将唱出“妈妈和女儿的对话”，抒情又催泪。生活中，#妈妈用希林娜依高的歌当铃声#，就连家里其它设备也在全天候小声循环播放。@武大靖 也透露，爸妈的手机屏保、背景都是自己！央视新闻的微博视频 ,2023/1/19,23,2,3,"武大靖说爸妈的手机背景都是我,妈妈用希林娜依高的歌当铃声"
1,1,0,2,4,【#水庆霞称女足世界杯目标八强#】#水庆霞希望更多女孩爱上足球# 足协官网发布女足主帅水庆霞接受《人民日报》采访的内容：“我希望球队在世界杯上能够晋级八强；亚运会在‘家门口’举行，全队上下都希望表现出色；奥运会的名额比较少，竞争会更激烈，我们将全力争取晋级。”  “希望通过中国女足的努力，让更多女孩爱上足球、走上球场。”,2023/1/19,158,37,31,"水庆霞称女足世界杯目标八强,水庆霞希望更多女孩爱上足球"
1,3,0,1,1,#张帅晋级澳网32强# #澳网2023# 23号种子@Tennis张帅 以6-3/6-3完胜前法网八强马尔蒂奇，连续三个大满贯、连续两年澳网都进32强，将战美国资格赛黑马沃利内茨。 ,2023/1/19,57,8,4,"张帅晋级澳网32强,澳网2023"
1,6,0,1,1,#2023年印度羽毛球公开赛# #印度赛何冰娇进八强# @何冰娇的小号 21-18/21-15 金佳恩 闯进八强。 ,2023/1/19,20,5,2,"2023年印度羽毛球公开赛,印度赛何冰娇进八强"
1,11,0,1,6,【#申雪赵宏博女儿客串中国乒乓#】#中国乒乓小小雪演申雪# 中国乒乓的首映礼上，有影迷发现冬奥会花滑双人滑冠军组合申雪与赵宏博的女儿小小雪在电影中客串，并得到了导演的确认！央视网体育的微博视频 ,2023/1/18,41,9,8,"申雪赵宏博女儿客串中国乒乓,中国乒乓小小雪演申雪"
1,7,0,1,3,#孙颖莎为巴黎奥运打call# #2024巴黎奥运会# 在巴黎奥运会的社媒上，孙颖莎亲自亮相为奥运打call！！！桃子-桃核的微博视频 ,2023/1/18,54,5,10,"孙颖莎为巴黎奥运打call,2024巴黎奥运会"
1,11,0,1,3,【#徐梦桃中国乒乓观后感#】#中国乒乓首映口碑# @徐梦桃 发博分享电影《中国乒乓》观影感受：影片中我能感受到团队对胜利的渴望、对参与过程的无私奉献，对信念的坚守和对未来寄予的期望。勇敢者不是没有眼泪，而是含着眼泪奔跑。大年初三#中国乒乓# 正式上映，和我一起在新的一年用一部正能量、超燃的影片开启2023新征程吧你一定不虚此行！ 愿每个平凡、不平凡都能成为生命中最美的底色。,2023/1/18,29,7,3,"徐梦桃中国乒乓观后感,中国乒乓首映口碑,中国乒乓"
1,3,0,1,1,【#郑钦文爆冷止步澳网次轮#】爆冷！#澳网2023# 女单第二轮，29号种子郑钦文首盘4-1后连丢7局，以0-2（4-6/4-6）不敌美国选手佩拉，遗憾出局。 ,2023/1/18,29,19,4,"郑钦文爆冷止步澳网次轮,澳网2023"
1,3,1,1,1,【#张帅晋级澳网次轮# 】#澳网2023# 23号种子、中国金花@Tennis张帅 以2-1（6-1/4-6/6-0）战胜罗马尼亚选手提格，终结了三连败，取得新赛季单打首胜！ ,2023/1/18,32,1,6,"张帅晋级澳网次轮,澳网2023"
1,6,0,1,1,【#印度赛凡晨组合逆转进次轮#】#2023年印度羽毛球公开赛#  中国组合@陈小白BAOBAO @贾一凡_F 在先丢一盘的情况下逆转，最终以2-1（16-21、21-14、21-16）淘汰普蒂塔/素比莎拉，前者晋级下一轮！ ,2023/1/18,21,1,3,"印度赛凡晨组合逆转进次轮,2023年印度羽毛球公开赛"
1,1,0,1,1,【#中国女足约战欧洲球队模拟世界杯# 】据《北京青年报》消息，中国女足将于当地时间2月14日、16日、19日、22日在西班牙马贝拉进行4场热身赛，对手分别为瑞典女足、爱尔兰女足以及两支女足西甲球队。女足世界杯，中国和丹麦、英格兰同组，因此选择了瑞典和爱尔兰这两支风格相似的球队，中国女足因此将这两个对手视为丹麦、英格兰的假想敌。,2023/1/18,27,7,1,中国女足约战欧洲球队模拟世界杯
1,7,0,1,1,【#石川佳纯会继续参加国际比赛#】石川佳纯日前接受《报知体育》专访，表明了继续在一线打拼的决心。石川佳纯对此表示：我现在不考虑巴黎奥运会的事情，如果不以第4次为目标就必须退役吗？我认为那个选择太极端了。我喜欢乒乓球，作为职业选手应该做自己想做的。在眼前的比赛中以最佳状态站在球场上。 ,2023/1/18,19,0,6,石川佳纯会继续参加国际比赛
1,3,0,1,1,【#王欣瑜止步澳网次轮#】#澳网2023# 女单第二轮，中国选手王欣瑜以0-2（3-6、2-6）不敌10号种子凯斯，无缘32强。凯斯下一轮将对阵阿扎伦卡和波多罗斯卡之间的胜者。 ,2023/1/18,8,3,2,"王欣瑜止步澳网次轮,澳网2023"
1,6,0,1,1,#印度赛何冰娇进次轮#  #2023年印度羽毛球公开赛# 2023年印度羽毛球公开赛，@何冰娇的小号 21-16/21-15战胜杰克斯菲德，晋级第二轮，下一轮她将迎来金佳恩的挑战。 ,2023/1/18,8,2,2,"印度赛何冰娇进次轮,2023年印度羽毛球公开赛"
1,3,0,1,1,#韩馨蕴曾贷款7万打比赛#  #澳网2023# 据@韩馨蕴 自述，她曾经申请了7万块贷款，冲进WTA巡回赛的圈子。明天，@韩馨蕴 就将迎来新赛季的首个大满贯之旅。 ,2023/1/18,17,9,2,"韩馨蕴曾贷款7万打比赛,澳网2023"
1,11,0,1,1,#中国冰壶队7连胜晋级半决赛# #中国大学生女子冰壶队太强了# 普莱西德湖大冬会，中国大学生女子冰壶队豪取7连胜，率先晋级半决赛！中国大学生女子冰壶队9-5战胜西班牙，9-2战胜瑞士，6-4战胜瑞典，9-2战胜澳大利亚，7-4战胜加拿大，6-3战胜英国，7-3战胜日本，展现出超强的水平，祝愿她们再接再厉。咪咕体育的微博视频,2023/1/18,32,2,6,"中国冰壶队7连胜晋级半决赛,中国大学生女子冰壶队太强了"
1,6,0,1,1,#印度赛陈雨菲进次轮# @陈雨菲_CYF 21-19、22-20 战胜李文珊！下一轮的对手将是米娅vs内维尔的胜者 #2023年印度羽毛球公开赛#  ,2023/1/17,27,3,2,"印度赛陈雨菲进次轮,2023年印度羽毛球公开赛"
1,3,0,1,1,#张帅比赛推迟一天# 由于高温+雨水，今日还未开赛的澳网外场比赛推迟到明天进行，@Tennis张帅 的首轮比赛因此也延期到明天。这样明天将有张帅、商竣程、郑钦文、朱琳和王欣瑜五人出战 #澳网2023# ,2023/1/17,13,2,2,"张帅比赛推迟一天,澳网2023"
1,6,0,1,1,#印度赛张殊贤郑雨横扫进次轮# @Z_殊贤 @郑雨yuyuyu 21-4、21-2 哈丽萨/罗伊，顺利晋级下一轮！接下来将对阵乔莉/普莱拉 #2023年印度羽毛球公开赛#  ,2023/1/17,19,4,1,"印度赛张殊贤郑雨横扫进次轮,2023年印度羽毛球公开赛"
1,1,0,1,1,#瑞典女足下月约战中国女足# 瑞典足协官方宣布，2月13日至21日，瑞典女足将进行集训，在此期间将会先后约战中国女足和德国女足。根据瑞典足协公布的日程，瑞典女足将于当地时间2月16日18点30分（北京时间2月17日1点30分），在西班牙马贝拉足球中心对阵中国女足。 ,2023/1/17,35,3,2,瑞典女足下月约战中国女足
1,1,0,1,1,#巴黎官宣杨莉娜离队# 北京时间1月17日上午，巴黎圣日耳曼官方宣布，中国女足国脚杨莉娜结束租借。巴黎圣日耳曼在官方公告中写道：中国中场球员杨莉娜返回她的中国俱乐部上海农商银行女足。去年夏天杨莉娜租借至巴黎圣日耳曼，为我们出战过法甲女足和欧冠女足比赛！巴黎圣日耳曼感谢杨莉娜，并祝愿她在下半赛季一切顺利！,2023/1/17,20,7,7,巴黎官宣杨莉娜离队
1,14,0,3,7,#夏奇拉通过家中果酱发现皮克出轨#西班牙电视节目披露，夏奇拉是通过家中冰箱里的果酱发现皮克出轨的。一次出差后，夏奇拉发现家中果酱被人打开食用了，而作为职业球员，皮克有严格饮食管理，从不吃果酱。夏奇拉后来请私人侦探调查，发现克拉拉（皮克现女友）当时在家中留宿还吃了早餐。夏奇拉曾表示，只要打开冰箱，她就知道家中发生过什么。,2023/1/17,1316,86,50,夏奇拉通过家中果酱发现皮克出轨
1,1,0,1,2,#C罗一家利雅得游玩#C罗@CristianoRonaldo 忙里偷闲，带全家一起游玩利雅得#C罗一家打卡利雅得游乐园# ,2023/1/17,73,17,12,"C罗一家利雅得游玩,C罗一家打卡利雅得游乐园"
1,11,0,1,1,#谷爱凌2023赛季首秀# @青蛙公主爱凌 即将迎来新年首个比赛——世界杯加拿大站。比赛时间分别是1月20号和22号北京时间上午9点，大年初一有谷爱凌比赛看哦在个人主页上，谷爱凌细心标注了开赛时间并呼呼大家等她训练结束后再合影。 ,2023/1/17,823,95,13,谷爱凌2023赛季首秀
1,7,0,1,1,#何卓佳3比1李凯敏##WTT常规挑战赛多哈站2023#女单资格赛第二轮，@小胖子何卓佳 3-1战胜李凯敏顺利晋级！四局比分为10-12、11-4、11-8、11-5 咪咕体育的微博视频 ,2023/1/16,14,1,2,"何卓佳3比1李凯敏,WTT常规挑战赛多哈站2023"
1,2,0,1,2,#玛雅摩尔退役# WNBA官方宣布，四届WNBA总冠军（2011、2013、2015、2017）得主玛雅-摩尔正式宣布从WNBA退役。除了在WNBA的表现外，玛雅-摩尔还曾带领巴伦西亚赢得西甲冠军和欧冠冠军，带领山西女篮完成WCBA三连冠。  ,2023/1/16,50,7,5,玛雅摩尔退役
1,2,0,1,1,#中国三人女篮亚洲杯集训名单# @中国三人篮球国家队 公布了今年三人篮球亚洲杯的女队集训名单。2023年国际篮联三人篮球亚洲杯将于3月29日至4月2日在新加坡举行。三人篮球国家女队将于1月30日至3月27日在山东省体育局训练中心集训。本次集训名单：主教练：许佳敏（上海）运动员：赵郁菲（山东）、张梓涵（北京师范大学）、伍湘琳（北京大学）、王家绘（北京大学）、罗巧梅（北京大学）、陈玉婕（华中科技大学）、霍俊彤（华中科技大学）、刘贝（华中科技大学）,2023/1/16,12,1,1,中国三人女篮亚洲杯集训名单
1,4,0,1,1,【#张雨霏2023年主攻200蝶#】#张雨霏2023年目标#与去年调整年不同，今年@o张雨霏o 将主攻方向转回了200米蝶泳。除了巴黎奥运会的目标外，她还想要在今年的福冈世锦赛上实现200米蝶泳的“大满贯”以及成为杭州亚运会的MVP。(中国体育报) ,2023/1/16,93,11,0,"张雨霏2023年主攻200蝶,张雨霏2023年目标"
1,3,0,1,1,【#郑钦文晋级澳网第二轮#】#澳网2023# 女单首轮，@郑钦文Ana 6-0/6-2轻取加尔菲，晋级第二轮。郑钦文的下轮对手将是美国左手选手佩拉。这是郑钦文首次以种子球员身份征战大满贯。澳网AustralianOpen的微博视频 ,2023/1/16,35,9,5,"郑钦文晋级澳网第二轮,澳网2023"
1,11,0,1,1,【#中国大学生女子冰壶队四连胜#】普莱西德湖大冬会，中国大学生女子冰壶队9-5战胜西班牙，9-2战胜瑞士，6-4战胜瑞典，9-2战胜澳大利亚，开赛4连胜。咪咕体育的微博视频 ,2023/1/16,54,8,8,中国大学生女子冰壶队四连胜
1,14,0,2,4,【#马凡舒再次担任春晚主持人#】《2023年春节联欢晚会》主持人阵容发布，@马凡舒_fanfan 再次担任春晚主持人。去年马凡舒就曾担任春晚主持人。央视新闻的微博视频 ,2023/1/16,169,40,14,马凡舒再次担任春晚主持人
1,9,0,1,1,【#斯坎迪奇女排6连胜#】意大利联赛，斯坎迪奇客场3-1战胜瓦莱福利亚，21-25、25-19、25-18、25-19。获得六连胜继续排名积分榜次席。@女排朱婷ZT 12分(27扣8中4拦网)，新加盟的@Xback女排姚迪 替补登场上演意甲首秀。】#朱婷征战意大利# 主播越晟铭的微博视频 ,2023/1/16,12,1,3,"斯坎迪奇女排6连胜,朱婷征战意大利"
1,7,0,1,1,#张瑞蒯曼3比1钱天一石洵瑶##张瑞蒯曼WTT女双夺冠##WTT常规挑战赛德班站#女双决赛，@Z张瑞Z /@kuaiman0207 3-1战胜@钱天一321 /@石洵瑶w 夺得冠军！四局比分为11-7、10-12、13-11、11-8 咪咕体育的微博视频 ,2023/1/15,16,0,1,"张瑞蒯曼3比1钱天一石洵瑶,张瑞蒯曼WTT女双夺冠,WTT常规挑战赛德班站"
1,7,0,1,1,#钱天一4比1范思琦##钱天一WTT女单夺冠##WTT常规挑战赛德班站#女单决赛，@钱天一321 4-1战胜@范思琦rice 夺得本站比赛冠军！五局的比分为11-7、12-14、11-6、11-8、12-10 咪咕体育的微博视频 ,2023/1/15,11,1,1,"钱天一4比1范思琦,钱天一WTT女单夺冠,WTT常规挑战赛德班站"
1,3,0,1,1,#张帅刷新WTA单打排名##澳网2023# 正赛开赛在即，WTA公布最新一期世界排名，@Tennis张帅 上升两位，位列第22，创造职业生涯单打新高。@郑钦文Ana 同样上升两位，排名第28 ,2023/1/15,28,0,1,"张帅刷新WTA单打排名,澳网2023"
1,3,0,1,1,#郑赛赛因伤退出2023澳网# @郑赛赛 因腕伤退出#澳网2023#，她的签位将由曼德利克替代。 ,2023/1/15,11,0,0,"郑赛赛因伤退出2023澳网,澳网2023"
1,7,0,1,2,#陈梦29岁生日感言##陈梦发微博庆生# 今天过生日的@陈梦-乒乓球 发微博庆生：又一年生日，又一年与乒乓球、与中国乒乓球队大家庭、还有大家相伴而过。你们的生日快乐、用心祝福，我都有收到。过去的一岁感谢有你们的陪伴，未来的日子我们也一起期待吧！  ,2023/1/15,45,9,2,"陈梦29岁生日感言,陈梦发微博庆生"
1,6,0,1,1,#大马赛凡晨组合夺冠##凡晨组合夺新赛季首冠##2023年大马羽毛球公开赛# 女双决赛，@陈小白BAOBAO /@贾一凡_F 21-16 21-10 白荷娜/李幽琳（韩国），夺得新赛季首冠，跨年10连胜两连冠！ ,2023/1/15,57,3,2,"大马赛凡晨组合夺冠,凡晨组合夺新赛季首冠,2023年大马羽毛球公开赛"
1,4,0,1,4,#张雨霏小年送祝福# #体坛众星小年送祝福# @o张雨霏o 送小年祝福啦！：二十三 糖瓜粘二十四 扫房子🧹小年快乐[2023] ,2023/1/15,105,12,9,"张雨霏小年送祝福,体坛众星小年送祝福"
1,7,1,1,5,#黄晓明祝陈梦生日快乐# 顶级互动！@黄晓明：梦梦生日快乐！追梦的道路上，有时候也要劳逸结合休息休息啊。其他的咱俩春节回家当面说随后陈梦@陈梦-乒乓球 回复：“谢谢表哥[心动超崽]今年杭州亚运会要不要来现场看呀” #在微博看见体育# ,2023/1/15,114,22,1,"黄晓明祝陈梦生日快乐,在微博看见体育"
1,13,0,1,4,#周迅受聘为杭州亚运会宣传形象大使# 1月15日上午10点，杭州亚运会主办城市推广曲《最美的风景》演唱版MV正式发布，MV由水木年华演唱、周迅@i周迅 参演。同时，周迅受聘为杭州亚运会宣传形象大使。内容来源：@中国蓝新闻 中国蓝新闻的微博视频 ,2023/1/15,186,120,118,周迅受聘为杭州亚运会宣传形象大使
1,7,0,1,2,#陈梦0115生日快乐# #陈梦生日快乐# @WTT世界乒联 ：“㊗️陈梦@陈梦-乒乓球 生日快乐🎂赛场上的每一次胜利或曲折都是通往成功之路上的风景以梦为马，不负韶华；心怀梦想，继续奔赴自己的热爱 。” ,2023/1/15,76,19,2,"陈梦0115生日快乐,陈梦生日快乐"
1,1,0,1,2,#韦霍斯特全家现场观战曼市德比# 太有爱了！曼联新援韦霍斯特携妻子孩子现场观战曼市德比 #曼联vs曼城# 咪咕足球的微博视频 ,2023/1/14,21,2,2,"韦霍斯特全家现场观战曼市德比,曼联vs曼城"
1,3,0,1,1,#张瑞蒯曼3比1巴拉佐娃卢茨##WTT常规挑战赛德班站#女双半决赛，@Z张瑞Z /@kuaiman0207 3-1战胜巴拉佐娃/卡米尔-卢茨，四局比分为11-9、11-8、8-11、11-7，张瑞/蒯曼与@钱天一321 /@石洵瑶w 会师决赛！#国乒包揽WTT德班站女双冠亚军# 咪咕体育的微博视频 ,2023/1/14,10,0,3,"张瑞蒯曼3比1巴拉佐娃卢茨,WTT常规挑战赛德班站,国乒包揽WTT德班站女双冠亚军"
1,1,0,1,2,#贝克汉姆带女儿看儿子比赛# 布伦特福德B队3-2击败阿斯顿维拉U21，罗密欧-贝克汉姆迎来了在布伦特福德的第二场比赛。贝克汉姆依然依然到场观战，而这一次他还带着女儿小七一同前来。 ,2023/1/14,15,2,3,贝克汉姆带女儿看儿子比赛
1,7,0,1,1,#钱天一石洵瑶3比1温特巴约##WTT常规挑战赛德班站#女双半决赛，@钱天一321 /@石洵瑶w 3-1战胜温特/巴约率先晋级决赛！四局的比分为11-6、7-11、11-8、12-10 咪咕体育的微博视频 ,2023/1/14,11,0,1,"钱天一石洵瑶3比1温特巴约,WTT常规挑战赛德班站"
1,6,0,1,1,#大马赛国羽遭严重误判# 女双半决赛，@郑雨yuyuyu /@Z_殊贤 VS韩国组合白荷娜/李幽琳，余弦组合21-20领先，张殊贤后场球被判出界，郑雨第一时间举手示意挑战，但是主裁没有看到，当郑雨再次要求挑战的时候，主裁以郑雨没有第一时间示意挑战为由拒绝，中国组合随后连丢2分输掉比赛 小星星侃大山的微博视频 ,2023/1/14,18,7,1,大马赛国羽遭严重误判
1,7,0,1,1,#钱天一3比0单晓娜##WTT常规挑战赛德班站#女单1/4决赛，@钱天一321 3-0战胜@单晓娜德国 晋级半决赛！三局比分都是11-9，半决赛钱天一对阵简彤娟 咪咕体育的微博视频 ,2023/1/14,21,1,2,"钱天一3比0单晓娜,WTT常规挑战赛德班站"
1,7,0,1,1,#张瑞3比0米特兰姆##WTT常规挑战赛德班站#女单1/4决赛，@Z张瑞Z 3-0战胜尼娜-米特兰姆晋级半决赛，三局比分：11-8、11-4、11-0 （米特兰姆伤退），半决赛张瑞vs范思琦 咪咕体育的微博视频 ,2023/1/14,8,0,1,"张瑞3比0米特兰姆,WTT常规挑战赛德班站"
1,6,0,1,1,#大马赛张殊贤郑雨无缘决赛# @Z_殊贤 @郑雨yuyuyu 17-21、21-23不敌白荷娜/李幽林，无缘决赛 #2023年大马羽毛球公开赛# ,2023/1/14,7,2,2,"大马赛张殊贤郑雨无缘决赛,2023年大马羽毛球公开赛"
1,7,0,1,1,#范思琦3比1刘炜珊##WTT常规挑战赛德班站#女单1/4决赛，@范思琦rice 3-1战胜@L炜珊Ss 晋级半决赛，四局的比分为11-9、4-11、11-8、11-8 咪咕体育的微博视频 ,2023/1/14,5,0,1,"范思琦3比1刘炜珊,WTT常规挑战赛德班站"
1,6,0,1,1,#2023年大马羽毛球公开赛##大马赛陈雨菲无缘决赛# 女单，安洗莹 21-12 19-21 21-9 @陈雨菲_CYF ，国羽女单无缘本站决赛，这是安洗莹生涯第二次战胜陈雨菲 ,2023/1/14,6,1,1,"2023年大马羽毛球公开赛,大马赛陈雨菲无缘决赛"
1,1,0,1,1,#吴澄舒澳超首球# 场澳大利亚女足联赛中，堪培拉联女足半场暂时2-0领先纽卡斯尔喷气机女足，中国球员吴澄舒破门收获首球，这也是中国女足球员在澳大利亚女超的首个进球#在微博看见体育# 搜达足球的微博视频 ,2023/1/14,21,9,21,"吴澄舒澳超首球,在微博看见体育"
1,6,0,1,1,#大马赛凡晨组合进决赛# #2023年大马羽毛球公开赛# @贾一凡_F  @陈小白BAOBAO 陈清晨/贾一凡 21-9 拉哈尤/拉马丹蒂，凡晨打出一个波12比2轻松拿下第一局！ 但随后拉马丹蒂扭到脚踝，最终拉马丹蒂受伤退赛！凡晨组合晋级决赛！ ,2023/1/14,16,1,1,"大马赛凡晨组合进决赛,2023年大马羽毛球公开赛"
1,7,0,1,2,#丁宁当选黑龙江省政协委员# 据《黑龙江日报》，省政协委员@丁宁 则从运动员的退役转型问题谈起。她表示，体育产业、校园体育、群众体育、竞技体育等的发展，都需要大量的人才，退役运动员就是“生力军”，他们有能力、有水平、也有韧性来从事这些岗位。运动员退役转型做得更好，会有更多的家庭愿意让孩子从事竞技体育，对于体育后备人才培养选拔大有好处。#在微博看见体育# 友的说的微博视频,2023/1/14,58,6,4,"丁宁当选黑龙江省政协委员,在微博看见体育"
1,11,0,1,4,#俄罗斯反兴奋剂机构称K宝无过错##俄罗斯裁定瓦利耶娃兴奋剂案无过失# 1月13日，世界反兴奋剂机构(WADA)通报，俄罗斯反兴奋剂机构(RUSADA)已经对花样滑冰运动员瓦列娃兴奋剂案做出裁决，裁定尽管瓦列娃违反了兴奋剂条例，但她对此“没有过错或疏失”。因此除了取消其采集兴奋剂样本当天(2021年12月25日)的比赛结果外，不会进行任何处罚。WADA对“没有过错或疏失”的说法表示关切，将酌情向体育仲裁法庭提起上诉。#俄裁定K宝没错但莎莎递补冠军#  网页链接,2023/1/14,623,7,3,"俄罗斯反兴奋剂机构称K宝无过错,俄罗斯裁定瓦利耶娃兴奋剂案无过失,俄裁定K宝没错但莎莎递补冠军"
1,7,0,1,1,#WTT常规挑战赛德班站# 赛果同步：女单1/8决赛，@钱天一321 3比1 黄歆，晋级女单八强，四局比分为：11-6/4-11/12-10/11-8。其中第三局钱天一4比10落后连得8分，12比10完成大逆转。男单1/8决赛，@徐瑛彬bin 1比3 西蒙-高兹（法国），无缘男单八强，四局比分：11-6/3-11/4-11/8-11。#钱天一3比1黄歆##徐瑛彬1比3高兹# 咪咕体育的微博视频,2023/1/14,8,0,1,"WTT常规挑战赛德班站,钱天一3比1黄歆,徐瑛彬1比3高兹"
1,7,0,1,1,#蒯曼2比3简彤娟##WTT常规挑战赛德班站# 女单1/8决赛，蒯曼@kuaiman0207 2比3 简彤娟，无缘女单八强，五局比分为12-10/11-13/9-11/12-10/8-11 咪咕体育的微博视频 ,2023/1/13,10,2,4,"蒯曼2比3简彤娟,WTT常规挑战赛德班站"
1,2,0,1,1,#谷爱凌将参加XGAMES三项比赛# 当地时间1月27日-1月29日，世界极限运动会X-Games将在美国的阿斯本举行。根据赛事方发布的参赛运动员名单，@青蛙公主爱凌 将参加双板大跳台、坡面障碍和U型池的比赛；@苏翊鸣 将参加单板坡面障碍和大跳台的比赛；蔡雪桐@x桐c 将出战单板U型池的比赛。#苏翊鸣将参加XGAMES两项比赛#,2023/1/13,1123,87,16,"谷爱凌将参加XGAMES三项比赛,苏翊鸣将参加XGAMES两项比赛"
1,6,0,1,1,#钱天一石洵瑶3比0帕瓦德卢茨##WTT常规挑战赛德班站# 女双1/4决赛，@钱天一321 /@石洵瑶w 3比0击败法国组合帕瓦德/卢茨，晋级女双半决赛！三局比分为11-9/11-4/11-5 咪咕体育的微博视频 ,2023/1/13,13,0,3,"钱天一石洵瑶3比0帕瓦德卢茨,WTT常规挑战赛德班站"
1,9,0,1,1,#斯坎迪奇官宣姚迪加盟# 意甲斯坎迪奇俱乐部@SavinoDelBeneVolley 官方宣布姚迪加盟，公告中写道：欢迎中国女排名将@Xback女排姚迪 加入斯坎迪奇俱乐部！这是姚迪职业生涯中首次来到欧洲，非常期待未来能够携手共创佳绩！ ,2023/1/13,59,6,8,斯坎迪奇官宣姚迪加盟
1,7,0,1,1,#张瑞3比0黄禹乔##WTT常规挑战赛德班站#女单R16，@Z张瑞Z 3比0战胜黄禹乔 (中国台北)晋级下一轮！三局比分为12-10、11-8、11-7 咪咕体育的微博视频 ,2023/1/13,4,0,1,"张瑞3比0黄禹乔,WTT常规挑战赛德班站"
1,1,0,2,4,#网飞将推出2022世界杯纪录片#  网飞官方宣布与国际足联流媒体平台FIFA+合作，双方将会制作2022世界杯纪录片。该纪录片将包括全部32支球队的特权访问以及独家镜头资料，向球迷们展示此前没有透露过的世界杯镜头。预计纪录片将在今年上映。 ,2023/1/13,54,6,2,网飞将推出2022世界杯纪录片
1,9,0,1,8,#女排3人将被授予国际级运动健将称号# 中国排协发布公示通知，将授予50人运动员等级称号。其中，女排国手金烨、王云蕗@Abyss10_王 和@刁琳宇_6 随队在世锦赛上获得第6名，将被授予国际级运动健将称号！ ,2023/1/13,53,9,4,女排3人将被授予国际级运动健将称号
1,4,0,1,2,#25岁奥运冠军当选湖北省政协委员# 据极目新闻报道，“奥运冠军”刘蕙瑕当选湖北省政协委员，是最年轻的一位！刘蕙瑕12岁入选国家队，16岁获得首个世界冠军，19岁获得里约奥运会跳水女子双人十米台冠军，退役后在湖北省跳水队担任领队。本届湖北省两会，刘蕙瑕当选为新一届省政协委员。#跳水奥运冠军成湖北省最年轻政协委员#,2023/1/13,109,14,2,"25岁奥运冠军当选湖北省政协委员,跳水奥运冠军成湖北省最年轻政协委员"
1,1,0,1,3,#梅西与三个儿子叠抱##梅西这家庭氛围太暖了# 梅西爱妻安东内拉在社交平台幸福晒照，照片中，她家的三个儿子与@梅西LeoMessi10 叠抱在一起，场面非常温馨。安东内拉还写道：“我的爱之山！”太暖了！！ ,2023/1/13,47,9,2,"梅西与三个儿子叠抱,梅西这家庭氛围太暖了"
1,6,0,1,1,#大马赛陈雨菲进四强##2023年大马羽毛球公开赛# 四分之一决赛，@陈雨菲_CYF 21-18、21-19 @马林_CarolinaMarin ，晋级四强！半决赛：陈雨菲 vs 安洗莹（8-1）。 ,2023/1/13,59,2,3,"大马赛陈雨菲进四强,2023年大马羽毛球公开赛"
1,6,0,1,1,#大马赛王祉怡无缘四强# #2023年大马羽毛球公开赛# 1/4决赛，安洗莹21-17 16-21 21-19@_王祉怡_ ，王祉怡1-2遗憾不敌安洗莹，止步八强。 ,2023/1/13,17,0,1,"大马赛王祉怡无缘四强,2023年大马羽毛球公开赛"
1,6,0,1,1,#大马赛凡晨组合进四强##2023年大马羽毛球公开赛# 陈清晨@陈小白BAOBAO @贾一凡_F 21-17、21-17 斯托伊娃姐妹，晋级四强。 ,2023/1/13,22,1,4,"大马赛凡晨组合进四强,2023年大马羽毛球公开赛"
1,7,0,1,1,【#张瑞蒯曼3比0南非组合#】#WTT德班常规挑战赛# 女双1/8决赛：@Z张瑞Z /蒯曼@kuaiman0207 3-0 诺姆多/穆克雷，三局比分（11-2、11-4、#国乒又打出11比0#）咪咕乒乓球的微博视频 ,2023/1/12,18,1,2,"张瑞蒯曼3比0南非组合,WTT德班常规挑战赛,国乒又打出11比0"
1,7,0,1,1,【#张瑞3比1卢茨#】#WTT常规挑战赛德班站# 女单1/16决赛，@Z张瑞Z 3比1战胜卢茨（法国）晋级，四局比分：11-5/9-11/11-4/11-7。咪咕乒乓球的微博视频 ,2023/1/12,9,2,5,"张瑞3比1卢茨,WTT常规挑战赛德班站"
1,6,0,1,1,【#大马赛陈雨菲进八强#】#2023年大马羽毛球公开赛# 女单1/8决赛，@陈雨菲_CYF 战胜加拿大选手李文珊（21-13、10-21、21-13），晋级八强。1/4决赛，陈雨菲将对阵西班牙名将马林。  ,2023/1/12,35,1,5,"大马赛陈雨菲进八强,2023年大马羽毛球公开赛"
1,3,1,1,1,#2023澳网正赛签表#出炉，#中国金花澳网首轮对阵#如下：[23]@Tennis张帅  VS 提格[29]@郑钦文Ana VS 加尔菲王曦雨 VS 卡·普利斯科娃王欣瑜 VS 亨特朱琳 VS 马里诺袁悦 VS 萨卡里郑赛赛 VS 贝古 男单方面吴易昺vs穆泰张之臻vs本-谢尔顿#澳网2023# ,2023/1/12,9,4,3,"2023澳网正赛签表,中国金花澳网首轮对阵,澳网2023"
1,9,0,1,1,#朱婷当选意甲12月MVP#意大利联赛发布消息：朱婷当选意甲女排联赛2022年12月最佳球员（MVP），恭喜@女排朱婷ZT Volley小站的微博视频 ,2023/1/12,117,11,3,朱婷当选意甲12月MVP
1,1,0,1,2,#罗纳尔多求婚成功# 46岁的罗纳尔多向32岁女友Celina Locks完成求婚，Celina Locks在自己的社交媒体上宣布了这一喜讯。 ,2023/1/12,106,31,5,罗纳尔多求婚成功
1,6,0,1,1,#大马赛凡晨组合进八强#@陈小白BAOBAO @贾一凡_F 21-7 21-9 库苏马/普拉提维  #大马赛黄鸭组合无缘八强#@王懿律enzo /@H黄东萍 21-12 20-22 21-23 金元昊/郑娜银，无缘八强。#2023年大马羽毛球公开赛# ,2023/1/12,12,3,1,"大马赛凡晨组合进八强,大马赛黄鸭组合无缘八强,2023年大马羽毛球公开赛"
1,3,0,1,2,#大坂直美宣布怀孕# #大坂直美男友#大坂直美的男友是美国说唱歌手科迪亚（YBN Cordae），两人已经谈了三年多，24岁的他，比大坂直美还要小一岁。去年下半年，美媒曾曝出两人分手，但大坂直美辟谣说：我们关系很好，还会更进一步。而后来当大坂直美游览卢浮宫时，科迪亚在她的社媒下直接留言称她为“夫人”。现在看，两人果然更进一步，有了宝宝了。#澳网2023#,2023/1/12,78,19,4,"大坂直美宣布怀孕,大坂直美男友,澳网2023"
1,3,0,1,2,#大坂直美宣布怀孕# 四届大满贯冠军得主大坂直美宣布怀孕喜讯，此前她宣布退出#澳网2023#大坂直美表示期待2024年回归网坛、她希望未来能让自己的孩子看自己打一场球。  ,2023/1/12,38,25,4,"大坂直美宣布怀孕,澳网2023"
1,7,0,1,6,#王曼昱王艺迪猜球员挑战#  #王曼昱惊叹王艺迪认人能力# @王曼昱 @迪214 PK挑战看脸的一部分来猜球员，最后谁赢了？一起来看看！咪咕体育的微博视频 ,2023/1/11,27,3,2,"王曼昱王艺迪猜球员挑战,王曼昱惊叹王艺迪认人能力"
1,6,1,1,2,#大马羽球女神吴柳莹退役##2023年大马羽毛球公开赛# 2023年大马羽毛球公开赛首轮不敌印尼组合，大马羽球女神@吴柳莹GohLiuYing 结束了生涯最后一场职业国际赛事。吴柳莹与@奋斗青年陈炳橓 搭档为马来西亚赢得了里约奥运会的羽毛球混双银牌，以及羽毛球亚锦赛的混双金牌。 ,2023/1/11,8,1,1,"大马羽球女神吴柳莹退役,2023年大马羽毛球公开赛"
1,9,0,1,1,#斯坎迪奇女排3比0萨格勒布# 女排欧联杯1/8决赛打响首回合，斯坎迪奇女排客场3-0完胜萨格勒布，在系列赛中占得先机！三局比分为 25-19、25-22、25-19。本场比赛，@女排朱婷ZT 轮休，第二回合比赛将于1月18日3点开打。#朱婷欧联杯轮休# OlyExpress的微博视频 ,2023/1/11,8,1,110,"斯坎迪奇女排3比0萨格勒布,朱婷欧联杯轮休"
1,3,0,1,1,#郑钦文因伤退赛# WTA500阿德莱德女单次轮，中国小将郑钦文在6-7(6)丢掉首盘后因伤退赛，科维托娃晋级八强。在昨日连赢八局逆转罗杰斯的比赛中，郑钦文腿部受伤，希望中国金花问题不大吧，早日康复！ #WTA500# Tennis欧阳文升的微博视频 ,2023/1/11,16,4,2,"郑钦文因伤退赛,WTA500"
1,7,0,1,1,#陈梦4比0吴咏琳# @陈梦-乒乓球 赛后：发挥比较正常，比较满意，和对手双打刚打过，对她球路有一定了解。准备上以自我为主，希望把自己的战术体系在比赛中运用出来。也希望打更多的比赛，等着来年在卡塔尔打更多比赛 新浪乒乓球的微博视频 ,2023/1/10,27,4,4,陈梦4比0吴咏琳
1,7,0,1,1,#陈幸同4比0李时温##德班世乒赛亚洲区预赛# 女单淘汰赛，@陈幸同 4比0 战胜韩国选手李时温，四局比分为12-10、11-5、11-8、14-12，这样#国乒拿满世乒赛女单席位#！ ,2023/1/10,18,1,2,"陈幸同4比0李时温,德班世乒赛亚洲区预赛,国乒拿满世乒赛女单席位"
1,7,0,1,1,#王曼昱4比1崔孝珠##德班世乒赛亚洲区预赛#女单，@王曼昱 4-1战胜韩国选手崔孝珠，五局比分为7-11、11-9、11-3、11-9、14-12 ,2023/1/10,33,5,2,"王曼昱4比1崔孝珠,德班世乒赛亚洲区预赛"
1,7,0,1,1,#王艺迪4比0徐孝元##德班世乒赛亚洲区预赛#女单，王艺迪@迪214 4比0 战胜韩国选手徐孝元，四局比分为11-9、11-5、11-9、11-8 ,2023/1/10,10,0,1,"王艺迪4比0徐孝元,德班世乒赛亚洲区预赛"
1,7,0,1,1,#陈梦4比0吴咏琳##德班世乒赛亚洲区预赛#女单小组决赛，@陈梦-乒乓球 4比0战胜中国香港选手吴咏琳，四局比分为11-3、11-9、11-6、11-7 ,2023/1/10,21,1,1,"陈梦4比0吴咏琳,德班世乒赛亚洲区预赛"
1,7,0,1,1,#孙颖莎4比0王歆茹##德班世乒赛亚洲区预赛#女单A组淘汰赛，@孙颖莎 比战胜王歆茹（新加坡），第三局打出了11-0！四局的比分为11-5、11-3、11-0、11-2 #孙颖莎11比0王歆茹# ,2023/1/10,522,30,7,"孙颖莎4比0王歆茹,德班世乒赛亚洲区预赛,孙颖莎11比0王歆茹"
1,3,0,1,8,#日媒认为大坂直美接近退役# 据日媒报道，25岁的大阪直美去年以5110万美元排名女性运动员收入榜首，但她正在远离网球。她上一次比赛出场还是去年9月，现在人们甚至都不知道她是否还在训练。大阪直美的官网里，介绍不是网球选手，而是时尚达人、企业家等。似乎网球已不再是她的动力和目标了。 ,2023/1/10,39,21,105,日媒认为大坂直美接近退役
1,3,0,1,4,#郑钦文说新赛季目标是世界前十# #郑钦文连赢八局逆转晋级# 赛后，郑钦文接受采访，表示新赛季的目标是打入世界前十！对于即将开战的澳网，郑钦文表示那里非常多中国人为她加油，李娜也在这里拿到过大满贯冠军，大满贯每一场比赛都很艰难，她要做好迎接困难的准备，争取走得更远。WTA国际女子网球协会的微博视频 ,2023/1/10,20,4,5,"郑钦文说新赛季目标是世界前十,郑钦文连赢八局逆转晋级"
1,3,0,1,1,#郑钦文连赢八局逆转晋级# 将战科维托娃！WTA500阿德莱德第二站，从资格赛突围的@郑钦文Ana 克服落后一盘外加一次破发的不利局面，最终以4-6 6-4 6-0逆转幸运落败者罗杰斯，成功晋级第二轮。接下来，她将迎战两届温网冠军科维托娃。#WTA500# WTA国际女子网球协会的微博视频 ,2023/1/10,19,3,2,"郑钦文连赢八局逆转晋级,WTA500"
1,6,0,1,1,#大马赛何冰娇无缘次轮##2023年大马羽毛球公开赛# 女单第一轮，@何冰娇的小号 0比2（ 21-11 21-17）不敌玛丽斯卡，遭遇开门黑。女双第一轮，@陈小白BAOBAO /@贾一凡_F 21-11 21-14 吉尔/塞尔宁，晋级16强。混双第一轮，@王懿律enzo /@H黄东萍 21-17 23-21 拉姆斯富斯/洛哈乌，晋级16强。 ,2023/1/10,10,0,3,"大马赛何冰娇无缘次轮,2023年大马羽毛球公开赛"
1,7,0,1,1,#陈梦王艺迪4比2李凯敏吴咏琳##德班世乒赛亚洲区预赛#女双小组赛， @陈梦-乒乓球 /王艺迪@迪214 4比2战胜吴咏琳/李凯敏(中国香港)。六局的比分为7-11、11-7、9-11、11-4、11-4、11-2 ,2023/1/9,17,0,1,"陈梦王艺迪4比2李凯敏吴咏琳,德班世乒赛亚洲区预赛"
1,11,0,1,2,#千金感谢中国粉丝赠送礼物# @谢尔巴科娃 发文感谢中国粉丝们送的礼物，表示自己会亲自打开，感谢大家 谢尔巴科娃的微博视频 ,2023/1/9,48,2,0,千金感谢中国粉丝赠送礼物
1,1,0,2,1,#谢丽君任女足世界杯助理裁判# 国际足联公布了2023年女足世界杯的裁判员名单，中国裁判谢丽君入选，她将担任助理裁判2023年女足世界杯将于北京时间7月20日至8月20日在澳大利亚和新西兰举办。 ,2023/1/9,43,1,2,谢丽君任女足世界杯助理裁判
1,7,0,1,1,#孙颖莎王曼昱4比0哈萨克斯坦组合##德班世乒赛亚洲区预赛#女双小组赛，@孙颖莎 /@王曼昱 4-0战胜阿卡舍娃/米尔卡迪罗娃，四局的比分为11-3、11-6、11-4、11-7 ,2023/1/9,26,7,0,"孙颖莎王曼昱4比0哈萨克斯坦组合,德班世乒赛亚洲区预赛"
1,6,0,1,3,"#何冰娇说要做一个有趣的灵魂# @何冰娇的小号 更新微博回顾2022年战绩，说不要忘记做一个有趣的灵魂：我的2022年，是一段难忘的旅程，其实每一年都是。成功和成就，失败与失意，都让我变得更加强大。2023赛季开启！Btw,  不要忘记做一个有趣的灵魂哦~ 何冰娇的小号的微博视频 ",2023/1/9,4,2,1,何冰娇说要做一个有趣的灵魂
1,9,0,1,1,【#姚迪和朱婷继续做队友#】《今晚报》刊文：姚迪将加盟意大利斯坎迪奇女排，携手好朋友朱婷，继续征战意甲联赛及相关欧洲赛事。@Xback女排姚迪：“对我来说也是一个契机。这次是意大利这个俱乐部有个二传手的位置需要调换，对我来说是很好的机会。其实去年我也有一个留洋的机会，可惜没有把握住。” ,2023/1/9,67,8,4,姚迪和朱婷继续做队友
1,11,0,1,1,【#希弗林平女子高山滑雪世界杯冠军纪录#】高山滑雪女子大回转世界杯，美国名将希弗林获得冠军，追平了同胞林赛-沃恩创造的82场国际雪联世界杯比赛夺冠的女子世界纪录。27岁的希弗林2012年底第一次获得世界杯冠军，用10年的时间追平了沃恩保持的世界纪录，已经退役的沃恩在取得82胜的时候已经33岁。 新浪体育的微博视频,2023/1/9,14,1,0,希弗林平女子高山滑雪世界杯冠军纪录
1,7,0,1,6,#刘诗雯当选2022中国十大品牌女性#2022中国品牌节，@刘诗雯Sunny 等10位巾帼标兵，入选“2022中国十大品牌女性”。刘诗雯：女子乒乓球世界冠军，国际乒联运动员委员会主席。获选理由：王者之兵 再登高峰她是女乒世界杯历史上第一位五冠王，黑暗的屏障拦不住她飒爽英姿，命运的锤炼穿不过她炽热衷心。赛场上的她，用球拍奏响冠军乐章，用实力赢得祖国荣光；如今华丽当选国际乒联运动员委员会主席的她，用真诚搭建沟通桥梁，用行动共享魅力乒乓。,2023/1/9,204,28,17,刘诗雯当选2022中国十大品牌女性
1,9,0,1,1,#姚迪确认将出国打球# 天津队夺冠赛后，姚迪在采访中确认将出国打球，她说意大利和土耳其联赛是自己认为最强的联赛，在这样的联赛中打球也是对自己的提高，很珍惜这个机会。此前有意大利媒体报道，姚迪将加盟朱婷所在的斯坎迪奇女排。咪咕体育的微博视频 ,2023/1/9,40,9,5,姚迪确认将出国打球
1,9,0,1,1,#天津女排联赛第15冠#，在单项奖评选中，冠军队天津渤海银行的主攻李盈莹荣膺MVP、最具人气运动员和最佳主攻三项大奖，她的队友、来自土耳其的接应瓦尔加斯当选最佳外援，最佳教练奖颁给了率队夺下联赛第15冠的王宝泉。#李盈莹MVP#  ,2023/1/8,19,7,4,"天津女排联赛第15冠,李盈莹MVP"
1,9,0,1,1,#天津女排联赛第15冠##2022-2023中国女子排球超级联赛#冠亚军决赛第二回合，天津渤海银行3-0战胜上海光明优倍（25-18、25-12、25-20），在三场两胜制的比赛中，以大比分2-0胜出，夺得联赛第15冠！ ,2023/1/8,15,6,3,"天津女排联赛第15冠,2022-2023中国女子排球超级联赛"
1,2,0,1,2,【#从小就个子高是什么体验#】#姚明女儿最新身高#  今天有媒体披露了姚明12岁女儿姚沁蕾的最新视频，小姑娘已经快和1.9米的妈妈叶莉一样高了......大家有没有从小就个子高的体验呢？或者小时候大家身边有没有身高明显高同龄人一头的朋友呢？芒果影视台的微博视频 ,2023/1/8,124,31,4,"从小就个子高是什么体验,姚明女儿最新身高"
1,2,0,3,2,#姚明女儿最新身高# 近日有网友偶遇姚明一家，姚明12岁的女儿姚沁蕾的身高快和妈妈差不多高了，姚明身高2米26，叶莉身高1米9 via：@芒果影视台 芒果影视台的微博视频 ,2023/1/8,24,9,109,姚明女儿最新身高
1,3,0,1,1,#高芙WTA奥克兰站夺冠##WTA250#奥克兰站决赛，头号种子高芙6-1、6-1横扫资格赛选手马萨洛娃，以不失一盘的表现在新赛季首周捧杯。#高芙夺得生涯第三冠# 咪咕体育的微博视频 ,2023/1/8,11,2,0,"高芙WTA奥克兰站夺冠,WTA250,高芙夺得生涯第三冠"
1,3,0,1,1,#萨巴伦卡夺得生涯第11冠##WTA500#阿德莱德站决赛，萨巴伦卡以6-3、7-6(4)击败资格赛黑马诺斯科娃，斩获职业生涯的第11个巡回赛冠军 咪咕体育的微博视频 ,2023/1/8,9,0,0,"萨巴伦卡夺得生涯第11冠,WTA500"
1,13,0,1,2,#格斗选手李胜惠去世# @ONE冠军赛 ：“ONE冠军赛团队对李胜惠的不幸去世感到悲痛万分。在这艰难的时刻，我们向她的家人和朋友致以最衷心的慰问。” ,2023/1/8,25,10,5,格斗选手李胜惠去世
1,3,0,1,1,#大坂直美退出澳网2023# 两届赛会冠军大坂直美@NaomiOsaka大坂直美 退出澳网，雅斯特雷姆斯卡随之进入正赛。 #澳网2023# 全网球Felix的微博视频 ,2023/1/8,12,1,1,"大坂直美退出澳网2023,澳网2023"
1,6,0,1,5,#何冰娇王曼昱互相激励# #何冰娇的终极目标不是奥运会# “第一次见到王曼昱时，我主动上去追星了。”讲起@王曼昱 ，@何冰娇的小号 滔滔不绝。你为什么喜欢王曼昱？“我觉得我打球就够拼的了，她比我还拼，我训练算非常刻苦了，她比我练得还猛。”偶像现在排名世界第三，而在东京奥运会之后的这一年，@何冰娇的小号 用13场连胜和4个冠军把自己的排名也提升到了个人新高——世界第五。但是何冰娇跟绝大部分运动员不同，她说自己的终极目标不是奥运会，那么，这位国羽女单二号的终极目标是什么呢？网友：冰清昱洁要在23年多多涨球，多多拿冠军 界外编辑部的微博视频,2023/1/8,30,8,4,"何冰娇王曼昱互相激励,何冰娇的终极目标不是奥运会"
1,9,0,1,1,#朱婷征战意大利##朱婷13分# 意甲女排常规赛第14轮，斯坎迪奇主场3-0横扫佩鲁贾赢来第十一场胜利（25-13，25-17，25-19），这也是斯坎迪奇2023年取得的首场胜利。朱婷@女排朱婷ZT 首发打满全场拿到13分（23扣11中1失2拦），安特罗波娃拿到15分，皮特里尼和贝利恩各10分，队长皮特里尼荣膺单场MVP。主播越晟铭的微博视频,2023/1/8,30,3,1,"朱婷征战意大利,朱婷13分"
1,9,0,1,1,#天津女排3比0上海女排##2022-2023中国女子排球超级联赛#冠亚军决赛首回合，天津渤海银行3-0战胜上海光明优倍（25-17、25-19、25-17）。天津女排在三场两胜制的比赛中，以大比分1-0领先。咪咕体育的微博视频 ,2023/1/7,11,3,0,"天津女排3比0上海女排,2022-2023中国女子排球超级联赛"
1,9,0,1,1,#深圳女排获排超季军##2022-2023中国女子排球超级联赛#3-4名决赛次回合，深圳澳洲虎中塞龙华女排3-1战胜福建安溪铁观音女排，四局比分为17-25、25-22、25-21和25-22。深圳澳洲虎中塞龙华女排获得季军，福建安溪铁观音女排获得第四名 咪咕体育的微博视频 ,2023/1/7,11,1,1,"深圳女排获排超季军,2022-2023中国女子排球超级联赛"
1,3,1,1,1,#大威因伤退出澳网# 澳网官方宣布，由于在ASB精英赛中受伤，维纳斯·威廉姆斯退出了本届澳网。澳大利亚球员比雷尔将获得她的外卡名额。#澳网2023# ,2023/1/7,7,6,3,"大威因伤退出澳网,澳网2023"
1,9,0,1,1,#朱婷征战意大利# #国际排坛战报速递#贝克汉姆儿子加盟布伦特福德# 意甲女排联赛本周末将进行常规赛第二阶段首轮争夺，目前排名第二的斯坎迪奇将于北京时间1月8日凌晨3:30，在主场迎战倒数第三的佩鲁贾。本轮赛程对阵见图(+7小时为北京时间)。 内容来源@OlyExpress ,2023/1/7,12,5,106,"朱婷征战意大利,国际排坛战报速递"
1,9,0,1,1,#深圳女排3比2福建女排##2022-2023中国女子排球超级联赛#3-4名决赛首回合，深圳澳洲虎中塞龙华3-2战胜福建安溪铁观音女排（25-22、16-25、23-25、25-22、15-8），在三场两胜制的比赛中，以大比分1-0领先 咪咕体育的微博视频 ,2023/1/6,6,2,1,"深圳女排3比2福建女排,2022-2023中国女子排球超级联赛"
1,9,0,1,1,#山东女排3比0江苏女排##2022-2023中国女子排球超级联赛#5-6名决赛首回合的较量中，山东日照钢铁女排3-0战胜江苏中天钢铁女排，三局比分为25-15、25-20和25-17。在三场两胜制的比赛中，以大比分1-0领先 咪咕体育的微博视频 ,2023/1/6,5,1,0,"山东女排3比0江苏女排,2022-2023中国女子排球超级联赛"
1,11,0,1,4,#徐梦桃的核心力量有多强# 这就是冠军的实力！@徐梦桃 在瑜伽球上做训练动作，这核心力量太炸裂了#张伟丽徐梦桃阳康心得# 咪咕体育的微博视频 ,2023/1/6,242,14,5,"徐梦桃的核心力量有多强,张伟丽徐梦桃阳康心得"
1,13,0,1,5,#张伟丽向泰森道歉# @张伟丽MMA ：之前年轻气盛怼了泰森，现在想和他说声抱歉。其实所有运动都是相通的，也很感谢泰森对MMA和我的关注，希望有机会和泰森学习拳击#张伟丽期待和泰森学拳击# 咪咕体育的微博视频 ,2023/1/6,39,8,3,"张伟丽向泰森道歉,张伟丽期待和泰森学拳击"
1,13,0,1,2,#张伟丽回忆曾和乔安娜对战后医院相见# 场上是对手，场下是朋友！@张伟丽MMA 回忆2020年和乔安娜一番战，对战结束后，两人鼻青脸肿在医院相见，乔安娜鼓励自己：继续加油，后面会越来越难。咪咕体育的微博视频 ,2023/1/6,15,3,2,张伟丽回忆曾和乔安娜对战后医院相见
1,11,0,1,2,#徐梦桃感谢自己的坚守# 一路征战有高峰也有低谷，但不变是那一份热爱。@徐梦桃 想对25年前的自己说：你是好样的，感谢你的坚持不懈和不忘初心#徐梦桃对25年前的自己说你是好样的##徐梦桃追梦独家记忆# 咪咕体育的微博视频 ,2023/1/6,19,3,0,"徐梦桃感谢自己的坚守,徐梦桃对25年前的自己说你是好样的,徐梦桃追梦独家记忆"
1,13,0,1,2,#张伟丽和粉丝掰手腕#@张伟丽MMA 体验和粉丝掰手腕，幽默表示“我要是掰手腕了就嫁不出去了”猜猜这场比赛最后谁赢了？ 咪咕体育的微博视频 ,2023/1/6,14,3,0,张伟丽和粉丝掰手腕
1,13,0,1,2,#张伟丽回顾和乔安娜对决# @张伟丽MMA 回顾和乔安娜的一番战依旧心情激动：“我十分尊敬乔安娜，场上是对手场下是朋友。每个对手其实都是我的老师，能学到很多。”#张伟丽说每个对手都是老师# 咪咕体育的微博视频 ,2023/1/6,11,1,0,"张伟丽回顾和乔安娜对决,张伟丽说每个对手都是老师"
1,13,0,1,2,#张伟丽有个武侠梦#@张伟丽MMA ：一直在看《周易》，这部经典可以培养浩然正气，是非常有智慧的巨著#张伟丽一直在看周易# 咪咕体育的微博视频 ,2023/1/6,9,0,1,"张伟丽有个武侠梦,张伟丽一直在看周易"
1,13,0,1,2,#张伟丽说在UFC赛场听中国话格外清晰#@张伟丽MMA 分享自己UFC赛场首秀经历，在异国他乡对手主场中，听到那么一两句中国话的“伟丽加油”分外清晰。从中国伟丽到世界伟丽的路不好走，被张伟丽的经历感动到了咪咕体育的微博视频 ,2023/1/6,19,1,0,张伟丽说在UFC赛场听中国话格外清晰
1,13,0,1,5,#张伟丽期待和舍甫琴科交手#@张伟丽MMA ：武者就要挑战强者，拿到冠军后就知道一定会和舍甫琴科打一场#张伟丽说要不断挑战强者# 咪咕体育的微博视频 ,2023/1/6,36,26,17,"张伟丽期待和舍甫琴科交手,张伟丽说要不断挑战强者"
1,11,0,1,4,#张伟丽徐梦桃阳康心得#@徐梦桃 的阳康分享，都是干货！好心态，改变食谱，健康生活，适当运动上下楼练力量，站立式运动练腰腹、肩关节力量#徐梦桃分享阳康小妙招# 徐梦桃张伟丽的缘分太奇妙 咪咕体育的微博视频 ,2023/1/6,4,0,0,"张伟丽徐梦桃阳康心得,徐梦桃分享阳康小妙招"
1,13,0,1,4,#从中国伟丽到世界伟丽#“民族的就是世界的，整个世界是需要多民族的融合！”当看着自己的海报在轮播不停的时候，@张伟丽MMA 就下定决心成为世界的伟丽#被张伟丽的这番话燃到# 咪咕体育的微博视频 ,2023/1/6,12,3,0,"从中国伟丽到世界伟丽,被张伟丽的这番话燃到"
1,13,0,1,4,#张伟丽说强化基本功很重要# @张伟丽MMA ：目前一直在强化基本功，2023年希望打两场卫冕战，也希望比赛在国内进行#张伟丽2023年计划# 咪咕体育的微博视频 ,2023/1/6,9,0,0,"张伟丽说强化基本功很重要,张伟丽2023年计划"
1,13,0,1,4,#张伟丽展示金腰带# 冠军来了！UFC女子草量级冠军@张伟丽MMA 再次展示金腰带，获全场欢呼。咪咕体育的微博视频 ,2023/1/6,49,4,0,张伟丽展示金腰带
1,13,0,1,4,#张伟丽控场能力太强了#@张伟丽MMA 和粉丝亲切合影，不仅照顾到拍摄角度，还半蹲防止挡住后面的粉丝#张伟丽对粉丝太暖了# 咪咕体育的微博视频 ,2023/1/6,17,1,1,"张伟丽控场能力太强了,张伟丽对粉丝太暖了"
1,13,0,1,4,#张伟丽回看自己比赛直言紧张# @张伟丽MMA 回顾自己赴美首战UFC，直言再看依旧很紧张，感觉就在昨天。伟丽还透露那场比赛前教练还被拒签。#张伟丽透露教练曾被拒签# 咪咕体育的微博视频 ,2023/1/6,18,0,0,"张伟丽回看自己比赛直言紧张,张伟丽透露教练曾被拒签"
1,1,0,1,4,#李佳悦身披4号球衣#近期，李佳悦加盟加拉塔萨雷获得了正式官宣，她也成为了第13位留洋的中国女足现役球员。加拉塔萨雷俱乐部官网的球员个人信息中现实，李佳悦身披4号球员，场上的位置是后卫。#李佳悦加盟加拉塔萨雷# ,2023/1/6,56,9,4,"李佳悦身披4号球衣,李佳悦加盟加拉塔萨雷"
1,1,0,1,1,#留洋女足球员新年瑞士相聚# 新年假期之际，三位留洋欧洲的中国女足球员沈梦雨@沈梦雨Sharon 、沈梦露@沈梦露Monroe 和张琳艳@张琳艳Pippi 也在瑞士相聚 ,2023/1/5,114,9,114,留洋女足球员新年瑞士相聚
1,9,0,1,1,#浙江女排47比45广东女排# 在女排联赛9-14名、浙江与广东的第二局比赛中，出现了47-45这样的超高比分，这放在平时这个比分可以打六局了吧 图片via：@法海里的丑小哥 ,2023/1/5,44,16,16,浙江女排47比45广东女排
1,3,1,1,1,#中国金花逆转大威晋级# WTA250奥克兰站第二轮，中国选手@朱琳Miss_tough 在先丢一盘且决胜盘3-5落后的情况下迎来爆发，最终3-6、6-2、7-5逆转大威，成功晋级八强！WTA国际女子网球协会的微博视频 ,2023/1/5,69,7,5,中国金花逆转大威晋级
1,4,0,1,2,#张雨霏入选最美大学生候选# 据教育部网站，根据工作安排，经组织推荐、资格审查、通讯推选、专家终评，共遴选出2022年“最美大学生”候选人10名。东京奥运会女子200米蝶泳、女子4×200米自由泳接力冠军张雨霏@o张雨霏o 入围候选名单。在那届赛事中，她一人斩获4枚奖牌！ ,2023/1/5,65,7,2,张雨霏入选最美大学生候选
1,4,0,1,2,#张雨霏入选教育部最美大学生# 日前，教育部公示了2022年“最美大学生”候选人名单，共有10人入选。东京奥运会200米蝶泳冠军@o张雨霏o 名列其中。 ,2023/1/4,49,13,3,张雨霏入选教育部最美大学生
1,9,0,1,8,#朱婷荣获意甲单月MVP提名# 意大利女排甲级联赛公布了12月MVP的提名，@女排朱婷ZT 位列其中。另外三位获得提名的是巴蒂斯托尼、斯蒂夏克、迪米特洛娃。  ,2023/1/4,45,4,3,朱婷荣获意甲单月MVP提名
1,13,0,1,1,#11岁中国女孩斯巴达世锦赛夺冠# 斯巴达勇士儿童赛世锦赛，代表中国参赛的王子今在9-11岁女子组比赛中最后时刻，逆转获得冠军！这是中国小勇士首次在该项赛事中夺冠！此前，王子今还打破了斯巴达旗下室内体能赛10-13岁女子世界纪录，在国内的儿童赛中，她更是大魔王级的存在，鲜有败绩！ ,2023/1/4,76,11,11,11岁中国女孩斯巴达世锦赛夺冠
1,9,0,1,1,【#上海女排3比0深圳女排#】2022-2023赛季女排超级联赛半决赛第二回合，上海女排3-0战胜深圳女排上海女排成功晋级决赛！上海女排决赛将与卫冕冠军天津女排争夺冠军，深圳女排与福建女排争夺第三名。咪咕体育的微博视频 ,2023/1/3,9,1,0,上海女排3比0深圳女排
1,1,0,1,1,【#女足留洋第13人#】在#李佳悦正式加盟加拉塔萨雷# 后，@中国女足 留洋军团已来到13人。留洋名单：王霜 美国路易斯维尔竞技唐佳丽 西班牙马德里CFF李梦雯 法国巴黎圣日耳曼杨莉娜 法国巴黎圣日耳曼张琳艳 瑞士草蜢沈梦雨 苏格兰凯尔特人沈梦露 苏格兰凯尔特人赵瑜洁 丹麦克厄杨淑慧 俄罗斯莫斯科火车头涂琳俪 冰岛FHL（冰岛第二级别联赛）肖裕仪 澳大利亚阿德莱德联队吴澄舒 澳大利亚堪培拉联李佳悦 土耳其加拉塔萨雷,2023/1/3,164,54,27,"女足留洋第13人,李佳悦正式加盟加拉塔萨雷"
1,9,0,1,1,【#天津女排晋级排超决赛# #天津女排3比0福建女排#】2022-2023中国女子排球超级联赛半决赛第二回合，天津女排3-0战胜福建女排（25-21 25-19 25-12 ）天津女排总比分2-0战胜福建女排率先晋级决赛！咪咕体育的微博视频 ,2023/1/3,8,1,0,"天津女排晋级排超决赛,天津女排3比0福建女排"
1,1,0,1,1,【留洋第13人！#李佳悦正式加盟加拉塔萨雷#】官方消息，女足国脚@李佳悦就是佳哥 正式加盟土耳其加拉塔萨雷女足。中国女足留洋人数更新为13人！#女足留洋第13人# 祝李佳悦好运！ ,2023/1/3,104,15,113,"李佳悦正式加盟加拉塔萨雷,女足留洋第13人"
1,1,0,3,7,#小伙闯进球场向女友求婚# 小伙闯进球场，竟然一摔不起，引来众人着急围观…………谁能猜到竟然是这样的结尾！一定要看到最后！西北望看台的微博视频 ,2023/1/3,78,18,7,小伙闯进球场向女友求婚
1,3,0,1,2,#纳芙拉蒂洛娃罹患早期癌症# 59个大满贯冠军得主、女网名宿纳芙拉蒂洛娃通过WTA发布声明，她在去年11月的WTA年终总决赛期间发现身体异样，最终经检查确认患上一期喉癌与乳腺癌。2010年时，纳芙拉蒂洛娃曾患上过乳腺癌，并在治愈后康复。早日康复！温布尔登网球锦标赛的微博视频 ,2023/1/3,17,3,5,纳芙拉蒂洛娃罹患早期癌症
1,1,0,1,1,#中国女足13人留洋创历史之最# #王霜曾有机会加盟热刺# 据@西北望看台 报道，目前已有13位中国女足球员留洋，超越日韩，亚洲第1。贾秀全治下的玫瑰只有王霜一人在外拼搏。4年已过，铿锵玫瑰留洋人数达到了两位数，刷新历史之最。在结束大巴黎的生涯后，王霜与热刺曾有机会牵手，但后来因为某些原因无疾而终。,2023/1/3,235,56,120,"中国女足13人留洋创历史之最,王霜曾有机会加盟热刺"
1,9,0,1,1,#上海女排3比1深圳女排##2022-2023中国女子排球超级联赛# 2022-2023中国女子排球超级联赛半决赛第一回合，上海光明优倍女排3-1（25-17/17-25/26-24/29-27）战胜深圳澳洲虎中塞龙华女排，上海女排在三场两胜制的半决赛中占得先机。咪咕体育的微博视频 ,2023/1/2,16,2,3,"上海女排3比1深圳女排,2022-2023中国女子排球超级联赛"
1,3,0,1,1,#张帅无缘阿德莱德站16强# #张帅新赛季首败#阿德莱德WTA500首轮，@Tennis张帅 以7-5/3-6/0-6遭萨姆索诺娃逆转，无缘阿德莱德站女单16强。 ,2023/1/2,17,2,107,"张帅无缘阿德莱德站16强,张帅新赛季首败"
1,7,0,1,4,#孙颖莎猜冠军挑战# WTT冠军猜猜猜挑战！孙颖莎问出10个问题，主持人只能回答是或不是，@孙颖莎 能猜出来么？来看看~WTT世界乒联的微博视频 ,2023/1/2,34,3,6,孙颖莎猜冠军挑战
1,11,0,1,3,【#千金祝中国朋友们新年快乐#】@谢尔巴科娃 发博：祝大家健康、平安、幸福，希望尽快回到正常的生活轨道，充满力量与活力。谢尔巴科娃的微博视频 ,2023/1/2,87,16,2,千金祝中国朋友们新年快乐
1,11,0,1,3,【#谷爱凌概括2022高光时刻#】@青蛙公主爱凌 发文总结2022：从奥运金牌到被《时代杂志》评为100位最具影响力人物之一，再到斯坦福大学开启大一生活。2022年充满了我永远难以忘怀的高光时刻。我一直尽我所能去推广自由滑雪（尤其是对女孩和年轻人）。感谢所有相信我的人，新年快乐，为2023年加油！ ,2023/1/2,227,28,12,谷爱凌概括2022高光时刻
1,11,0,1,3,#王濛笑称要备战米兰冬奥# @王濛 新年第一天就上冰了，她发微博表示：[2023]新年第一天，以冰开始和未来之星现场切磋交流目标就是备战米兰#2023新年心愿#爱sei~ sei~王濛的微博视频 ,2023/1/1,29,6,2,"王濛笑称要备战米兰冬奥,2023新年心愿"
1,3,0,1,1,#张帅新年第一天赢球##WTA500#阿德莱德站双打首轮，@Tennis张帅 /亚历山德洛娃以6-2 6-4击败扎拉米泽/帕诺娃，新年首战告捷。接下来，她们将对阵7号种子波塔波娃/西济科娃。  ,2023/1/1,19,0,0,"张帅新年第一天赢球,WTA500"
1,7,0,1,3,#王曼昱晒捧花照送祝福# @王曼昱 更新微博，她晒出照片祝大家元旦快乐！新的一年加油！ ,2023/1/1,159,31,1,王曼昱晒捧花照送祝福
1,8,0,1,2,#何可欣生日快乐# 今天是体操奥运冠军@何可欣 的生日🎂 2008年北京奥运会上，她分别在女子高低杠和女子团体比赛中获得金牌🏅️ 并在2012年伦敦奥运会中收获高低杠银牌🥈生日快乐！奥林匹克运动会的微博视频 ,2023/1/1,50,9,1,何可欣生日快乐
1,13,0,1,8,#张伟丽再获两项年度最佳# 著名女子综合格斗网站评选出了2022年度的各项最佳，其中@张伟丽MMA 获评年度最佳女战士以及年度最佳KO（转身鞭拳KO乔安娜）两项殊荣 ,2023/1/1,55,4,5,张伟丽再获两项年度最佳
1,11,0,1,3,【#谷爱凌展望2023# 】@青蛙公主爱凌 新年发博：感恩2022年，十几年的努力和梦想总有收获。感谢朋友们对我的厚爱和保护，反对没有事实的网暴。2023年让我们一起继续努力，互相支持，成为更好的自己，让世界变得更美丽。#谷爱凌说反对没有事实的网暴# 青蛙公主爱凌的微博视频 ,2023/1/1,335,42,8,"谷爱凌展望2023,谷爱凌说反对没有事实的网暴"
1,4,0,1,2,【#吴敏霞看日出迎接新年#】@吴敏霞 与丈夫张效诚看日出vlog～并发文：新的一年，会是美好且顺遂的生活#2023新年心愿# 吴敏霞的微博视频 ,2023/1/1,27,2,1,"吴敏霞看日出迎接新年,2023新年心愿"
1,7,0,1,3,【#陈梦新年第一张自拍#】新年第一天，@陈梦-乒乓球 发布自拍照并配文：你好2023愿幸运与阳光，洒满前方#2023新年心愿# ,2023/1/1,170,21,4,"陈梦新年第一张自拍,2023新年心愿"
1,13,0,1,3,#张伟丽荣升巴西柔术棕带# @张伟丽MMA 在今天成为了巴西柔术棕带，她在微博中写道：2022年的最后一天，紫带换棕带了。从2012年12月开始训练柔术至今已经十年了，继续加油，成为更好的自己。 ,2022/12/31,34,3,2,张伟丽荣升巴西柔术棕带
1,9,0,1,1,#深圳女排晋级四强##江苏女排无缘四强##2022-2023中国女子排球超级联赛# 1/4决赛江苏vs深圳第三场比赛，双方战至决胜局最后时刻，最终深圳澳洲虎龙华女排3比2（31-29、9-25、24-26、25-20、15-11）战胜江苏中天钢铁女排，三场两胜赛制深圳女排2比1获胜，晋级四强！咪咕体育的微博视频 ,2022/12/31,14,3,114,"深圳女排晋级四强,江苏女排无缘四强,2022-2023中国女子排球超级联赛"
1,9,0,1,2,#惠若琪2022的许多第一次# @元气少女惠Rachel 回顾2022：第一次带宝宝坐船、游泳、逛动物园、组装家具、踢足球，vlog最后“小年糕”已经会说英语啦 #这些画面承载了我的2022# 元气少女惠Rachel的微博视频 ,2022/12/31,19,3,3,"惠若琪2022的许多第一次,这些画面承载了我的2022"
1,11,0,1,3,#隋文静vlog回顾冬奥夺冠# @Guile隋文静 发布视频回顾与@Allen韩聪 在今年夺得冬奥冠军的点点滴滴。“这不是结束，而是新的起点，2023我们一起向未来！” #这些画面承载了我的2022# Guile隋文静的微博视频 ,2022/12/31,12,1,0,"隋文静vlog回顾冬奥夺冠,这些画面承载了我的2022"
1,4,0,1,3,#这些画面承载了我的2022# #张雨霏vlog回顾2022#小哪吒要去2023年的赛场上闹一闹！@o张雨霏o 发布vlog回顾2022，展望2023！2022年的最后一天了，祝大家未来的一年顺顺利利！o张雨霏o的微博视频 ,2022/12/31,15,0,0,"这些画面承载了我的2022,张雨霏vlog回顾2022"
1,11,0,1,4,#谷爱凌成2022微博热搜人物TOP1##4名运动员上榜热搜人物# 即将告别的2022，你还记得这些出圈时刻吗？北京冬奥会双金得主@青蛙公主爱凌 成为登上微博热搜次数最多的人物。除谷爱凌外，梅西@梅西LeoMessi10 TOP4；C罗@CristianoRonaldo TOP6；@苏翊鸣 TOP10！ ,2022/12/31,785,104,15,"谷爱凌成2022微博热搜人物TOP1,4名运动员上榜热搜人物"
1,1,0,3,3,#C罗姐姐被打脸# 12月31日讯 C罗官宣加盟沙特球队利雅得胜利，姐姐Katia更新了社交媒体。她晒出C罗加盟官方照片，并写到：我一生的骄傲，再度创造历史。值得一提的是，一周前沙特媒体报道C罗加盟利雅得胜利只待官宣时，C罗大姐埃尔马转发了这则报道称作“年终笑话”，并配上了两个笑哭的表情。而在C罗官宣加盟后，利雅得胜利官方账号以20秒1万的速度涨粉！当时是100万，现在已经233万粉丝！#C罗加盟后球队粉丝秒翻倍# 英国足球那点事的微博视频,2022/12/31,384,71,126,"C罗姐姐被打脸,C罗加盟后球队粉丝秒翻倍"
1,9,0,1,1,#曝姚迪转会意大利成朱婷队友# #意媒曝姚迪加盟斯坎迪奇# 12月30日，据意大利媒体报道，意甲斯坎迪奇女排为了弥补二传短板，已经签下了中国女排姚迪，并配上了姚迪和目前效力斯坎迪奇的朱婷一起在国家队的照片。排超女排联赛即将进入半决赛，姚迪所在的天津队已经顺利晋级四强，比赛最晚将于1月9日结 ,2022/12/31,38,22,5,"曝姚迪转会意大利成朱婷队友,意媒曝姚迪加盟斯坎迪奇"
1,11,0,1,1,#深圳女子冰球世锦赛会徽公布##2023年女子冰球世锦赛# 甲级A组的比赛将于2023年4月11日至17日在深圳举行。参赛队伍有中国、丹麦、挪威、斯洛伐克、奥地利、荷兰。赛事logo现已公布！ ,2022/12/30,25,1,1,"深圳女子冰球世锦赛会徽公布,2023年女子冰球世锦赛"
1,9,0,1,1,#天津女排3比1山东女排##2022-2023中国女排超级联赛# 1/4决赛天津vs山东第一回合，天津渤海银行女排3-1（23-25 25-8 25-20 25-21）逆转战胜山东日照钢铁女排，三场两胜的赛制天津女排总比分1-0领先山东女排。咪咕体育的微博视频 ,2022/12/29,20,3,1,"天津女排3比1山东女排,2022-2023中国女排超级联赛"
1,11,0,1,3,#特鲁索娃说会继续为大家而滑#  @花滑运动员特鲁索娃 更新微博：感谢大家在我生病时的支持，我很想在全俄锦标赛上为大家表演，很遗憾没有成功。但看到大家安慰的话语我很开心，我都看到了。感谢大家，我会继续为大家而滑。#再见我的2022##一条plog告别2022# ,2022/12/29,36,4,2,"特鲁索娃说会继续为大家而滑,再见我的2022,一条plog告别2022"
1,9,0,1,1,#上海女排3比0辽宁女排##2022-2023中国女子排球超级联赛# 1/4决赛上海vs辽宁首回合比赛，上海光明优倍女排3-0战胜辽宁东化女排，三局比分为25-15、25-13和25-13。 在三场两胜制的比赛中上海队取得1比0领先。咪咕体育的微博视频 ,2022/12/29,14,0,1,"上海女排3比0辽宁女排,2022-2023中国女子排球超级联赛"
1,9,0,1,1,#江苏女排3比0深圳女排##2022-2023中国女排超级联赛# 1/4决赛江苏vs深圳第一场，江苏中天钢铁女排3-0（25-22 25-19 25-23）战胜深圳澳洲虎中塞龙华女排，在三场两胜制的1/4决赛中江苏女排1-0领先深圳女排 咪咕体育的微博视频 ,2022/12/29,9,0,3,"江苏女排3比0深圳女排,2022-2023中国女排超级联赛"
1,9,0,1,1,#福建女排3比0北京女排##2022-2023中国女子排球超级联赛#1/4决赛首回合，福建安溪铁观音女排3-0战胜北京汽车女排，三局比分为25-14、25-20和25-20。福建女排在三场两胜制的系列赛中以大比分1-0领先 咪咕体育的微博视频 ,2022/12/29,4,1,1,"福建女排3比0北京女排,2022-2023中国女子排球超级联赛"
1,11,0,1,6,#谷爱凌登香港VOGUE开年刊封面# 谷爱凌@青蛙公主爱凌 登上中国香港版VOGUE开年刊封面，她穿着银色战袍露出腹肌，造型大气，又酷又帅，时尚感拉满！美图大赏！ ,2022/12/29,475,49,15,谷爱凌登香港VOGUE开年刊封面
1,7,0,1,8,#孙颖莎国际乒联2022年终世界第一# 国际乒联2022年终世界排名出炉，中国队小将@孙颖莎 以8270分收获了自己职业生涯的第一个年终世界第一，这也是#00后首次获国际乒联年终第一#！恭喜莎莎！ ,2022/12/29,54,4,6,"孙颖莎国际乒联2022年终世界第一,00后首次获国际乒联年终第一"
1,1,0,1,2,#梅西跳舞# 梅西出席了自己侄女的生日派对，派对上梅西和安东内拉一同跳起了舞~咪咕足球的微博视频 ,2022/12/28,45,4,5,梅西跳舞
1,7,0,1,8,#国际乒联首位00后年终第一# 国际乒联2022年终世界排名，@孙颖莎 以8270分收获了自己生涯的第一个年终第一，这也是00后选手第一次拿到年终第一的成绩！#国际乒联第52周世界排名# ,2022/12/28,215,17,6,"国际乒联首位00后年终第一,国际乒联第52周世界排名"
1,9,0,1,2,#冯坤1228生日快乐# 今天是奥运冠军冯坤@冯坤_会打排球的熊猫 的生日！冯坤曾经是中国女排的主力二传，是中国队快、变战术的核心。在2004雅典奥运会上，她帮助中国女排时隔20年再圆奥运冠军梦！44岁生日快乐！ 奥林匹克运动会的微博视频 ,2022/12/28,28,6,2,冯坤1228生日快乐
1,9,0,2,1,#古德蒂成为塞尔维亚女排主帅# 土耳其排协和塞尔维亚排协都在27日官宣了女排国家队新任主帅，意大利两名帅桑塔雷利和古德蒂将互换球队执教。前塞尔维亚女排主帅桑塔雷利被任命为土耳其女排主教练，前土耳其女排主帅古德蒂将执教塞尔维亚女排。咪咕体育的微博视频 ,2022/12/28,20,6,3,古德蒂成为塞尔维亚女排主帅
1,9,0,1,1,【#排超女排1/4决赛对阵#】12月27日晚，中国女子排球超级联赛8强赛小组赛战罢，1/4决赛的对阵形势也随之确定（三场两胜制）上半区：天津渤海银行（G1）🆚山东日照钢铁（H4）福建安溪铁观音（G3）🆚北京汽车（H2）下半区：江苏中天钢铁（G2）🆚深圳澳洲虎中塞龙华（H3）辽宁东化（G4）🆚上海光明优倍（H1）,2022/12/27,24,6,5,排超女排1/4决赛对阵
1,13,0,1,3,【#张伟丽说继续加油年轻人#】#新华社体育部评出2022年中国十佳运动员# @张伟丽MMA 榜上有名。对此，张伟丽发微博表示：“很开心和幸运可以入选，继续加油，年轻人！”在11月的UFC281比赛中，张伟丽裸绞击败女子草量级现任冠军卡拉·埃斯帕扎，重夺UFC女子草量级冠军。此外，近日张伟丽还获得MMA年度最佳女选手殊荣。,2022/12/27,13,5,3,"张伟丽说继续加油年轻人,新华社体育部评出2022年中国十佳运动员"
1,11,1,1,1,#K宝复刻星期三僵尸舞##K宝暗黑哥特表演滑# 在上周结束的花样滑冰全俄锦标赛中，“K宝”瓦力耶娃斩获女单亚军。而在表演滑环节中，瓦力耶娃还致敬了近期网飞大热的美剧《星期三》，凭借精湛的艺术表现力重现了剧中的“僵尸舞”。网易体育频道的微博视频 ,2022/12/27,77,7,4,"K宝复刻星期三僵尸舞,K宝暗黑哥特表演滑"
1,9,0,1,1,#朱婷意甲联赛18分# 意甲女排联赛常规赛第13轮，朱婷效力的斯坎迪奇主场3-1赢下与佛罗伦萨的德比战，拿到赛季第10场胜利，继续排名积分榜次席，四局比分为25-23、25-15、21-25和25-21。本场比赛，@女排朱婷ZT 得到本队最多的18分！今日排球的微博视频 ,2022/12/27,52,4,1,朱婷意甲联赛18分
1,11,0,1,2,#谷爱凌说自己不知道的事情请不要说了# @青蛙公主爱凌 透露在斯坦福第一学期所有课程全部满分，有网友质疑她的成绩根本没有高考理综300满分厉害，她的选课和作业都是妈妈、团队精心规划过的。谷爱凌回应：“我妈从来没帮过我学习的任何忙，我都快累死了，我的成绩是100%自己努力得到的，自己不知道的事情，请不要说了。谢谢！”我超级可爱丫丶的微博视频,2022/12/27,210,43,3,谷爱凌说自己不知道的事情请不要说了
1,1,0,3,2,#乔治娜圣诞礼物送C罗劳斯莱斯# C罗在社媒晒出了女友乔治娜送给自己的礼物，一辆劳斯莱斯。配文：谢谢你我的爱人❤️乔治娜 #乔治娜给C罗的圣诞礼物是劳斯莱斯# 英国足球那点事的微博视频 ,2022/12/26,159,41,9,"乔治娜圣诞礼物送C罗劳斯莱斯,乔治娜给C罗的圣诞礼物是劳斯莱斯"
1,9,0,1,1,#江苏女排3比0辽宁女排##2022-2023中国女子排球超级联赛# 第二阶段第二比赛日G组首场比赛中，江苏中天钢铁女排3-0战胜辽宁东化女排，三局比分为25-12、25-16和25-11 咪咕体育的微博视频 ,2022/12/26,8,2,2,"江苏女排3比0辽宁女排,2022-2023中国女子排球超级联赛"
1,7,0,1,4,#孙颖莎称自己的高光时刻还没到来#孙颖莎在一则访谈中称自己的高光时刻还没特别到来，希望自己可以脚踏实地的完成每一场比赛，最后拿到大满贯。而在谈到对未来的规划时，孙颖莎再次表示，未来的目标就是拿到大满贯并且打到40岁。#孙颖莎说希望能打到四十岁# 半岛文娱的微博视频 ,2022/12/26,41,6,1,"孙颖莎称自己的高光时刻还没到来,孙颖莎说希望能打到四十岁"
1,6,0,1,5,#陈清晨教孙颖莎打羽毛球#陈清晨@陈小白BAOBAO 晒出视频，教@孙颖莎 打羽毛球。陈师傅、莎师傅梦幻联动了。#国乒在海南进行冬训#陈小白BAOBAO的微博视频 ,2022/12/26,35,0,0,"陈清晨教孙颖莎打羽毛球,国乒在海南进行冬训"
1,11,0,1,3,#谷爱凌这一年拿奖到手软#近日#新华社评出2022年国际十佳运动员#，@青蛙公主爱凌 入选后发博回应，并且简单列举自己的奖项。此外，#谷爱凌斯坦福所有课程满分#斯坦福第一学期获得所有的课程全部满分的成绩。 ,2022/12/26,299,62,9,"谷爱凌这一年拿奖到手软,新华社评出2022年国际十佳运动员,谷爱凌斯坦福所有课程满分"
1,3,0,1,1,#王蔷退出2023澳网#根据2023澳网最新报名情况，中国选手王蔷退赛，同样也退出整个澳洲赛季。原本女子8人进入澳网正赛如今减少至7人，她们是张帅、郑钦文、王曦雨、王欣瑜、袁悦、朱琳、郑赛赛（SR保护排名）。男子方面张之臻暂时为正赛第1替补。 ,2022/12/26,16,5,107,王蔷退出2023澳网
1,2,0,1,8,#李梦获评亚洲年度最佳女篮球员# 国际篮联25日宣布，中国女篮球员@女篮李梦 被球迷评选为2022亚洲年度最佳女子篮球运动员。李梦击败了呼声很高的国家队队友韩旭和王思雨，最终获得这个奖项。在今年于澳大利亚举行的女篮世界杯上，李梦场均贡献16分，是全队得分最高的球员。 ,2022/12/26,54,4,7,李梦获评亚洲年度最佳女篮球员
1,9,0,1,1,#江苏女排3比0福建女排##2022-2023中国女子排球超级联赛# 第二阶段G组第二场比赛中，江苏中天钢铁女排 3-0战胜福建安溪铁观音女排，三局比分为25-17、25-14和25-20 咪咕体育的微博视频 ,2022/12/25,9,2,2,"江苏女排3比0福建女排,2022-2023中国女子排球超级联赛"
1,9,0,1,1,#天津女排3比0辽宁女排##2022-2023中国女子排球超级联赛# 第二阶段在江西省上饶市体育中心体育馆正式开赛。在第一比赛日G组首场比赛中，天津渤海银行女排3-0战胜辽宁东化女排，三局比分为25-20、25-11和25-11 咪咕体育的微博视频 ,2022/12/25,24,0,1,"天津女排3比0辽宁女排,2022-2023中国女子排球超级联赛"
1,1,0,1,5,#阿圭罗光速点赞梅西全家福# 梅西的妻子安东内拉在社交媒体晒出了全家人的圣诞合影，并写道：“圣诞快乐🎄🎄❤️”阿圭罗很快送上点赞和评论：“节日快乐” ,2022/12/25,94,9,3,阿圭罗光速点赞梅西全家福
1,13,0,1,2,【#张伟丽希望2023年再突破自己#】#张伟丽回家了# 据记者@孙海光 消息，12月24日平安夜，不久前重夺金腰带的张伟丽回家了。4月24日，张伟丽离京辗转泰国、新加坡、美国等地训练、比赛。这期间，@张伟丽MMA 打了两场比赛，6月在新加坡二番战KO乔安娜，11月在纽约裸绞卡拉重夺金腰带。孙海光的微博视频,2022/12/25,42,0,1,"张伟丽希望2023年再突破自己,张伟丽回家了"
1,13,0,1,1,#刘清漪中国街舞联赛再夺冠# 昨晚，来自河南新乡的17岁女孩@Bgirl刘清漪671 在中国国家霹雳舞队选拔赛&2022中国街舞联赛（上海站）的比赛中勇夺女子组冠军！8月份Outbreak世界霹雳舞大赛冠军、9月份World Battle世界霹雳舞大赛冠军、9月份金砖国家运动会霹雳舞项目金牌……半年时间不到，她已经斩获海内外4项顶级霹雳舞赛事冠军！值得一提的是，2021中国街舞联赛（郑州站）她就已经斩获过该项赛事的冠军！#17岁霹雳舞女孩半年四次夺冠# 咪咕街舞的微博视频,2022/12/25,55,4,6,"刘清漪中国街舞联赛再夺冠,17岁霹雳舞女孩半年四次夺冠"
1,1,0,3,3,#C罗大姐否认C罗加盟沙特球队# 【C罗大姐评论C罗签约利雅得胜利新闻：为年末画上句号的笑话】 C罗大姐Elma Averio在Instagram快拍中转发了C罗加盟利雅得胜利的新闻，并配文：为这一年岁末画上句号的笑话，并配上了嘲讽的表情包。 ,2022/12/25,234,52,228,C罗大姐否认C罗加盟沙特球队
1,1,0,1,2,【#梅西一家五口圣诞合影#】梅西连续更新社交媒体，在晒完一家五口的合影后，梅西又晒湖妻子安东内拉跳舞视频：视频中安东内拉拿着酒杯，身着红色裙装跳舞~ #梅西晒安东内拉跳舞视频# 咪咕体育的微博视频 ,2022/12/25,401,28,133,"梅西一家五口圣诞合影,梅西晒安东内拉跳舞视频"
1,9,0,1,4,【#张常宁参加江苏卫视跨年晚会#】@江苏卫视跨年演唱会 日前官宣：张常宁@宝贝宁_ZCN 加盟江苏卫视2023跨年演唱会。“让女排精神闪光，用青春热血逐梦！” ,2022/12/25,240,47,2,张常宁参加江苏卫视跨年晚会
1,11,0,1,1,#坂本花织卫冕全日锦标赛冠军# 2022全日本花滑锦标赛女单落下帷幕，今年北京冬奥会铜牌得主，世锦赛女单冠军，上届全日锦标赛冠军坂本花织最终总分233.05分成功卫冕，三原舞依获得亚军，两人锁定了世锦赛的参赛资格 ,2022/12/24,47,8,4,坂本花织卫冕全日锦标赛冠军
1,1,0,2,6,这个冬天，让热爱过足瘾！#熙游记# 熙游记完美结束，累计产出30+延伸话题，15个自然热搜。@刘语熙rachel 与你一起畅游卡塔尔，感受不一样的风土人情。见证热爱时刻，让热爱不停息。 ,2022/12/24,7,4,3,熙游记
1,1,0,1,1,#李佳悦加盟加拉塔萨雷# 女足国脚@李佳悦就是佳哥 更新个人资料，显示她已经加盟土耳其球队加拉塔萨雷女足，她此前更新照片并写道：前往土耳其 ,2022/12/23,49,8,3,李佳悦加盟加拉塔萨雷
1,2,0,1,2,#张惠妹现场观战篮网# 张惠妹@aMEI_feat_阿密特 昨天来到现场观看篮网与勇士的比赛 布鲁克林篮网的微博视频 ,2022/12/23,254,52,9,张惠妹现场观战篮网
1,11,0,1,6,#谷爱凌年收入1.4亿##谷爱凌收入排名女运动员第三位#《福布斯》公布2022年全球收入最高的10位女运动员的名单，冬奥会冠军谷爱凌以2010万美元（约为1.4亿人民币）占据第三位，大坂直美以5110万美元排名榜首，第二位的是塞蕾娜-威廉姆斯4130万美元。青蛙公主爱凌的微博视频 ,2022/12/23,1222,141,16,"谷爱凌年收入1.4亿,谷爱凌收入排名女运动员第三位"
1,9,0,1,1,#朱婷欧联杯14分# #斯坎迪奇女排晋级16强# 女排欧联杯，斯坎迪奇主场3-0再挫加拉塔萨雷，双杀对手挺进16强，三局比分25-14、25-19、25-21。朱婷凭借扣球拿到全队第二高分14分，其进攻27扣14中1被拦、成功率52%。明年1月，斯坎迪奇将与克罗地亚萨格勒布争夺本届欧联杯8强。我是謝西瓜的微博视频 ,2022/12/23,38,9,0,"朱婷欧联杯14分,斯坎迪奇女排晋级16强"
1,1,0,2,1,#谢丽君入围女足世界杯裁判名单# 目前国际足联已经公布了本届世界杯的裁判员名单，本届世界杯共有33名裁判员，56名助理裁判员和18名视频助理裁判员组成。中国国际级助理裁判员谢丽君顺利入选，成为本届世界杯上唯一入选的中国裁判员。2023年女足世界杯将于北京时间7月20日至8月20日在澳大利亚和新西兰举办。,2022/12/22,54,3,6,谢丽君入围女足世界杯裁判名单
1,1,0,2,4,#水庆霞说想过转行# 接受@时尚先生Esquire 采访时，水庆霞透露自己想过转业：“也不是没想过。但过去整个大环境就是那样，我在国家队踢球的时候，那时候人做什么事情还是比较执着的。现在如果踢球一个月只给你开两三千块钱，但你如果去敲键盘、去干别的，一个月就能拿到五千块，你还会去踢球吗？除非你特别热爱，才会放弃五千块去踢球，踢得满身是汗。”她表示自己甚至想过彻底不干了：“也想过。2013年全运会受到挫折之后就想转行，受到刺激太大，不想当教练了。”#水庆霞曾经不想当教练了#,2022/12/22,33,7,4,"水庆霞说想过转行,水庆霞曾经不想当教练了"
1,13,0,1,5,#韩乔生祝贺张伟丽获年度最佳# ESPN DC&RC公布了年度最佳榜单，@张伟丽MMA 当选年度最佳女子选手，@大嘴韩乔生 更新微博，向张伟丽表示祝贺！#张伟丽获MMA年度最佳女选手# ,2022/12/22,28,4,1,"韩乔生祝贺张伟丽获年度最佳,张伟丽获MMA年度最佳女选手"
1,1,0,1,4,#水庆霞回忆亚洲杯决赛半场训话# 在接受@时尚先生Esquire 采访时，水庆霞回忆了亚洲杯决赛，她表示半场时收到数据总结，发现两个“王牌”王霜、唐佳丽的反抢和防守数据都不积极，她在休息室里直接问:“你们能不能行？不行就下。”“大家希望看到的不是你们现在这个样子，是你们完全拼搏的样子。”水庆霞换了个角度训话，她让大家忘记这个0:2的分差：尽全力做，不要后悔！我们还有45分钟，我们就当0:0打。,2022/12/22,36,7,5,水庆霞回忆亚洲杯决赛半场训话
1,13,0,1,8,【#张伟丽获MMA年度最佳女选手#】ESPN DC&RC公布了年度最佳榜单，@张伟丽MMA 当选年度最佳女子选手。年度最佳男子选手被亚历克斯-佩雷拉获得。央视新闻的微博视频 ,2022/12/22,364,25,57,张伟丽获MMA年度最佳女选手
1,9,0,1,2,#袁心玥26岁生日快乐#今天是中国女排队长@袁心玥玥玥 的生日，祝她生日快乐 奥林匹克运动会的微博视频 ,2022/12/21,52,8,3,袁心玥26岁生日快乐
1,9,0,1,8,#朱婷荣膺金狮奖#日前，意大利中国理事会将“金狮奖”颁发给@女排朱婷ZT ，这一奖项主要是颁发给在文化、体育、音乐做出杰出贡献，以及为中国和意大利两国之间文化交流、沟通建起桥梁的杰出人物。由于在土耳其参赛，朱婷无法亲自领奖，录制了感谢视频：“大家好我是朱婷，非常感谢意大利中国理事会所颁发的这个奖项，来意大利打球的这段期间非常感谢大家对我的照顾和支持以及鼓励，接下来呢我会打出更好更精彩的比赛和球，也希望在赛场上可以看到你们，谢谢。”@清松排球 清松排球的微博视频,2022/12/21,1169,117,251,朱婷荣膺金狮奖
1,11,0,1,1,#谷爱凌再创一新世界纪录# 谷爱凌@青蛙公主爱凌 发博，在训练中完成了#反脚1260板尾抓板女子世界第一# ，这是女选手首次完成这一动作，太牛了！青蛙公主爱凌的微博视频 ,2022/12/21,30267,1090,728,"谷爱凌再创一新世界纪录,反脚1260板尾抓板女子世界第一"
1,1,0,3,3,#中国空姐感慨见到梅西姆巴佩# 参与世界杯颁奖典礼的中国空姐@Sslzoey 发博：荣幸之至！！！能够站在台上亲眼看到梅西姆巴佩Breathtaking experience   ,2022/12/21,234,33,9,中国空姐感慨见到梅西姆巴佩
1,1,0,3,3,#乔治娜社媒遭刷屏# #世界杯# 阿根廷夺冠，不少网友在C罗女友乔治娜的社媒刷屏留言，质疑她没有加入庆祝的行列。乔治娜1994年生于阿根廷，父亲是阿根廷人，母亲是西班牙人。质疑者询问乔治娜：为什么不庆祝你的祖国阿根廷夺得冠军？你的男友不让？世界杯 ,2022/12/20,1081,140,115,"乔治娜社媒遭刷屏,世界杯"
1,1,0,2,4,#半年后的世界杯有中国队了# 2023女足世界杯半年后开打，中国女足将与英格兰丹麦同组。中国女足主教练水庆霞：“世界杯让许许多多人看到了足球的魅力，如今，男足世界杯落幕了，接下去我们女足世界杯要来了。我也希望能有越来越多的人，通过这样的顶级赛事，爱上足球，支持中国女足！” #世界杯# 世界杯,2022/12/20,438,95,135,"半年后的世界杯有中国队了,世界杯"
1,13,0,1,1,#中国女举13金4银5铜收官世锦赛# #2022年举重世锦赛# 中国女队13金4银5铜收官，其中奥运级别取得了3金1银的成绩！在巴黎周期奥运级别再度调整的背景下，取得这样的成绩实属不易。中国女子举重队主教练王国新表示，本次世锦赛达到了锻炼队伍和了解对手等目的。TEAMCHINA中国国家队的微博视频 ,2022/12/20,70,5,4,"中国女举13金4银5铜收官世锦赛,2022年举重世锦赛"
1,7,1,1,4,#陈梦emoji挑战# @陈梦-乒乓球 参加emoji挑战，对着一串emoji猜成语！有点厉害，大梦这成语储备确实可以呀！你都猜出来了吗？ WTT世界乒联的微博视频 ,2022/12/20,13,2,1,陈梦emoji挑战
1,1,0,3,5,#梅西抱的不是母亲是阿根廷队女厨师# 梅西夺得世界杯冠军后，有不少媒体报道梅西母亲来到球场内与梅西拥抱。阿根廷媒体infobae对此进行了辟谣，与梅西拥抱的是阿根廷队女厨师安东尼娅-法里亚斯。她已经为球队工作了四年，先后随队出征了美洲杯和世界杯。#世界杯# 世界杯 红星视频的微博视频 ,2022/12/20,206,29,14,"梅西抱的不是母亲是阿根廷队女厨师,世界杯"
1,1,0,2,6,#对世界说点什么##熙游记# 熙游记第五期上线，主题：对世界说点什么！跟着@刘语熙rachel 畅游卡塔尔，感受不一样的风土人情，让热爱过足瘾# 围观体坛的微博视频 ,2022/12/19,7,2,2,"对世界说点什么,熙游记"
1,1,0,3,3,#阿Sa分享梅西球衣背影照# 今日份阿Sa@蔡卓妍 梅西球迷认证！晒出穿着梅西签名的10号球衣背影照，不仅发文祝贺梅西，还认真写了小作文，不愧是你呀正蔡妍！梅西 ,2022/12/19,67,14,3,阿Sa分享梅西球衣背影照
1,11,1,1,4,#王濛说姆巴佩提高梅西球王含金量# 短道速滑奥运冠军@王濛 熬夜观看了世界杯决赛，她喜欢上了姆巴佩，认为姆巴佩用自己的卓越和顽强，极大程度的提高梅西的球王含金量。“恭喜梅球王全满贯问鼎！也道一声姆总未来不可限量！” #世界杯# 法国球迷俱乐部 ,2022/12/19,635,55,109,"王濛说姆巴佩提高梅西球王含金量,世界杯"
1,1,0,3,3,#C罗二姐发文祝贺阿根廷夺冠# C罗二姐Kátia Aveiro点评决赛：“卡塔尔世界杯是有史以来最糟糕的世界杯，但幸运的是，阿根廷和法国给我们奉献了一场伟大的决赛，祝贺阿根廷！”“这个男孩（姆巴佩）太不可思议了，无比美好的未来在等待着你，你真的让人难以置信。”#让热爱过足瘾#  阿根廷球迷俱乐部,2022/12/19,215,55,7,"C罗二姐发文祝贺阿根廷夺冠,让热爱过足瘾"
1,1,0,3,4,#郭静唱心墙为世界杯打call# 《心墙》登上世界杯决赛舞台，原唱者郭静清唱歌曲打call，你会唱这首歌曲吗？#世界杯决赛# 郭靜Claire的微博视频 ,2022/12/18,57,17,3,"郭静唱心墙为世界杯打call,世界杯决赛"
1,1,0,1,6,#对世界说点什么# 这个冬天，让热爱过足瘾！第五期 #熙游记# 正式上线，@刘语熙rachel 在卡塔尔多哈开启街头艺术，她也发博晒出视频并写道：“我们在多哈街头放了一块画板，邀请路过的人写下想表达的一切。如果是你，你会写下什么呢？”如果是你，你会在这一块画板上写下什么呢？刘语熙rachel的微博视频,2022/12/18,161,31,106,"对世界说点什么,熙游记"
1,1,0,3,3,#阿Sa晒梅西签名球衣#今日，@蔡卓妍 发博分享@梅西LeoMessi10 签名球衣，并说要穿着它看决赛，球衣护体，梅西无敌～⚽#阿Sa要穿梅西签名球衣看决赛#梅西 ,2022/12/18,95,14,3,"阿Sa晒梅西签名球衣,阿Sa要穿梅西签名球衣看决赛"
1,1,0,1,6,不一样的举动，不一样的体验第五期 #熙游记# 明日上线，全新主题：#对世界说点什么# @刘语熙Rachel 与你共同感受，这个冬季，让热爱过足瘾 ,2022/12/17,9,3,1,"熙游记,对世界说点什么"
1,1,0,2,1,#奥运会女足由12队扩军至16队# 国际足联宣布，奥运会女足比赛参赛队数量由12队增加到16队，并筹办女足世俱杯、国际足联五人制女足世界杯比赛。奥运女足扩军，意味着亚洲有可能会多获得一个席位，这显然有利于中国女足去竞争出线权。详情：女足新设世俱杯奥运会扩军 中国女足或迎新机遇 ,2022/12/17,229,31,129,奥运会女足由12队扩军至16队
1,13,0,1,8,【#孙一文入选国际剑联名人堂#】国际击剑联合会宣布@击剑孙一文 入选国际剑联运动员委员会，并且入选国际剑联名人堂。孙一文发博致谢国家培养、击剑队大家庭的陪伴，将会将这份肯定化作前行的动力，更加坚定地走下去！恭喜！加油！ ,2022/12/17,38,3,3,孙一文入选国际剑联名人堂
1,1,0,1,3,#赵丽娜用一年单身换梅西夺冠# 世界杯决赛即将到来，中国女足队员赵丽娜@叫我赵赵赵丽娜 立了一个非常狠的flag！赵丽娜表示：愿意用自己一年的单身，换阿根廷夺冠！梅西必须捧起大力神杯！！#世界杯# 阿根廷球迷俱乐部 体坛有真相的微博视频 ,2022/12/17,302,56,9,"赵丽娜用一年单身换梅西夺冠,世界杯"
1,1,0,3,7,#阿根廷女巫协会称法国队有黑魔法护体# 世界杯期间，阿根廷女巫协会一直呼吁利用能量来支持阿根廷队，但他们建议不要对法国队这么做：“我们不建议让女巫“冻结”法国，因为法国球员受到“黑暗实体”的保护并且可以反弹！我们在法国队中看到了非常黑暗的东西，尤其是在姆巴佩的身上。”#世界杯# 世界杯,2022/12/17,1645,204,205,"阿根廷女巫协会称法国队有黑魔法护体,世界杯"
1,1,0,1,7,#曝阿根廷若夺冠太太团将集体纹身#  阿根廷球员利桑德罗·马丁内斯的女友穆里·洛佩斯·贝尼特斯日前在接受阿根廷国内一家电视台的采访时透露，本周一太太团成员们在半决赛开始前集体聚餐。用餐时，有人提议如果阿根廷队在本届世界杯最终夺冠，那么大家就集体纹一个相同的图案来纪念这一历史性的时刻。#世界杯决赛#阿根廷球迷俱乐部,2022/12/16,275,30,6,"曝阿根廷若夺冠太太团将集体纹身,世界杯决赛"
1,1,0,1,2,#为世界杯决赛立个flag##世界杯决赛#即将打响，@唐佳丽MEMO 立下flag，如果阿根廷夺冠她就表演唱歌。世界杯决赛前你会立flag吗？#世界杯黄金组合# 唐佳丽MEMO的微博视频 ,2022/12/16,13,4,3,"为世界杯决赛立个flag,世界杯决赛,世界杯黄金组合"
1,1,0,3,2,#墨西哥球迷向梅西道歉# 安东内拉近日在卡塔尔多哈一家购物中心逛街，一名墨西哥球迷上前与她打招呼，就此前踢球衣事件的误会向梅西道歉。#阿根廷开始备战决赛# 直播吧的微博视频 ,2022/12/16,194,21,1,"墨西哥球迷向梅西道歉,阿根廷开始备战决赛"
1,1,0,1,1,#举重世锦赛李雯雯摘金##2022年举重世锦赛#女子87公斤以上级，奥运冠军@举重李雯雯 以抓举141公斤、挺举170公斤、总成绩311公斤，包揽三枚金牌。李雯雯的总成绩比第二名英国选手坎贝尔多出了24公斤。铜牌被泰国选手差迪获得。 ,2022/12/16,77,11,9,"举重世锦赛李雯雯摘金,2022年举重世锦赛"
1,1,0,3,2,#日本国脚堂安律与网红交往#据日媒《文春周刊》报道，日本国脚堂安律正在和比他大3岁的美妆网红明松美玖交往中。在11月27日和12月6日的日本队世界杯比赛中，明松和堂安律的父母一起观看了比赛。据称，两人都已得到了父母的认可，结婚进入倒计时。#世界杯#  世界杯 ,2022/12/15,113,31,7,"日本国脚堂安律与网红交往,世界杯"
1,9,0,1,1,【欧联杯#朱婷22分# 全场得分王 斯坎迪奇客场3-1告捷】2022-23赛季女排欧联杯1/16决赛首回合争夺，@女排朱婷ZT 加盟的斯坎迪奇客场挑战土超劲旅加拉塔萨雷，总比分3-1获胜占据晋级16强的先机，四局比分为25-17、25-15、19-25和25-12。本场比赛，首发出战的朱婷拿到22分，荣膺全场得分王。北青体育的微博视频,2022/12/15,31,11,2,朱婷22分
1,1,0,2,3,#刘语熙感叹世界杯即将结束# 世界杯走到尾声，难说再见！@刘语熙rachel ：三十天前拍的，那时还在讨论揭幕战会踢成什么样，一晃世界杯只剩两场比赛华美的最终章即将奏响，四年一度的世界杯难说再见 #熙游记#世界杯  ,2022/12/15,36,15,1,"刘语熙感叹世界杯即将结束,熙游记"
1,1,0,2,4,【预告】北京时间12月15日16:00，世界杯连麦节目#茗响世界杯#，主持人@杨茗茗Ymmmmm  连麦@谢晖 、短道速滑世界冠军@郭奕含- 、媒体人@足球上海滩姬宇阳 、@宋承良 跟大家一起聊聊世界杯四强，一起谈谈阿根廷、法国队的表现。#法国2比0摩洛哥# #大话世界杯#  新浪体育的微博直播 复盘世界杯半决赛,2022/12/15,191,151,22,"茗响世界杯,法国2比0摩洛哥,大话世界杯"
1,1,0,2,3,#刘语熙看好法国晋级# #熙游记# #刘语熙半决赛犀利前瞻#@刘语熙rachel 今天看好法国：”摩洛哥估计就只能黑到这里了，防守虽好架不住法国能攻啊，“ ,2022/12/15,334,14,3,"刘语熙看好法国晋级,熙游记,刘语熙半决赛犀利前瞻"
1,1,0,2,1,#刘语熙看好法国晋级# #熙游记# #刘语熙半决赛犀利前瞻# @刘语熙rachel 发博：今天这条微博发起来都轻松许多，晚上属于可以嗑着瓜子看比赛的状态。摩洛哥估计就只能黑到这里了，防守虽好架不住法国能攻啊，看好🇫🇷。世界杯  ,2022/12/14,169,33,0,"刘语熙看好法国晋级,熙游记,刘语熙半决赛犀利前瞻"
1,4,0,1,1,#张雨霏世锦赛50米蝶泳收获铜牌##短池游泳世锦赛#50米蝶泳决赛中，中国选手@o张雨霏o 以平亚洲纪录24.71秒的成绩获得第三名，这是中国队在本届世锦赛上获得的首枚奖牌！ ,2022/12/14,70,1,8,"张雨霏世锦赛50米蝶泳收获铜牌,短池游泳世锦赛"
1,1,0,3,4,#邓紫棋西语歌助兴阿根廷# @GEM鄧紫棋 用美好的西语歌曲《Way Maker》助阵阿根廷，难道她也是阿根廷的球迷？#邓紫棋偷偷内卷学西语#GEM鄧紫棋的微博视频 ,2022/12/14,39,9,4,"邓紫棋西语歌助兴阿根廷,邓紫棋偷偷内卷学西语"
1,1,0,1,1,#女足门将给中国足球未来们的一封信#中国女足门将赵丽娜@叫我赵赵赵丽娜 ，在赛场之外也一直致力于推广足球运动。这次，她以教练的身份，带领小球员们进行一场从训练到比赛的完整青训课。正如赵丽娜在节目中所说：“当我经过足球场的时候，足球场不要空着，这个球场上面都是有人在踢球的。”她希望能通过自己的努力，让更多的年轻的小朋友们，可以有机会主动去认识到足球、接触到足球，为中国足球的未来发展贡献一份力量！ 新浪体育的微博视频,2022/12/14,21,2,0,女足门将给中国足球未来们的一封信
1,11,0,1,4,#徐梦桃用玄学预测梅西夺冠# 冬奥会空中技巧金牌得主@徐梦桃 尝试用玄学祝福@梅西LeoMessi10  ——2014年我冬奥会亚军，阿根廷世界杯亚军！2022年我冬奥会冠军，12月18日也祝阿根廷队追梦者，终圆梦每一次落寞的离场，都是为成功那刻蓄积更多力量！梅西加油！！！艺高人胆大，拼啦 #世界体坛集体祝贺梅西#   梅西,2022/12/14,52,6,5,"徐梦桃用玄学预测梅西夺冠,世界体坛集体祝贺梅西"
1,1,0,2,2,#女记者赛后告白梅西#阿根廷晋级世界杯决赛后，ESPN的阿根廷记者Sofi Martinez表示没有要问的问题，她直接对@梅西LeoMessi10 说了一长串的真情告白——Sofi Martinez：我没有问题，我要告诉你一件事，它（世界杯决赛）来了。虽然我们都想赢得奖杯，但我想告诉你，不管结果如何，有些东西没有人能从你这里夺走，你经历了每个阿根廷人所经历的。我是认真的，没有一个孩子没有你的球衣。我也不是之前的那个人了，我有很多关于你的故事要讲，你在我们所有人的生活中都留下了印记，这正是我不得不说的，对我而言，这比世界杯更重要，没人可以从你身上夺走这一切。这是对你的感谢，为这样一个幸福的时刻，你让我们这么多人活着，我希望你把这放在心上，因为我相信，比世界杯更重要的，你已经拥有了，所以谢谢你，队长。梅西#近击卡塔尔# 直播吧的微博视频,2022/12/14,618,33,72,"女记者赛后告白梅西,近击卡塔尔"
1,1,0,1,6,#刘语熙说跟克罗地亚告别# #熙游记# 有人肆意舞动狂欢，有人含泪告别，这就是足球，这也是人生。@刘语熙rachel 现场见证阿根廷3-0克罗地亚，时隔八年再进世界杯决赛。#刘语熙见证阿根廷球迷狂欢# 刘语熙rachel的微博视频 ,2022/12/14,37,17,7,"刘语熙说跟克罗地亚告别,熙游记,刘语熙见证阿根廷球迷狂欢"
1,1,0,1,3,【#刘语熙现场学唱阿根廷队歌#】#熙游记# @刘语熙rachel 发博：其实我从昨天就开始准备这场比赛了。现场生学“阿根廷主题曲”呀！期待这场强强对决！同时她预测这场比赛可能是常规时间平局。你认为呢？#刘语熙预测会平局#  刘语熙rachel的微博视频 ,2022/12/14,25,13,1,"刘语熙现场学唱阿根廷队歌,熙游记,刘语熙预测会平局"
1,1,0,2,6,#刘语熙预测会平局# #熙游记# 凌晨3点，半决赛阿根廷vs克罗地亚！@刘语熙rachel 发博写道想坐在阿根廷球迷和克罗地亚球迷的中间，因为手心手背都是肉。刘姐这是预测可能会平局？阿根廷至今在这一赛事的半决赛舞台上未尝败绩！大战将至，面对克罗地亚，潘帕斯雄鹰能否延续传统，一飞冲天闯入决赛？#刘语熙看好阿根廷常规时间赢#  FIFA世界杯的微博视频 世界杯,2022/12/13,115,17,0,"刘语熙预测会平局,熙游记,刘语熙看好阿根廷常规时间赢"
1,1,0,2,6,#刘语熙预测会平局# #熙游记# #刘语熙看好阿根廷常规时间赢# 14日凌晨3点，阿根廷vs克罗地亚的焦点战，@刘语熙rachel 发博写道：“这场比赛如果踢90分钟，那阿根廷赢面大一些，如果拖到加时，克罗地亚更有经验一些…… ”当然了，刘语熙也是去现场看球的，她表示手心手背都是肉，最想坐在克罗地亚和阿根廷球迷的中场。对此，有网友在评论区表示：“这是排除掉了一个平；这是平了呀” 对此，你怎么看？ 世界杯,2022/12/13,2015,151,36,"刘语熙预测会平局,熙游记,刘语熙看好阿根廷常规时间赢"
1,1,0,1,5,#王曼昱感谢肖战# @肖战xxxzzz 发博称，不再担任@王曼昱 的主管教练。@王曼昱 发博写道：感谢肖指导这些年的付出与陪伴，我的成绩离不开您的帮助。虽然随着年龄的增长，身体和状态的变化让我们在训练方法、执教理念和未来发展上没能达成共识，但这不会影响我们之间的感情。 新的周期里我也会加倍努力，在队伍的帮助下与教练们沟通、配合去面对新的挑战，也祝愿肖指导未来工作生活一切顺利。#王曼昱主管教练##肖战不再担任王曼昱主管教练# GoChengdu的微博视频,2022/12/13,142,29,4,"王曼昱感谢肖战,王曼昱主管教练,肖战不再担任王曼昱主管教练"
1,1,0,1,2,#唐佳丽穿阿根廷球衣为梅西加油# #世界杯# 阿根廷将迎来与克罗地亚的半决赛。作为梅西的铁杆粉丝，中国女足国脚唐佳丽@唐佳丽MEMO 晒出身穿阿根廷球衣的视频，为梅西加油。她写道：“半决赛希望梅老板可以好好发挥，阿根廷加油！！！”梅西 唐佳丽MEMO的微博视频 ,2022/12/13,60,8,6,"唐佳丽穿阿根廷球衣为梅西加油,世界杯"
1,11,0,1,2,#谷爱凌要期末考试了# @青蛙公主爱凌 发微博吐槽“三体问题”：期末考试，训练，生活。并配上流泪表情😭😭😭。网友：原来学霸也害怕期末考试！没有人不害怕期末考试！ ,2022/12/13,1196,75,4,谷爱凌要期末考试了
1,3,0,1,8,【#郑钦文获WTA年度最佳新人奖#】WTA宣布年度各大奖项归属，中国选手@郑钦文Ana 获得年度最佳新人奖！据悉她获得49%的票数，以绝对优势毫无悬念获奖。这是1977年设立该奖项以来，中国选手首次获得 ,2022/12/12,688,28,27,郑钦文获WTA年度最佳新人奖
1,1,0,1,2,【#梅西给你俩窝窝#】#安东内拉模仿梅西发飙# 12月12日，梅西妻子安东内拉被拍到模仿梅西发火：“给你俩窝窝”。此前，梅西在淘汰荷兰队后接受采访，对着荷兰队球员韦格霍斯特说：“你在看什么？蠢货！” 封面新闻的微博视频 ,2022/12/12,215,14,20,"梅西给你俩窝窝,安东内拉模仿梅西发飙"
1,1,0,1,4,【#刘语熙卡塔尔最前线# 】 @刘语熙rachel 来到卡塔尔世界杯进行最前线报道！冬天的杯赛，足球让世界成了整体。体育是世界共同的语言！之前阿根廷的比赛前，刘语熙发博晒出视频并配文：““我出生在阿根廷，迭戈和莱昂内尔的土地，马尔维纳斯群岛的孩子们，我永远不会忘记 ……”#熙游记# 刘语熙rachel的微博视频 ,2022/12/12,11,1,1,"刘语熙卡塔尔最前线,熙游记"
1,1,0,2,6,【直播预告】北京时间12月12日晚20:00，新浪体育主持人@于静 连麦体育媒体人@戴上紧箍咒的白国华 ， 体育评论员@足球上海滩姬宇阳 一起畅聊#世界杯#。  新浪体育的微博直播 白国华&姬宇阳做客畅聊世界杯 ,2022/12/12,422,144,16,世界杯
1,1,0,3,2,#安东内拉模仿梅西发火# 给你俩窝窝？[干饭人]在淘汰荷兰后，梅西罕见发飙，向荷兰前锋韦霍斯特爆了粗口：“看什么看？蠢货！”梅西妻子安东内拉被拍到，模仿梅西发飙名场面：“你在看什么？蠢货！”学的像吗？#世界杯#梅西 咪咕体育的微博视频 ,2022/12/12,213,30,8,"安东内拉模仿梅西发火,世界杯"
1,9,0,1,1,【斯坎迪奇3-0库内奥#朱婷14分再夺单场MVP#】意甲女排联赛常规赛第11轮，斯坎迪奇主场3-0库内奥，三局比分25-20、25-22和25-16。斯坎迪奇斩获第8胜后积26分，以1分优势超越本轮输球的米兰（蒙扎）升至次席。首发主打的朱婷夺下全场最高的14分，并在本赛季第二次荣膺单场MVP。#朱婷留洋第四季# 今日排球的微博视频,2022/12/12,170,14,8,"朱婷14分再夺单场MVP,朱婷留洋第四季"
1,7,0,1,1,#孙颖莎乒超总积分第一# 单打总积分：@孙颖莎 1350分第一、@王曼昱 1000分第二、@陈梦-乒乓球 950分第三、@陈幸同 850分第四、王艺迪@迪214 750分第五。#孙颖莎荣膺乒超MVP# 双打总积分：陈幸同、@钱天一321 300分并列第一；陈梦、@孙艺祯Zz 200分并列第三。#2022乒超联赛#  ,2022/12/11,263,22,6,"孙颖莎乒超总积分第一,孙颖莎荣膺乒超MVP,2022乒超联赛"
1,7,0,1,1,#乒超女团山东鲁能夺冠#山东鲁能 3-2 深圳大学@陈幸同 /@钱天一321 3-0@陈梦-乒乓球 /@孙艺祯Zz 王曼昱 1-3 孙颖莎陈幸同 3-1 陈梦钱天一 0-3 孙颖莎王曼昱 3-0 孙艺祯 #孙颖莎2分难救主##2022乒超联赛#咪咕乒乓球的微博视频 ,2022/12/11,189,16,5,"乒超女团山东鲁能夺冠,孙颖莎2分难救主,2022乒超联赛"
1,6,0,1,1,#总决赛凡晨组合夺冠##凡晨组合赛季7冠收官##2022年世界羽联总决赛# 女双决赛@陈小白BAOBAO @贾一凡_F 21-13 21-14 艾姆萨德姐妹，凡晨组合夺得赛季第7冠！ ,2022/12/11,74,9,5,"总决赛凡晨组合夺冠,凡晨组合赛季7冠收官,2022年世界羽联总决赛"
1,7,0,1,1,#2022乒超联赛#女团决赛  #孙颖莎3比0钱天一#@孙颖莎 3-0@钱天一321 【11-5、11-2、11-1】深圳大学2-2山东鲁能，双方进入第五决胜盘（孙艺祯VS王曼昱）咪咕乒乓球的微博视频 ,2022/12/11,10,3,1,"2022乒超联赛,孙颖莎3比0钱天一"
1,7,0,1,1,#2022乒超联赛#女团决赛 #陈幸同3比1陈梦# @陈幸同 3-1战胜@陈梦-乒乓球 【16-14、12-10、9-11、11-7】山东鲁能2-1深圳大学 咪咕乒乓球的微博视频 ,2022/12/11,16,1,2,"2022乒超联赛,陈幸同3比1陈梦"
1,7,0,1,1,#2022乒超联赛# 女团决赛 深圳大学 1：1 山东鲁能#孙颖莎3比1王曼昱#@孙颖莎 3-1 @王曼昱【11-4 11-9 8-11 11-9】 咪咕乒乓球的微博视频 ,2022/12/11,11,2,0,"2022乒超联赛,孙颖莎3比1王曼昱"
1,10,0,1,4,#潘晓婷想成为梅西这样的人# #世界杯# @梅西LeoMessi10 的球品和人品深深折服了@潘晓婷 ：“他有实力，有故事，是个伟大的运动员。让更多人因为他喜欢体育，喜欢足球。他可以激励各个年龄阶层的人，在逆境中给人力量。他本人又很低调内敛，内心足够强大才能做到。梅西是我想成为的人！” 梅西 新浪体育的微博视频,2022/12/11,228,58,7,"潘晓婷想成为梅西这样的人,世界杯"
1,13,0,1,1,#中国女孩斯巴达世锦赛夺冠#11岁的中国女孩王子今在2022斯巴达勇士儿童世锦赛上，以27分27秒的成绩在距离终点线仅20米的障碍完成逆转，夺得9-11岁女子组别冠军，这是中国小勇士在斯巴达世锦赛上首次夺得桂冠。 #7位中国少年出征斯巴达勇士赛# 中国体育的微博视频 ,2022/12/11,152,22,70,"中国女孩斯巴达世锦赛夺冠,7位中国少年出征斯巴达勇士赛"
1,13,0,1,1,#2022年举重世锦赛#女子64公斤级，17岁的中国选手裴鑫依以抓举105公斤、挺举128公斤、总成绩233公斤，获得三项冠军。 ,2022/12/11,54,6,7,2022年举重世锦赛
1,1,0,3,3,#c罗姐姐怒骂葡萄牙队员是老鼠# 葡萄牙出局后，C罗姐姐艾尔玛发文，矛头直指C罗队友：“当一群老鼠（低级的俱乐部球员）把对阵瑞士的胜利当作对C罗的胜利来庆祝时，我们输掉了世界杯……葡萄牙国家队不是俱乐部，而是一个国家……但不幸的是，在葡萄牙，教训仍然存在。不明白了……”#世界杯# 世界杯,2022/12/11,1368,135,92,"c罗姐姐怒骂葡萄牙队员是老鼠,世界杯"
1,1,0,3,3,#C罗女友发文指责葡萄牙主教练# 乔治娜发文：今天你的朋友和教练都做出了错误的决定，你对那位朋友充满了钦佩和尊重，当他让你上场时，他看到一切都变了，但为时已晚。你不可以低估世界上最好的球员，最强大的武器。更不用说为那些不值得的人挺身而出了。生活给了我们上了一课，今天我们没输，而是学到了，我们钦佩你。#c罗哭了# 葡萄牙球迷俱乐部,2022/12/11,1278,220,37,"C罗女友发文指责葡萄牙主教练,c罗哭了"
,,,,,,,215.9503916,19.62924282,15.37075718,
