性别,项目（足球1 篮球2 网球3 游泳跳水4 田径5 羽毛球6 乒乓球7 体操8 排球9 冰雪项目11 电竞12 其他13 体育无关14）,是否用外号（0无 1有+正面或中性 2有+负面或调侃） ,身份（1运动员 2其余从业者 3非从业者）,类别（1赛事赛场报道 2个人生活 3个人社交媒体活动 4公关宣传 5人际关系 6商业广告 7花边绯闻 8外界评价 9媒体物料 10负面新闻）,正文,日期,点赞数,评论数,转发数,话题,
2,1,0,3,4,贝克汉姆携女儿小七送新年祝福：我的本命年 兔年大吉！ PP体育的微博视频 ,2023/1/21,152,14,12,,
2,13,0,1,8,新华社评出2022国际十佳运动员：梅西谷爱凌领衔 本泽马在列1、谷爱凌（中国，女，19岁，自由式滑雪）谷爱凌获得北京冬奥会自由式滑雪女子大跳台与U型场地技巧两枚金牌，以及坡面障碍技巧银牌，成为首位在一届冬奥会上拿到三枚奖牌的自由式滑雪运动员。2、利昂内尔·梅西（阿根廷，男，35岁，足球）梅西带领阿根廷队夺得卡塔尔世界杯冠军，打入7球送出3次助攻，荣膺世界杯金球奖。他还以26次出场成为世界杯参赛场次最多的球员。3、伊雷妮·斯豪滕（荷兰，女，30岁，速度滑冰）斯豪滕夺得北京冬奥会速度滑冰女子5000米、3000米和集体出发金牌，还与队友合作获得女子团体追逐铜牌。3月，斯豪滕在国际滑联速度滑冰世锦赛上获得女子全能金牌。4、埃鲁德·基普乔格（肯尼亚，男，38岁，田径）基普乔格在2022年柏林马拉松赛上以2小时01分09秒的成绩夺冠，打破了他本人在2018年柏林马拉松赛上创造的2小时01分39秒的世界纪录。5、阿曼德·杜普兰蒂斯（瑞典，男，23岁，田径）杜普兰蒂斯在2022赛季三次打破男子撑杆跳高世界纪录，赢得了他参加的19场比赛中的18场，并23次越过六米大关。在俄勒冈田径世锦赛上，他以6米21的成绩创造了新的世界纪录。6、卡里姆·本泽马（法国，男，35岁，足球）本泽马获得2022年金球奖。他效力于西甲皇家马德里队，在2021-2022赛季46场比赛中打进44球，同时荣膺欧冠和西甲金靴，并帮助皇马实现国内联赛和欧冠赛场“双冠王”。7、拉斐尔·纳达尔（西班牙，男，36岁，网球）纳达尔在法国网球公开赛中第14次捧杯，由此他成为公开赛时代第一位获得22个大满贯男单冠军的选手。8、凯蒂·莱德茨基（美国，女，25岁，游泳）莱德茨基在布达佩斯游泳世锦赛女子800米自由泳决赛中夺冠，完成了世锦赛该项目五连冠。在这届世锦赛上，莱德茨基斩获4枚金牌，将自己的世锦赛金牌数提高到19枚。莱德茨基还在短池游泳世界杯中刷新了女子1500米自由泳和800米自由泳短池世界纪录。9、伊加·斯维亚特克（波兰，女，21岁，网球）斯维亚特克在2022年获得包括法网、美网在内的八个冠军头衔，还创造了21世纪以来女子网坛最长的连胜纪录（37场）。在女子网球协会（WTA）年终排名中，斯维亚特克位列第一。10、马克斯·维斯塔潘（荷兰，男，25岁，赛车）维斯塔潘在一级方程式赛车（F1）日本大奖赛上夺冠并提前锁定年度车手总冠军。在墨西哥大奖赛上，他夺得本赛季个人第14个冠军，超越了迈克尔·舒马赫和维特尔共同保持的单赛季13冠纪录，成为F1历史上单赛季夺冠次数最多的车手。他最后单赛季夺冠次数为15个。,2022/12/26,448,99,114,,
2,6,0,1,1,��️#印尼500赛冯彦哲黄东萍夺冠##印尼500赛蒋振邦魏雅欣获亚军#   🏸️#2023年印尼羽毛球大师赛# ，@F冯彦哲 @H黄东萍 21-15、16-21、21-19 @蒋振邦JZzzB @曼妥思阿丫丫 。[努力]恭喜冯黄拿下新组合首冠！恭喜冯彦哲拿下职业生涯首个巡回赛冠军！ ,1/29/2023,99,9,1,"印尼500赛冯彦哲黄东萍夺冠,印尼500赛蒋振邦魏雅欣获亚军,2023年印尼羽毛球大师赛",
2,3,0,3,2,#周杰伦昆凌现场观战澳网男单决赛#🎾#澳网2023# 男单决赛正在进行，德约科维奇首盘暂时4-2领先。看台上名流云集，周杰伦、昆凌、比尔盖茨、罗德拉沃尔等都在观战。 ,1/29/2023,54,7,8,"周杰伦昆凌现场观战澳网男单决赛,澳网2023",
2,7,0,1,6,#国乒队员极限二选一#📺《旋转吧！乒乓》第一期来了！🍲火锅or烧烤🔥、☕️咖啡or茶🍵、🎢过山车or碰碰车🚗🏓️乒乓队员们各自喜好如何，一起来揭晓答案吧📅1月29日起每周三周日《旋转吧！乒乓》尽在@咪咕视频 #旋转吧乒乓##看WTT上咪咕# 咪咕体育的微博视频 ,1/29/2023,3226,225,351,"国乒队员极限二选一,旋转吧乒乓,看WTT上咪咕",
2,13,0,1,1,#俄参加亚洲赛事不占用亚洲奥运名额# 亚奥理事会将为受邀参加亚洲赛事的俄罗斯和白俄罗斯运动员制定“特别的奥运资格选拔系统”，以避免占用亚洲选手的名额和奖牌在这一系统下，可以设定量化指标的赛事更容易适用于两国运动员的加入，如田径、游泳和射击等，但对抗性项目如摔跤等很有可能无法适用根据此前报道，中国奥委会愿为包括符合条件的俄罗斯和白俄罗斯运动员在内的所有运动员搭建良好参赛平台，共同捍卫奥林匹克价值观，维护国际奥林匹克大家庭团结,1/29/2023,17,1,4,俄参加亚洲赛事不占用亚洲奥运名额,
2,9,0,1,1,#蔡斌解读女排集训名单# ·丁霞是能够起到压阵作用的老将，许晓婷参加集训是为了进一步考察·主攻位置需要拥有经验和能力的中生代选手充实进来·排超联赛涌现出诸多年轻选手，希望通过国家队冬训，提高基本功和动作规范性，打造女排未来的可用之才新一届中国女排将于2月1日在宁波北仑集结展开冬训，主教练蔡斌表示，希望通过冬训不断夯实基础、提升自身能力，完成好杭州亚运会和巴黎奥运会预选赛等重要比赛任务#中国女排即将开启冬训##2023中国女排集训名单#,1/29/2023,23,3,2,"蔡斌解读女排集训名单,中国女排即将开启冬训,2023中国女排集训名单",
2,6,0,1,1,#国羽混双提前包揽印尼500赛冠亚军#今日13:00起，2023世界羽联超级500印尼大师赛将进行决赛争夺女双：张殊贤@Z_殊贤 /刘圣书@皮-lss vs福岛由纪/广田彩花（日本）女单：安洗莹（韩国）vs马林（西班牙）混双：@F冯彦哲 /@H黄东萍 vs@蒋振邦JZzzB /魏雅欣@曼妥思阿丫丫 男单：乔纳坦（印尼）vs瓦多约（印尼）男双：@何济霆 /@周-昊东 vs卡南多/马丁（印尼）#印尼500赛国羽进三项决赛##2023年印尼羽毛球大师赛#,1/29/2023,27,3,2,"国羽混双提前包揽印尼500赛冠亚军,印尼500赛国羽进三项决赛,2023年印尼羽毛球大师赛",
2,6,0,1,1,好棒！#印尼500赛蒋振邦魏雅欣进决赛#  🏸️#2023年印尼羽毛球大师赛# ，@蒋振邦JZzzB 魏雅欣@曼妥思阿丫丫 21-16、21-16 金子祐树/松友美佐纪。👏🏻恭喜两位小将职业生涯首站世界羽联巡回赛就打进决赛！ ,1/28/2023,72,4,0,"印尼500赛蒋振邦魏雅欣进决赛,2023年印尼羽毛球大师赛",
2,14,0,3,6,大年初七开工日！敲锣打鼓送你们上班啦~#比特数智人好运卡# ,1/28/2023,7,0,0,比特数智人好运卡,
2,13,0,3,6,��和过年肥说拜拜🧘🏻♀️元气满满再出发#全民热练移起开练#🏮网页链接 ,1/28/2023,5,0,1,全民热练移起开练,
2,5,0,1,1,#世青赛中国男女队晋级接力半决赛# 男子3000米接力：中国队（刘金勋、李坤、王其智、吴世强）4:02.002小组第一晋级半决赛女子3000米接力：中国队（张珈宁、王晔、宋佳蕊、蔡申依）4:19.753小组第一晋级半决赛男子1000米预赛：李坤1:27.785小组第二、王其智1:27.407小组第三晋级女子1000米预赛：蔡申依1:37.574、王晔1:33.210小组第一晋级下轮男子500米预赛：刘金勋41:035小组第二、李坤41:444小组第三晋级女子500米预赛：宋佳蕊43:580小组第二、王晔43:520小组第一晋级男子1500米：吴世强2:25.180小组第一晋级半决赛女子1500米：张珈宁2:31.885、蔡申依2:35.103小组第一晋级半决赛#2023短道速滑世青赛# 咪咕体育的微博视频,1/28/2023,47,2,2,"世青赛中国男女队晋级接力半决赛,2023短道速滑世青赛",
2,6,0,1,1,��️#印尼500赛冯彦哲黄东萍进四强#  🆚@F冯彦哲 @H黄东萍 21-13、21-13 贾法尔/普拉纳塔，半决赛将对阵吉奎尔/德尔吕 #2023年印尼羽毛球大师赛#  ,1/27/2023,34,0,0,"印尼500赛冯彦哲黄东萍进四强,2023年印尼羽毛球大师赛",
2,14,0,3,6,大年初六三重日！我的魔法扫把是扫地机器人~#比特数智人好运卡# ,1/27/2023,17,0,3,比特数智人好运卡,
2,7,0,3,4,��《旋转吧！乒乓》预告先导片来啦！1月29日起@咪咕视频 每周三、周日更新 ，乒乓运动员们做游戏时的表现如何，一起来期待吧#旋转吧乒乓##看WTT上咪咕# 咪咕体育的微博视频 ,1/27/2023,4093,263,788,"旋转吧乒乓,看WTT上咪咕",
2,6,0,1,1,��#印尼羽毛球大师赛1/4决赛赛程#焦点战⬇️@石宇奇_ 🆚@陆光祖1111@_王祉怡_  🆚李美妙@刘雨辰1961 /@欧烜屹 🆚阿尔菲安/阿迪安托@何济霆/@周-昊东 🆚谢定峰/苏伟译刘圣书@皮-lss /张殊贤@Z_殊贤 🆚@谭宁-Tan /@Grace夏玉婷@L李汶妹L /@L玄炫刘 🆚陈康乐/蒂娜@王懿律enzo /@杜玥yy 🆚蒋振邦/魏雅欣#2023年印尼羽毛球大师赛#,1/27/2023,8,0,1,"印尼羽毛球大师赛1/4决赛赛程,2023年印尼羽毛球大师赛",
2,7,0,1,1,好的开始！#国乒兔年首战包揽五冠# 🏆#WTT支线赛多哈站2023# 五项冠军男单：@徐瑛彬bin 女单：@小胖子何卓佳 男双：@向小鹏- /@袁励岑a 女双：@钱天一321 /@石洵瑶w 混双：@林詩棟y /蒯曼@kuaiman0207 ,1/27/2023,314,21,18,"国乒兔年首战包揽五冠,WTT支线赛多哈站2023",
2,14,0,3,6,#大年初五冰墩墩来拜年了#🧧大年初五，#冰墩墩兔年拜年动画上线#。跟随冰墩墩，找出你最爱的冬奥运动员！马上就是#北京冬奥会1周年#了，祝你新的一年继续大展宏“兔”。收好这份来自“顶流”的祝福。奥林匹克运动会的微博视频  ,1/26/2023,18,1,0,"大年初五冰墩墩来拜年了,冰墩墩兔年拜年动画上线,北京冬奥会1周年",
2,7,0,1,1,��#林诗栋蒯曼多哈站夺冠##林诗栋蒯曼3比2向鹏钱天一#🏓️#WTT支线赛多哈站2023#  混双决赛：🆚@林詩棟y /蒯曼@kuaiman0207 3-2 @向小鹏- /@钱天一321 【12-10、3-11、11-8、9-11、11-8】 咪咕体育的微博视频 ,1/26/2023,85,5,4,"林诗栋蒯曼多哈站夺冠,林诗栋蒯曼3比2向鹏钱天一,WTT支线赛多哈站2023",
2,6,0,1,1,��️#2023年印尼羽毛球大师赛# 第三日赛况：@_王祉怡_ 21-12、21-16 米娅@王懿律enzo @杜玥yy 21-18、22-20 范德拉克/吉尔任翔宇@_Rxyxy @谭强916 14-21、14-21 菲克里/毛拉纳#印尼500赛王懿律杜玥进八强##印尼500赛王祉怡进八强# ,1/26/2023,18,0,1,"2023年印尼羽毛球大师赛,印尼500赛王懿律杜玥进八强,印尼500赛王祉怡进八强",
2,6,0,1,1,��️#2023年印尼羽毛球大师赛# 第三日赛况：@韩_悦 21-15、21-7 内维尔@刘雨辰1961 @欧烜屹 19-21、21-8、11-6 吉迪恩/苏卡穆约 （退赛）🆚#印尼500赛欧烜屹刘雨辰进八强##印尼500赛韩悦晋级八强# ,1/26/2023,22,0,0,"2023年印尼羽毛球大师赛,印尼500赛欧烜屹刘雨辰进八强,印尼500赛韩悦晋级八强",
2,6,0,1,1,#印尼500赛谭宁夏玉婷进八强# #印尼500赛刘圣书张殊贤进八强#🏸️#2023年印尼羽毛球大师赛# 第三日🔥🆚谭宁/夏玉婷21-11、18-21、21-17杨雅婷/杨霈霖，2-1击败对手，挺进八强！ 🌟刘圣书/张殊贤21-11、21-12松山奈未/志田千阳，直落两局击败对手，同样进入八强！ ,1/26/2023,16,1,0,"印尼500赛谭宁夏玉婷进八强,印尼500赛刘圣书张殊贤进八强,2023年印尼羽毛球大师赛",
2,7,0,1,1,��#林诗栋蒯曼3比1林兆恒杜凯琹# 🏓️#WTT支线赛多哈站2023# 混双1/4：@林詩棟y /蒯曼@kuaiman0207 3-1林兆恒/@杜凱琹 【11-8/11-6/12-14/11-7】 #看WTT上咪咕# 咪咕体育的微博视频 ,1/25/2023,10,2,0,"林诗栋蒯曼3比1林兆恒杜凯琹,WTT支线赛多哈站2023,看WTT上咪咕",
2,14,0,1,6,『新年头里，身板活络展宏“兔”。新年头里，“兔”飞猛进步步高。这次过年回家，和亲朋欢聚吃喝的同时，上海小宁阿飞提醒您，千万不要忘记锻炼呀！』古逸飞【活力】#比特数智人好运卡#，一起焕发美好生活元动力！咪咕体育的微博视频 ,1/25/2023,7,0,0,比特数智人好运卡,
2,6,0,1,1,#印尼500赛蒋振邦魏雅欣进次轮#🏸#2023年印尼羽毛球大师赛#@蒋振邦JZzzB @曼妥思阿丫丫 21-13、17-21、21-16，战胜徐承宰/蔡侑玎挺进次轮 ,1/25/2023,19,0,0,"印尼500赛蒋振邦魏雅欣进次轮,2023年印尼羽毛球大师赛",
2,7,0,1,1,��️#WTT支线赛多哈站2023#1月25日重点赛程👇（北京时间）15:00 混双1/4：@林詩棟y /蒯曼@kuaiman0207 vs林兆恒/@杜凱琹 15:00 混双1/4：@向小鹏- /@钱天一321 vs@何钧杰anson /@朱成竹_zenobia 15:00 混双1/4：@袁励岑a /@Z张瑞Z vs郭勇/舒麟茜15:35 女双1/4：张瑞/蒯曼vs李凯敏/吴咏琳15:35 女双1/4：钱天一/@石洵瑶w vs江芷林/黄凯彤15:35 女双1/4：@L炜珊Ss /@范思琦rice vs维格辛姐妹16:10 男双1/4：向鹏/袁励岑vs沙姆斯/侯赛尼16:10 男双1/4：林诗栋/@陈垣宇cyy vs巴德/诺德雷斯特16:45 女单R16：蒯曼vs施莱纳16:45 女单R16：钱天一vs扎哈里亚16:45 女单R16：陈熠vs刘炜珊17:20 女单R16：石洵瑶vs阿尔霍达比17:20 女单R16：张瑞vs奥拉万17:20 女单R16：@小胖子何卓佳 vs@Q齐菲 17:20 女单R16：范思琦vs朱成竹17:55 男单R16：@周恺_KG vs阿萨尔17:55 男单R16：@Unique小周同志 vs阿凡纳多尔17:55 男单R16：@徐海东乒乓 vs@梁俨苧 18:30 男单R16：向鹏vs姜东秀18:30 男单R16：袁励岑vs赵胜敏18:30 男单R16：林诗栋vs@徐瑛彬bin 19:05 混双半决赛21:00 女双半决赛21:35 男双半决赛22:10/22:45 女单1/4决赛23:20/23:55 男单1/4决赛📺@咪咕视频 全程直播本站赛事，欢迎收看👏#看WTT上咪咕#,1/25/2023,6,0,0,"WTT支线赛多哈站2023,看WTT上咪咕",
2,6,0,1,1,#印尼500赛王懿律杜玥进次轮#🏸#2023年印尼羽毛球大师赛#@王懿律enzo @杜玥yy 27-25、21-18 林德曼/吴宛菱顺利晋级下一轮对阵：范德拉克/吉尔🆚邱凯翔/珍妮之间的胜者 ,1/25/2023,10,0,0,"印尼500赛王懿律杜玥进次轮,2023年印尼羽毛球大师赛",
2,7,0,1,6,��乒乓队员原来都是喜剧人！📺1月29日起@咪咕视频 每周三、周日更新《旋转吧！乒乓》，队员们场下也能“神仙打架”，碰撞出不一样的火花呢#旋转吧乒乓##看WTT上咪咕# ,1/25/2023,3388,393,1404,"旋转吧乒乓,看WTT上咪咕",
2,14,0,3,6,大年初四迎灶神！吃火锅喝奶茶，糖葫芦和汉堡也不能少~#比特数智人好运卡# ,1/25/2023,5,0,1,比特数智人好运卡,
2,14,0,3,4,[2023]『心中有目标，不断实现梦想，快乐源于成就。心中有生活，赋予自己能量，快乐自有感受。心中有未来，举杯遥祝明月，快乐新岁启封。』王小濛【快乐】#比特数智人好运卡#，新年所求皆喜乐，欢愉更胜意！ 咪咕体育的微博视频 ,1/24/2023,23,3,0,比特数智人好运卡,
2,14,0,3,4,一顶看似简单的帽子，深藏着阿拉伯传统编织的精巧，更是阿尔图玛玛球场的灵感来源~#纪录片遇见卡塔尔# 第二集——遇见文明CCTV-9今晚19:00精彩继续！@咪咕视频 20:00播出，转发中各抽取1位送出由卡塔尔旅游局@卡塔尔旅游资讯 提供的定制款笔记本，评论中抽出1位送出由@卡塔尔航空公司 提供的世界杯限定款咖啡杯，周日开奖～@CCTV纪录 @卡塔尔驻华大使馆 抽奖详情,1/24/2023,14,30,29,纪录片遇见卡塔尔,
2,12,0,2,1,#暴雪国服游戏停服# 1月23日下午，网易发布公告，正式宣告暴雪游戏停服。公告显示，2023年1月24日0时，由网之易代理的《魔兽世界》、《炉石传说》、《守望先锋》、《暗黑破坏神Ⅲ》、《魔兽争霸Ⅲ：重制版》、《风暴英雄》、《星际争霸》系列产品，在中国大陆市场的所有运营将正式终止。大家来聊聊14年来，你与暴雪游戏的回忆吧视频来源 @夏一可死毒舌  #队友才是游戏的最高配置# #网易发布致暴雪国服玩家告别信# 咪咕电竞的微博视频,1/24/2023,14,4,2,"暴雪国服游戏停服,队友才是游戏的最高配置,网易发布致暴雪国服玩家告别信",
2,3,0,1,1,⚔️#澳网男女单八强对阵#🎾男单八强对阵卡恰诺夫🆚科达西西帕斯🆚莱赫卡卢布列夫🆚德约科维奇谢尔顿🆚保罗🎾女单八强对阵莱巴金娜🆚奥斯塔彭科佩古拉🆚阿扎伦卡卡·普利斯科娃🆚里内特萨巴伦卡🆚维基奇#澳网2023# #德约科维奇晋级澳网8强# ,1/23/2023,19,0,0,"澳网男女单八强对阵,澳网2023,德约科维奇晋级澳网8强",
2,13,0,2,4,#用街舞的方式打开年俗#你能猜对几个？快来说说你家乡的年俗，和#中国国家霹雳舞队# 一起花式迎兔年[团圆兔]咪咕体育的微博视频 ,1/23/2023,6,0,0,"用街舞的方式打开年俗,中国国家霹雳舞队",
2,1,0,2,4,��今晚20:00 在@咪咕视频 相约#纪录片遇见卡塔尔# ！🇶🇦第一集遇见转变今晚播出，从卢塞尔球场遇见海浪与沙漠碰撞出的国度！@CCTV纪录 @卡塔尔驻华大使馆 @卡塔尔旅游资讯 @卡塔尔航空公司 ,1/23/2023,545,263,190,纪录片遇见卡塔尔,
2,1,0,1,1,#巴萨男女足均获西超杯冠军# 🏆今晚进行的女足西班牙超级杯，巴萨女足最终3-0击败皇家社会女足，成功卫冕西超杯冠军！此前巴萨男足在西超杯决赛3-1击败皇马，本赛季巴萨男女足均问鼎这项赛事冠军！#体坛花式贺新春#  #看足球上咪咕# ,1/22/2023,20,0,1,"巴萨男女足均获西超杯冠军,体坛花式贺新春,看足球上咪咕",
2,13,0,1,4,[努力]跟中国力量一起越战越勇！#UFC中国军团集体拜年#👊@张伟丽MMA 、@拳天下李景亮 、@宋亚东-KungfuMonkey 、@UFC苏木达尔基 、@UFC选手闫晓楠 、@MMA宋克南 、@MMA张名扬 、@金刚狼沙依兰 、@阿拉腾黑力 、@傲日其楞MMA 、@MMA梁娜 、马合沙特，UFC中国军团给您拜年啦！🧧各位2023年一起加油 #体坛花式贺新春# UFC终极格斗冠军赛的微博视频,1/22/2023,19,2,2,"UFC中国军团集体拜年,体坛花式贺新春",
2,5,0,1,4,[2023]喜迎新春！#中国田径队拜年啦#[鞭炮声声]红红火火过大年！在这美丽祥和的日子里，仍在各地集训的中国田径队的运动员、教练员们给全国人民拜年啦！#体坛花式贺新春##一人一句新春祝福#新华社的微博视频 ,1/22/2023,14,1,0,"中国田径队拜年啦,体坛花式贺新春,一人一句新春祝福",
2,6,0,1,1,#印度赛黄鸭组合获亚军#   🏸️印度羽毛球公开赛中王懿律/黄东萍组合退赛🥈最终黄鸭组合获得亚军🏆渡边勇大/东野有纱组合获得冠军#印度赛黄鸭组合退赛##2023年印度羽毛球公开赛# ,1/22/2023,18,2,1,"印度赛黄鸭组合获亚军,印度赛黄鸭组合退赛,2023年印度羽毛球公开赛",
2,14,0,3,4,��大年初一拜大年！Meet TU的对联你收到了吗~#比特数智人好运卡# ,1/22/2023,14,0,0,比特数智人好运卡,
2,14,0,1,4,#属兔的体育明星# 📅原来这些体育明星都是属兔啊！🐰本命年来了！🏠还有属兔的朋友们吗？评论区集合！#兔年立个flag# 咪咕体育的微博视频 ,1/22/2023,34,4,0,"属兔的体育明星,兔年立个flag",
2,14,0,1,4,#属兔的体育明星# ╭🏮  “兔” Be No.1  🏮╮         ⭐️兔年巨星📷缤纷璀璨⭐️ 🐰追求卓越🏆大展宏兔🐰╰ 🎞️兔年观赛上咪咕🎞️ ╯#兔年立个flag# 网页链接 咪咕体育的微博视频 ,1/22/2023,8,1,1,"属兔的体育明星,兔年立个flag",
2,7,0,1,1,��#国乒多哈站四冠收官# 男单：@雨果·卡尔德拉诺 男双：于子洋@Yuuu_ziyang /@周恺_KG 3比1 女单：@范思琦rice 女双：@Z张瑞Z /蒯曼@kuaiman0207 混双：@林詩棟y /蒯曼#于子洋周恺多哈站夺冠##张瑞蒯曼多哈站女双夺冠# ,1/21/2023,54,2,2,"国乒多哈站四冠收官,于子洋周恺多哈站夺冠,张瑞蒯曼多哈站女双夺冠",
2,11,0,1,4,[2023]#冬奥冠军登上春晚舞台#三位冬奥冠军春晚首秀，大家觉得如何？#体坛花式贺新春# #春晚#  网页链接 ,1/21/2023,448,3,1,"冬奥冠军登上春晚舞台,体坛花式贺新春,春晚",
2,11,0,1,4,#冬奥冠军登上春晚舞台# @岳云鹏 @胖子孙越 的相声笑料不断，冬奥冠军@徐梦桃 @武大靖 @高亭宇 在台下也笑得不行。#体坛花式贺新春##春晚# ,1/21/2023,59,5,4,"冬奥冠军登上春晚舞台,体坛花式贺新春,春晚",
2,11,0,1,4,[大吉大利]#冬奥冠军登上春晚舞台#@徐梦桃 @武大靖 @高亭宇 三位冬奥冠军与演艺明星唱响开场曲《花开种花家》运动健儿的歌唱水平太赞了，开场节目很精彩！#体坛花式贺新春# #春晚#咪咕体育的微博视频 ,1/21/2023,128,6,9,"冬奥冠军登上春晚舞台,体坛花式贺新春,春晚",
2,11,0,1,4,[大吉大利]#冬奥冠军登上春晚舞台#崭新的赛场，同样的出色！@徐梦桃 @武大靖 @高亭宇 三位冬奥冠军与演艺明星一起唱响开场曲！大家觉得怎么样？#体坛花式贺新春# #春晚# ,1/21/2023,63,3,2,"冬奥冠军登上春晚舞台,体坛花式贺新春,春晚",
2,6,0,1,1,��️#印度赛雅思组合无缘决赛#🆚@郑思维--- @黄雅琼--- 18-21、21-18、14-21 渡边勇大/东野有纱🏆混双决赛：渡边勇大/东野有纱 vs 王懿律/黄东萍#2023年印度羽毛球公开赛# ,1/21/2023,15,3,0,"印度赛雅思组合无缘决赛,2023年印度羽毛球公开赛",
2,14,0,3,4,『再来一瓶是好运；顺利上岸是好运；阖家团圆是好运。兔年来临，能够陪伴大家过新年也是Meet Tu的好运！』Meet Tu【好运】#比特数智人好运卡#，一起接收兔年好运，赓续华章，兔转乾坤！ 咪咕体育的微博视频 ,1/21/2023,6,0,1,比特数智人好运卡,
2,13,0,2,4,『2022年是忙碌的一年，络络先后经历了冬奥会、街舞联赛和世界杯的大赛洗礼，收获满满。兔年春节马上到来了，络络祝愿陪伴自己的所有橙汁儿们阖家团圆，家和万事兴。2023年我们一起向着元宇宙出发。』橙络络【灵感】#比特数智人好运卡#，灵感小灯泡爆发~ 咪咕体育的微博视频 ,1/21/2023,1,0,0,比特数智人好运卡,
2,14,0,3,6,��兔年群星齐贺岁🧨新春盛宴万户福💕你心仪哪只兔子？🎞️#兔年观赛上咪咕 咪咕体育的微博视频 ,1/21/2023,8,0,0,,
2,14,0,3,6,萌兔Meet TU的好运、阿飞的活力、小希的团圆、麟犀的青春......你最想获得哪种“比特能量”？#比特数智人好运卡# 咪咕体育的微博视频 ,1/21/2023,1,0,0,比特数智人好运卡,
2,13,0,1,4,辞 | 2022UFC中国力量全面绽放岁 | 🎙 咪咕沉浸式观赛升级迎 | [福] 2023继续“兔”破极限新 | 👊 #看UFC上咪咕# 网页链接 ,1/21/2023,9,0,0,看UFC上咪咕,
2,14,0,3,4,╭🏮╮🐯寅虎辞旧岁✨┆ 除┆🧣 卯兔踏春来🐇┆ 夕┆💗#全民热练移起开练# ╰🏮╯网页链接 ,1/21/2023,5,0,0,全民热练移起开练,
2,14,0,3,2,过去的日子里，我们惦念着家人的安康，却不让他们察觉我们的劳碌；我们牵念着远方的爱人，却怕打扰他们的工作；我们“损”着好友的日常，却憧憬着下一次的同游。而在团圆的季节里，我们终于踏上回家的路，与想见的人相见。新年不做Poker Face，时来运转Meet “TU”U。脱下“扑克脸”，勇敢表达勇敢爱。@尤子希 @古逸飞#比特数智人好运卡#送到手，萌兔“比特能量”新年好运“TU”U！ 咪咕体育的微博视频,1/21/2023,2,0,0,比特数智人好运卡,
2,14,0,3,6,[2023]新年“觅兔”，福到“元”来！又是一年过去，比特数智人给大家拜年啦！有好多好多的祝福想要送出，助力大家开启全新的一年！那么悄悄告诉大家，我们的神秘#比特数智人好运卡#将启动派发，敬请期待~ ,1/21/2023,7,0,0,比特数智人好运卡,
2,14,0,2,4,金虎辞旧，玉兔迎新🌟赛事云集，众星齐聚[庆祝]咪咕视频给您拜年啦！🔥精彩赛事不间断👀兔年看球上咪咕网页链接 咪咕体育的微博视频 ,1/21/2023,8,0,0,,
2,13,0,2,4,#体坛花式贺新春# [团圆兔]春节到！贺新春！咪咕足球为大家带来一波春节福利！除夕至初六，每天上午9点开始，都有丰富的礼品抽奖相送！🎁🎉「第一波来了！」🎉⚽️春节期间，足球赛事不停！转发+评论【我要看球赛】至本条微博，我们将在转发和评论中各抽取10名用户，送出咪咕足球全通包月各1张！该奖今晚6点就开！开完立即为您私信下发会员，请中奖用户注意查收！⚠️🎁另外还为大家准备了以下奖项～一等奖：世界杯球衣，共3名二等奖：世界杯足球，共3名三等奖：世界杯吉祥物，共1名只需要转发本条微博，即视为参与抽奖活动～！初七开工日开奖！⚠️「补充：为防止抽奖号套奖，除足球会员外，所有实物抽奖活动仅限本账号【铁粉】参与，成为【铁粉】只需要本周内参与3天本账号任意一条微博互动即可拥有。」⚽️今晚20:30英超上演强强对话#利物浦vs切尔西# ，我们一起#看足球上咪咕# ，不见不散！英超别样的红与蓝：利物浦切尔西歇交锋永不停歇  抽奖详情,1/21/2023,77,115,92,"体坛花式贺新春,利物浦vs切尔西,看足球上咪咕",
2,7,0,1,1,��恭喜！#林诗栋蒯曼多哈站混双夺冠#🏓️混双决赛：@林詩棟y /蒯曼@kuaiman0207 3-0林钟勋/申裕斌【11-4，11-7，11-7】#林诗栋蒯曼3比0林钟勋申裕斌#恭喜林诗栋/蒯曼夺得#WTT常规挑战赛多哈站2023#混双冠军 ,1/21/2023,114,5,5,"林诗栋蒯曼多哈站混双夺冠,林诗栋蒯曼3比0林钟勋申裕斌,WTT常规挑战赛多哈站2023",
2,14,0,2,4,��一键收藏！《咪咕体育#兔年春节观赛指南#》来咯！📺打开@咪咕视频 ，一起辞旧迎新！🐰五大联赛风云“兔”变！强强对话精彩不停！⚡️“天王盖地虎 都在大咪咕！”✅锁定咪咕视频，各大精彩赛事陪您一起过大年！ 咪咕体育的微博视频 ,1/20/2023,3,4,2,兔年春节观赛指南,
2,11,0,1,4,以全力赴未来！#武大靖徐梦桃高亭宇登春晚舞台# 🎙️@春晚 节目单官宣，三位冬奥冠军@武大靖 、@徐梦桃 和@高亭宇 将在开场节目《花开种花家》中登场！一起跟随视频再来欣赏一下梦桃的《我是第一》！“跨越自己，你我才精彩”！期待体育健儿们舞台上的表现，相信会和赛场上一样精彩~ 咪咕音乐的微博视频,1/20/2023,17,2,0,武大靖徐梦桃高亭宇登春晚舞台,
2,11,0,1,4,期待！#武大靖徐梦桃高亭宇登春晚舞台# 🎙️@春晚 节目单官宣，三位冬奥冠军@武大靖 、@徐梦桃 和@高亭宇 将在开场节目《花开种花家》中登场！你期待吗？  ,1/20/2023,58,6,2,武大靖徐梦桃高亭宇登春晚舞台,
2,6,0,1,1,#印度赛雅思组合逆转进四强#  🏸️#2023年印度羽毛球公开赛# ，@郑思维--- @黄雅琼--- 14-21、21-15、21-12 吉奎尔/德尔吕  🔎半决赛对阵：徐承宰/蔡侑玎 vs 渡边勇大/东野有纱 ,1/20/2023,65,6,3,"印度赛雅思组合逆转进四强,2023年印度羽毛球公开赛",
2,14,0,3,6,#抓瑞兔阅福气# [贴贴兔]新年就要大展宏“兔”，抓只兔子守护你，好运护体迎福年#2023新年书适# 网页链接 ,1/20/2023,4,0,1,"抓瑞兔阅福气,2023新年书适",
2,13,0,2,4,#2024冬青奥会公布吉祥物# 组委会日前公布了2024年韩国江原道冬青奥会的吉祥物和主题歌、主题舞蹈吉祥物名为Moongcho（萌吉奥），原型是一个雪球。名字来源于韩国单词“Moongchida”，意思是汇集各种思想和力量#冬青奥会# 奥林匹克运动会的微博视频 ,1/20/2023,14,2,0,"2024冬青奥会公布吉祥物,冬青奥会",
2,14,0,1,4,#体坛群星登门拜年# 说说2023年你最期待的一项体育赛事，期待运动员们都取得理想的成绩#体坛花式贺新船# 网页链接 ,1/20/2023,2598,38,11,"体坛群星登门拜年,体坛花式贺新船",
2,14,0,1,4,��#体坛群星登门拜年# 值此新春佳节到来之际，请接收这一份来自体坛群星们的春节祝福，兔年大吉，万事如意[兔兔拜年]同时也祝运动员们新一年身体健康，取得理想的成绩 #体坛花式贺新春# ,1/20/2023,223,29,10,"体坛群星登门拜年,体坛花式贺新春",
2,14,0,1,4,��#体坛群星登门拜年# 瑞兔迎春！值此新春佳节之际，体坛群星们给您拜年啦，祝大家新一年“兔”飞猛进，前“兔”似锦，事事顺心，大吉大利[大吉大利]#体坛花式贺新春# 咪咕体育的微博视频 ,1/20/2023,524,30,24,"体坛群星登门拜年,体坛花式贺新春",
2,13,0,1,6,#看UFC上咪咕# 新 | 🏮1月22日 大年初一 年 | 🏆#UFC283# 两场冠军战大 | 📱咪咕视频独家直播战 | 更有会员新春好礼网页链接 ,1/20/2023,2,0,0,"看UFC上咪咕,UFC283",
2,11,0,1,1,#大冬会短道速滑1500米中国全晋级# 普莱西德湖大冬会短道速滑今日开战，率先进行的男子、女子1500米预赛中，6位出战的中国选手全部晋级半决赛 女子1500米贾惠凌：2:47.368小组第一王艺潮：2:50.640小组第二郝卫莹：2:37.936小组第二男子1500米朱祎玎：2:25.110小组第一王昊：2:16.981小组第三李昌益：2:20.684小组第二#大冬会# 咪咕体育的微博视频,1/20/2023,17,1,3,"大冬会短道速滑1500米中国全晋级,大冬会",
2,7,0,1,1,#林诗栋蒯曼3比0匈牙利组合#🏓️#WTT常规挑战赛多哈站2023#混双1/4，@林詩棟y /蒯曼@kuaiman0207 3比0战胜埃克塞奇/马达拉萨(匈牙利)🎙️三局比分：13-11，11-7，11-6#看WTT上咪咕# 咪咕体育的微博视频 ,1/19/2023,25,0,1,"林诗栋蒯曼3比0匈牙利组合,WTT常规挑战赛多哈站2023,看WTT上咪咕",
2,7,0,1,1,#WTT常规挑战赛多哈站2023# 今日赛程15:00混双1/4：@林詩棟y /蒯曼@kuaiman0207 vs埃克塞奇/马达拉萨15:35女单R16：@钱天一321 vs考夫曼16:10女双1/4：@Z张瑞Z /蒯曼vs杜凯琹/朱成竹16:10男双1/4：@向小鹏- /@袁励岑a vs斯祖迪/埃克塞奇16:45男单R16：周启豪@Unique小周同志 vs弗雷塔斯16:45男双1/4：于子洋@Yuuu_ziyang /@周恺_KG vs@黃鎮廷0907 /@何钧杰anson 17:20 男单R16：林诗栋vs赵胜敏19:00 女单R16：蒯曼vs@范思琦rice 20:10 女单R16：陈熠vs马达拉萨20:10 男单R16：袁励岑vs普卡20:45 女单R16：张瑞vs@田志希_小酷 23:35 女单R16：@L炜珊Ss vs萨马拉次日0:45 男单R16：向鹏vs阿昌塔次日1:20 混双半决赛 锁定@咪咕视频 ，一起为国乒加油助威,1/19/2023,11,3,0,WTT常规挑战赛多哈站2023,
2,11,0,1,1,#中国短道速滑队大冬会分组#女子1500米：贾惠凌1组，王艺潮3组，郝卫莹5组男子1500米：李昌益1组，朱祎玎2组，王昊4组混合接力：中国队1组，同组对手是日本和哈萨克斯坦中国大学生短道速滑队昨日进行赛前训练，重点练习了起跑发令和接力交接环节。大冬会短道速滑比赛将于1月20日5点开战，一起为中国队加油#大冬会#,1/19/2023,38,7,0,"中国短道速滑队大冬会分组,大冬会",
2,6,0,1,1,[看涨]#印度赛雅思组合进八强# 从虎虎生威到“兔”飞猛进#2023年印度羽毛球公开赛# 第二轮，@郑思维--- /@黄雅琼--- 21-16、21-9轻取库沙扬托/库苏马瓦蒂，晋级1/4决赛的同时豪取跨年22连胜#雅思组合跨年22连胜# ,1/19/2023,32,5,0,"印度赛雅思组合进八强,2023年印度羽毛球公开赛,雅思组合跨年22连胜",
2,6,0,1,1,��️#印度赛雅思组合进次轮#@郑思维--- @黄雅琼--- 21-11 21-7吴顺发/赖洁敏雅思组合轻松击败对手，晋级下一轮。#2023年印度羽毛球公开赛# ,1/18/2023,30,1,0,"印度赛雅思组合进次轮,2023年印度羽毛球公开赛",
2,7,0,1,1,��晋级八强！#林诗栋蒯曼3比0莱贝松袁嘉楠# 🏓️#WTT常规挑战赛多哈站2023# 混双1/8，@林詩棟y /蒯曼@kuaiman0207 3比0 莱贝松/@袁嘉楠 ，三局比分：11-7/11-7/11-5。#看WTT上咪咕# 咪咕体育的微博视频 ,1/18/2023,47,15,27,"林诗栋蒯曼3比0莱贝松袁嘉楠,WTT常规挑战赛多哈站2023,看WTT上咪咕",
2,3,0,1,1,#澳网2023# 今日中国军团赛程@王欣瑜Tennis vs凯斯@朱琳Miss_tough vs泰希曼@郑钦文Ana vs佩拉@Tennis张帅 vs提格 @商竣程 vs蒂亚福一起为中国选手加油 ,1/18/2023,22,5,1,澳网2023,
2,3,0,1,1,#澳网2023#中国军团今日赛程@Tennis张帅 [23] vs 提格@王曦雨WXY vs 卡·普利斯科娃@张之臻 vs 谢尔顿 在首日比赛中中国军团4人晋级，@商竣程 3-1战胜奥特创造历史，@郑钦文Ana 连赢11局轻取加尔菲，@朱琳Miss_tough 携手@王欣瑜Tennis 一同晋级第2轮#三位中国选手出战澳网第二日比赛# ,1/17/2023,17,3,1,"澳网2023,三位中国选手出战澳网第二日比赛",
2,13,0,2,4,▰▰▰🤸🏼♂️热练健身房Week4▰▰▰  [炸弹]轰炸脂肪✨快乐律动🎵📅每周一至周五✮晚19:30⏰📱#全民热练移起开练#🏃🏻♀️网页链接 ,1/16/2023,0,0,0,全民热练移起开练,
2,3,0,1,1,加油#六位中国选手出战澳网首日比赛#🎾#澳网2023#将于1月16日至1月30日在墨尔本举行，在首日比赛中将有六位中国选手登场出战，他们是：@Y袁悦Y 、@商竣程 、@吴易昺 、@郑钦文Ana 、@朱琳Miss_tough 、@王欣瑜Tennis@王曦雨WXY 、@张之臻  、@Tennis张帅 将在第二比赛日登场#郑赛赛因伤退出2023澳网#,1/15/2023,11,1,3,"六位中国选手出战澳网首日比赛,澳网2023,郑赛赛因伤退出2023澳网",
2,7,0,1,1,#倪夏莲安利混双搭档#🗨️@乒乓倪夏莲 发文向大家安利混双搭档卢卡，多高大的帅小伙子，他在中国已经出名了卢卡：和夏莲一起打球质量总是很高，我们练习了很多打法#倪奶奶的乒乓日记##倪夏莲# 乒乓倪夏莲的微博视频 ,1/15/2023,32,2,1,"倪夏莲安利混双搭档,倪奶奶的乒乓日记,倪夏莲",
2,6,0,1,1,��️#2023年马来西亚公开赛#混双决赛@郑思维--- /@黄雅琼--- 21-19 21-11 渡边勇大/东野有纱，在大马公开赛连续四年夺冠，这也是雅思组合的跨赛季20连胜！ #大马赛雅思组合四连冠##雅思组合跨赛季20连胜# @TEAMCHINA中国国家队 ,1/15/2023,125,11,8,"2023年马来西亚公开赛,大马赛雅思组合四连冠,雅思组合跨赛季20连胜",
2,6,0,1,1,��️#国羽挺进男双女双混双三项决赛#📅1月15日决赛13点开赛，#大马赛国羽进三项决赛#1、@郑思维--- @黄雅琼--- 🇨🇳 vs 渡边勇大/东野有纱（11-3）2、@陈小白BAOBAO /@贾一凡_F 🇨🇳 vs 白荷娜/李幽林（1-1）3、山口茜 vs 安洗莹（9-5）4、奈良岡功大 vs 安赛龙（0-3）5、@梁伟铿K /@V王昶V 🇨🇳 vs 阿尔菲安/阿德里安托（1-1）【超清全场】梁伟铿/王昶 vs 兰基雷迪/谢提：小星星侃大山的微博视频,1/15/2023,10,0,0,"国羽挺进男双女双混双三项决赛,大马赛国羽进三项决赛",
2,7,0,1,1,��恭喜！#林诗栋蒯曼WTT混双夺冠# 🏓️WTT常规挑战赛德班站混双决赛，🇨🇳@林詩棟y /蒯曼@kuaiman0207  3比1 🇨🇳@薛飞0210 /@钱天一321  ，四局比分：11-7/6-11/11-6/11-7🆚#林诗栋蒯曼3比1薛飞钱天一##WTT常规挑战赛德班站# 咪咕体育的微博视频 ,1/15/2023,36,3,1,"林诗栋蒯曼WTT混双夺冠,林诗栋蒯曼3比1薛飞钱天一,WTT常规挑战赛德班站",
2,6,0,1,1,��️#大马赛雅思组合进决赛#@郑思维--- @黄雅琼--- 21-16、21-18 德扬/维德佳佳雅思组合直落两局击败对手，挺进决赛。他们将在决赛迎战渡边勇大/东野有纱。#2023年大马羽毛球公开赛#  ,1/14/2023,35,1,2,"大马赛雅思组合进决赛,2023年大马羽毛球公开赛",
2,7,0,1,1,真棒！#林诗栋蒯曼3比1弗朗西斯卡单晓娜# 🏓️WTT常规挑战赛德班站混双半决赛，@林詩棟y /蒯曼@kuaiman0207 🇨🇳3-1@Franziska小弗 /@单晓娜德国 🇩🇪【11-7，3-11，11-8，11-5】#国乒包揽WTT德班站混双冠亚军##WTT常规挑战赛德班站# 咪咕体育的微博视频 ,1/14/2023,90,4,3,"林诗栋蒯曼3比1弗朗西斯卡单晓娜,国乒包揽WTT德班站混双冠亚军,WTT常规挑战赛德班站",
2,7,0,1,1,��#薛飞钱天一3比1勒布伦帕瓦德# WTT常规挑战赛德班站混双半决赛，薛飞/@钱天一321 🇨🇳3-1 F勒布伦/帕瓦德🇫🇷【11-6，11-4，10-12，11-5】#国乒包揽WTT德班站混双冠亚军##WTT常规挑战赛德班站# 咪咕体育的微博视频 ,1/14/2023,14,0,2,"薛飞钱天一3比1勒布伦帕瓦德,国乒包揽WTT德班站混双冠亚军,WTT常规挑战赛德班站",
2,7,0,1,1,顺利晋级！#张瑞蒯曼3比0莫雷特库库洛娃# 🏓️#WTT常规挑战赛德班站# 女双1/4决赛，@Z张瑞Z /蒯曼@kuaiman0207 3比0莫雷特/库库洛娃，晋级女双四强，三局比分为：11-4/11-5/11-4。📺#看WTT上咪咕# 咪咕体育的微博视频 ,1/14/2023,27,1,0,"张瑞蒯曼3比0莫雷特库库洛娃,WTT常规挑战赛德班站,看WTT上咪咕",
2,5,0,1,4,#苏炳添任田协副主席##巩立姣任田协副主席# 中国田径协会第十届代表大会一次会议在京举行，按照民政部及国家体育总局关于换届工作的相关要求，会议选举产生了协会第十届负责人和执委会，其中@苏炳添 和@巩立姣 出任田协副主席职务。  ,1/13/2023,149,10,8,"苏炳添任田协副主席,巩立姣任田协副主席",
2,7,0,1,1,#林诗栋蒯曼3比1泽林卡库库洛娃#🏓#WTT常规挑战赛德班站#混双1/4决赛，@林詩棟y /蒯曼@kuaiman0207 3-1战胜泽林卡/库库洛娃（7-11、11-6、11-3、11-7） 咪咕乒乓球的微博视频 ,1/13/2023,24,0,0,"林诗栋蒯曼3比1泽林卡库库洛娃,WTT常规挑战赛德班站",
2,7,0,1,1,好样的！#薛飞钱天一3比0科吉尔玛凡迪#🏓️#WTT常规挑战赛德班站#混双1/4，@薛飞0210 /@钱天一321 3比0战胜科吉尔/玛凡迪(南非)三局比分：11-9、11-2、11-3#看WTT上咪咕#   咪咕体育的微博视频 ,1/13/2023,21,0,0,"薛飞钱天一3比0科吉尔玛凡迪,WTT常规挑战赛德班站,看WTT上咪咕",
2,11,0,1,4,#2023大冬会开幕式# 2023年大冬会举行开幕式，中国代表团登场普莱西德湖大冬会是北京冬奥会成功举办后我国参加的首个综合性冬季运动会，中国代表队将参加短道速滑、女子冰壶、单板滑雪3个大项11个小项的比赛#大冬会# FISU国际大体联的微博视频 ,1/13/2023,31,2,1,"2023大冬会开幕式,大冬会",
2,6,0,1,1,#大马赛雅思组合进八强# 连得11分拿下！  🏸️#2023年大马羽毛球公开赛# ，@郑思维--- @黄雅琼--- 21-16、21-10 吴顺发/赖洁敏  🔎8进4：郑思维/黄雅琼 vs 吉奎尔/德尔吕 ,1/12/2023,47,1,1,"大马赛雅思组合进八强,2023年大马羽毛球公开赛",
2,6,0,1,1,一键转发收藏📖#WTT常规挑战赛德班站#1月12日赛程(北京时间)：16:00 混双R16：@薛飞0210 /@钱天一321 vs@邱党DangQiu /米特兰姆(德国)16:35 混双R16：@林詩棟y /蒯曼@kuaiman0207 vs林格维尔德特/爱德华兹(南非)17:10 女单R32：@Z张瑞Z vs芦茨(法国)17:45 男单R32：薛飞vs雅尔维斯(英格兰)17:45 男单R32：@梁俨苧 vs罗兰德(法国)20:00 男单R32：@徐瑛彬bin vs格罗德(卢森堡)20:00 女双R16：张瑞/蒯曼vs诺米多/莫克利(南非)20:35 男单R32：@孙闻William vs@阿鲁纳Aruna (尼日利亚)20:35 男单R32：林诗栋vs高承睿(中国台北)21:10 女单R32：@L炜珊Ss vs巴拉佐娃(斯洛伐克)21:10 男双R16：梁俨苧/薛飞vs黄彦诚/YANG Tzu-Yi(中国台北)22:20 男单R32：@陈垣宇cyy vs@Franziska小弗 (德国)22:20 女单R32：@范思琦rice vs帕瓦德(法国)24:00 女单R32：蒯曼vs卡玛斯(印度)次日0:35 女双R16：钱天一/@石洵瑶w vs卡拉姆/爱德华兹(南非)次日1:10 女双R16：刘炜珊/范思琦vs米特兰姆/单晓娜(德国)次日1:45 男双R16：陈垣宇/林诗栋vs纳特霍/柯吉尔(南非)次日2:20 女单R32：钱天一vs阿尔迪恩卡雅(土耳其)次日2:20 女单R32：陈熠vs库库尔科娃(斯洛伐克)#薛飞钱天一3比1邱党米特兰姆##看wtt上咪咕#,1/12/2023,2,1,0,"WTT常规挑战赛德班站,薛飞钱天一3比1邱党米特兰姆,看wtt上咪咕",
2,6,0,1,1,��️#林诗栋蒯曼3比0南非组合# #WTT常规挑战赛德班站#混双1/8决赛，@林詩棟y /蒯曼@kuaiman0207 3比0轻取南非组合林格维尔特/爱德华兹，晋级混双8强，三局比分11-3/11-2/11-3。#薛飞钱天一3比1邱党米特兰姆# 咪咕乒乓球的微博视频 ,1/12/2023,27,2,1,"林诗栋蒯曼3比0南非组合,WTT常规挑战赛德班站,薛飞钱天一3比1邱党米特兰姆",
2,6,0,1,1,#薛飞钱天一3比1邱党米特兰姆#🏓️#WTT常规挑战赛德班站#混双R16 ，@薛飞0210 /@钱天一321 3比1战胜 @邱党DangQiu /米特兰姆(德国)四局比分：11-7、6-11、11-4、11-6#看WTT上咪咕# 咪咕体育的微博视频 ,1/12/2023,39,3,0,"薛飞钱天一3比1邱党米特兰姆,WTT常规挑战赛德班站,看WTT上咪咕",
2,11,0,2,1,#当滑冰遇上绝美风景# 宛如仙境~湛蓝的天空，如镜子般的冰面，这一切感觉是那么的不真实奥林匹克运动会的微博视频 ,1/12/2023,43,0,6,当滑冰遇上绝美风景,
2,3,0,1,1,#2023澳网正赛签表##澳网2023# 抽签仪式结束，男女单打签表出炉中国球员首轮对阵情况：[23]张帅 VS 提格[29]郑钦文 VS 加尔菲王曦雨 VS 卡·普利斯科娃王欣瑜 VS 亨特朱琳 VS 马里诺袁悦 VS 萨卡里郑赛赛 VS 贝古张之臻 VS 本·谢尔顿吴易昺 VS 穆泰特#中国金花澳网首轮对阵# ,1/12/2023,9,2,2,"2023澳网正赛签表,澳网2023,中国金花澳网首轮对阵",
2,6,0,1,1,#大马赛雅思组合横扫进次轮# 光速下班，开年首胜！大马羽球公开赛首轮，@郑思维--- /@黄雅琼--- 21-8、21-14战胜杨博轩/胡绫芳，直落两局挺进次轮#2023年大马羽毛球公开赛# ,1/10/2023,38,5,1,"大马赛雅思组合横扫进次轮,2023年大马羽毛球公开赛",
2,6,0,1,1,#国羽打响新年首战# 2023世界羽联超级1000马来西亚公开赛今日大幕拉开，国羽打响新年首战10:00比赛开打，何冰娇、石宇奇、韩悦、雅思组合、黄鸭组合、凡晨组合将悉数出战#2023年大马羽毛球公开赛# ,1/10/2023,33,7,4,"国羽打响新年首战,2023年大马羽毛球公开赛",
2,7,0,1,1,#林高远王曼昱4比2林兆恒吴咏琳#🏓#德班世乒赛亚洲区预赛#混双小组赛，@Eric-林高远 /@王曼昱 4-2战胜林兆恒/吴咏琳，六局比分：9-11、11-7、11-6、11-2、10-12、11-3 咪咕体育的微博视频 ,1/9/2023,2643,168,64,"林高远王曼昱4比2林兆恒吴咏琳,德班世乒赛亚洲区预赛",
2,7,0,1,1,晋级混双8强！#王楚钦孙颖莎4比2冯耀恩王歆茹#🏓️#德班世乒赛亚洲区预赛# 混双小组赛A组， @王楚钦___ /@孙颖莎 4比2战胜冯耀恩/王歆茹(新加坡)，晋级混双8强！六局比分11-8、11-7、7-11、9-11、11-3、11-5。 ,1/9/2023,5243,303,223,"王楚钦孙颖莎4比2冯耀恩王歆茹,德班世乒赛亚洲区预赛",
2,7,0,1,1,#国乒双打今日出击# 激动的心颤抖的手！国乒双打组合齐亮相15:00起锁定@咪咕视频 ，一起为国乒加油助威#德班世乒赛亚洲区预赛# ,1/9/2023,393,49,3,"国乒双打今日出击,德班世乒赛亚洲区预赛",
2,14,0,2,1,��️「见证中国体育产业榜样的力量」过去一年，我们历经双奥之城北京绽放冬奥华彩；见证卡塔尔世界杯绿茵奇迹。咪咕体育在2022年完成全新品牌口号升级，以「美好生活元动力」为全新主张，不断夯实5G+全体育发展理念。我们已覆盖行业超30项大赛内容，全年运营赛事直播超8000场次。 感谢@体育大生意 在2022年第九届#体育大生意年度评选# 中授予@咪咕视频 最佳体育媒体、最佳体育APP。 2023，我们继续努力！🙌,1/7/2023,11,1,3,体育大生意年度评选,
2,14,0,3,6,#万妮达潘玮柏ICE主演新MV##去炫吧乐派# 本期解锁任务让谁大饱眼福了@張亞東 制作人兼职编剧和导演，乐派团全员@Vinida万妮达 @潘瑋柏 @艾福杰尼 @ICE杨长青 出演，全新演绎《走过咖啡屋》，好听又好看~咪咕视频的微博视频 ,1/7/2023,7,0,0,"万妮达潘玮柏ICE主演新MV,去炫吧乐派",
2,7,0,1,1,#世乒赛预选赛混双分组#第1组：@孙颖莎 /@王楚钦___ 第5组：@王曼昱 /@Eric-林高远 #世乒赛预选赛抽签##2023德班世乒赛亚洲预选赛# ,1/6/2023,186,16,5,"世乒赛预选赛混双分组,世乒赛预选赛抽签,2023德班世乒赛亚洲预选赛",
2,13,0,1,1,��新春佳节即将到来，一月份的国际赛事也将如火如荼的展开。从即日起，我们发起新春对联征集活动，由我们出上联，邀请各位球迷在评论区对出下联，让我们一起为国乒加油！📅活动时间：即日起-1月30日🎁评选规则/奖励：截止1月30日20:00，我们将选取微博评论区对对联者点赞数前3的用户，随机赠送国乒签名照一张。上联：乒乒乓乓除旧岁下联：_____________,1/6/2023,15007,1008,1842,,
2,14,0,1,6,#上元宇宙看京剧龙凤呈祥# 传统国粹赋新调，一场精彩绝伦的京剧盛宴即将上演！《龙凤呈祥》情节生动、场面宏大，还承载着吉祥喜庆的寓意，是人们逢年过节必点的合家欢式经典剧目。1月16日19:00 上咪咕视频，共赏经典京剧，一起云大戏过大年！ 咪咕视频的微博视频 ,1/6/2023,5,1,3,上元宇宙看京剧龙凤呈祥,
2,13,0,1,1,��<新>年新气象🧨<春>节观赛指南请查收🤲📱<快>登陆@咪咕视频🏓️<乐>享WTT赛事#国乒明日打响2023第一战# #看WTT上咪咕# 网页链接 ,1/6/2023,23,4,1,"国乒明日打响2023第一战,看WTT上咪咕",
2,11,0,1,8,#隋文静韩聪获年度体育人物# 《中国新闻周刊》评选出2022年度影响力人物，奥运冠军@Guile隋文静 、@Allen韩聪 当选年度体育人物葱桶组合此前还入围了花样滑冰年度颁奖礼三项评选：最有价值运动员、最佳服饰以及最具娱乐性节目#2023花样滑冰年度颁奖礼# Guile隋文静的微博视频 ,1/5/2023,57,8,1,"隋文静韩聪获年度体育人物,2023花样滑冰年度颁奖礼",
2,6,0,1,1,#国羽实战对抗备战新赛季# 作为上半年头等大事的苏迪曼杯，会拼尽全力去实现卫冕单打组要让更多年轻人参与比赛，增强集团竞争力；双打组会尝试新配对，探索更多优化可能性🏸️目前正在进行冬训的中国羽毛球队已安排多场实战对抗，进一步调整自身状态，寻找比赛感觉。本周末国羽出征马来西亚，开启2023年新赛季#国羽将全力卫冕苏迪曼杯#,1/5/2023,22,2,1,"国羽实战对抗备战新赛季,国羽将全力卫冕苏迪曼杯",
2,13,0,2,4,❄️﻿ ˃̶͈☃️˂̶͈ ²⁰²³/₀₁.₀₅ ﻿ ˃̶͈☃️˂̶͈ ❄️#小寒#料峭🎉盼雪迎春全民热练🏋🏻无惧严寒 🏻♀️#全民热练移起开练# 网页链接 ,1/5/2023,7,0,0,"小寒,全民热练移起开练",
2,13,0,1,1,#攀岩潜水赛事被列为高危险性体育赛事#国家体育总局发布公告，将6大类18小项赛事活动列入首批高危险性体育赛事活动目录6类分别是：潜水赛事活动、跳伞滑翔伞等航空相关赛事活动、山地越野等登山相关赛事活动、攀岩相关赛事活动、滑雪登山赛事活动、汽车摩托车相关赛事活动#高危险性体育赛事活动目录#,1/4/2023,14,3,3,"攀岩潜水赛事被列为高危险性体育赛事,高危险性体育赛事活动目录",
2,1,0,1,1,#王霜曾有机会加盟热刺# 在结束大巴黎的生涯后，她与热刺曾有机会牵手，但后来因为某些原因无疾而终。2022年的夏天，27岁的王霜选择加盟大联盟的路易斯维尔竞技，签约1年半，开启了自己的第三次留洋。这样的转会，一方面离不开足协的留洋政策支持，但更重要的是她个人的意愿与俱乐部的帮助。,1/3/2023,35,1,1,王霜曾有机会加盟热刺,
2,7,0,1,1,#樊振东孙颖莎世界第一开启2023#  男单：樊振东、马龙@captain龙 、@王楚钦___ 位居前三，梁靖崑第六，@Eric-林高远 第12女单：@孙颖莎 、@陈梦-乒乓球 、@王曼昱 、王艺迪@迪214 稳居前四，@陈幸同 排名第7男双：樊振东/王楚钦排名第3，林高远/梁靖崑第6女双：王曼昱/孙颖莎位居榜首#国际乒联第53周世界排名# #2023年国际乒联第一期世界排名#,1/3/2023,5885,324,350,"樊振东孙颖莎世界第一开启2023,国际乒联第53周世界排名,2023年国际乒联第一期世界排名",
2,13,0,1,1,��#2023年赛历出炉# 📅2023年体育赛事依旧精彩不断，女足世界杯、杭州亚运会、欧洲五大联赛、欧冠欧联杯、德班世乒赛、WTT系列赛事、排球国家联赛、短道速滑世锦赛，咪咕体育与您一同关注。#看足球上咪咕##看WTT上咪咕# 央视网体育的微博视频 ,1/2/2023,26,1,3,"2023年赛历出炉,看足球上咪咕,看WTT上咪咕",
2,14,0,2,4,再见了！#雪容融下线#2022年12月31日，雪容融正式宣布下线。2022的最后一夜，冰墩墩找到了虎墩墩和兔墩墩，一起陪伴即将告别的融宝。钟声敲响，人们在欢呼声中放飞气球，我们也和雪容融作别。再见了，雪容融，谢谢你带给我们的欢乐与温暖！#冰墩墩送别雪容融#  ,1/2/2023,200,7,11,"雪容融下线,冰墩墩送别雪容融",
2,13,0,2,4,▰▰❄️热练健身房Week❷▰▰🧚♀️燃脂塑形宝典先睹为快📅每周一至周五✮晚19:30🏃♀️全民热练移起开练网页链接 ,1/1/2023,4,0,0,,
2,6,0,1,4,[2023]#国羽元旦祝福#🏸@BWF世界羽联 发布中国羽毛球队元旦祝福，@陈雨菲_CYF 、@陆光祖1111 、@王懿律enzo 、@H黄东萍 、@陈小白BAOBAO 、@贾一凡_F 出镜#元旦快乐#BWF世界羽联的微博视频 ,1/1/2023,61,5,2,"国羽元旦祝福,元旦快乐",
2,13,0,1,4,#成都大运会2023年邀请片发布# 新年第一天，成都有客来！第一视角沉浸体验千年成都魅力！今年7月，我们成都见！#2023成都见#成都2021世界大运会的微博视频 ,1/1/2023,11,0,0,"成都大运会2023年邀请片发布,2023成都见",
2,11,0,1,6,��#武大靖徐梦桃合唱超热血# @武大靖 @徐梦桃 @黄霄雲 @王赫野 四人合唱《篇章》好热血，整个舞台瞬间热血沸腾2023的新篇章愿更加精彩~[2023]央视新闻的微博视频 ,12/31/2022,32,0,4,武大靖徐梦桃合唱超热血,
2,7,0,1,3,点赞转发！#樊振东孙颖莎年终第一海报# WTT发布2022年度男女单打年终第一官方海报，再次恭喜樊振东和@孙颖莎 ，荣膺年终第一！#这些画面承载了我的2022# #国际乒联首位00后年终第一# ,12/31/2022,3729,132,196,"樊振东孙颖莎年终第一海报,这些画面承载了我的2022,国际乒联首位00后年终第一",
2,14,0,1,4,#这些画面承载了我的2022#2022体坛如烟花般璀璨，北京冬奥会盛大开幕、中国女足再登亚洲之巅、基普乔格突破人类极限、梅西终圆世界杯梦想；2022世界体坛22个燃情瞬间，承载着你的体育记忆 咪咕体育的微博视频 ,12/31/2022,863,36,74,这些画面承载了我的2022,
2,14,0,1,6,❄️今晚20:00 冰雪跨年夜🎆星际同频 共度新年🧊冰冻星球 解密生命真谛🪐我在南极等你跨年#加入超时空派对来星际广场一起嗨# ,12/31/2022,3,0,0,加入超时空派对来星际广场一起嗨,
2,14,0,2,4,��-🐰ꫛꫀꪝ❥ ²⁰²³ / ₃₆₅ 🐰-💮  🏮元气跨年·热练迎新🏮▹𝑯𝒂𝒑𝒑𝒚 𝑵𝒆𝒘 𝒀𝒆𝒂𝒓开启健康年🧨#全民热练移起开练#📱²⁰²³🥂网页链接 ,12/31/2022,7,0,0,全民热练移起开练,
2,13,0,2,4,辞旧迎新[努力]#这些画面承载了我的2022# 以冬奥会开始，以世界杯结束，回顾2022年那些令人感动的体育瞬间，那是一种无关国界、性别、年龄、种族的情感共鸣。 ,12/31/2022,84,3,5,这些画面承载了我的2022,
2,14,0,2,9,��咪咕体育倾情记录！📷22组海报燃情见证2022❣️相信体育力量奔赴2023#咪咕体育 美好生活元动力#网页链接 咪咕体育的微博视频 ,12/30/2022,22,5,3,咪咕体育 美好生活元动力,
2,13,0,2,1,️❤️体汇2022|我们共同见证✒️盘点国内&国际十大体育事件🏆燃情记录过去·勇敢迎接未来🔥2023我们乘风破浪追光而行网页链接 ,12/30/2022,7,3,1,,
2,9,0,1,1,��#深圳女排3比2江苏女排#🏐️#2022-2023中国女排超级联赛# 1/4决赛第二回合，深圳澳洲虎中塞龙华女排3-2（25-27 22-25 25-21 28-26 15-12）逆转战胜江苏中天钢铁女排，在三场两胜制的1/4决赛中深圳女排1-1战平江苏女排，双方明天将进行第三场争夺一个四强名额。#看排超上咪咕# 咪咕体育的微博视频,12/30/2022,9,2,1,"深圳女排3比2江苏女排,2022-2023中国女排超级联赛,看排超上咪咕",
2,11,0,1,1,#又能看谷爱凌苏翊鸣比赛了# 2023年的1月27-29日，世界极限运动会X-Games将在美国的阿斯本举行。中国运动员@青蛙公主爱凌 、@苏翊鸣 、蔡雪桐@x桐c 受邀参加比赛。 ,12/30/2022,1715,85,24,又能看谷爱凌苏翊鸣比赛了,
2,14,0,1,4,#冰墩墩兔年特别版发布#北京冬奥会吉祥物冰墩墩以全新形象回归到大众视野当中。日前，“冰墩墩兔年特别版系列”新品正式发布。据介绍，冰墩墩兔年特别版是以北京传统民俗中的经典兔子形象“兔爷”为创意点，将推出徽章、毛绒玩具、钥匙扣和创意摆件四大品类。#顶流冰墩墩回归# 央视新闻的微博视频,12/29/2022,11,4,0,"冰墩墩兔年特别版发布,顶流冰墩墩回归",
2,13,0,2,1,#厦门马拉松官宣延期#@厦门马拉松赛 官方宣布：鉴于因身体原因申请退赛的选手较多，为切实保障广大选手的健康安全，经组委会审慎研究决定，原定于2023年1月2日举办的2023建发厦门马拉松赛延期举办，具体时间另行通知#厦门马拉松# ,12/26/2022,10,4,2,"厦门马拉松官宣延期,厦门马拉松",
2,13,0,1,1,#滑板国家集训队名单# 巴黎奥运会、杭州亚运会滑板国家集训队选拔赛近日在江苏南京结束，各项目前六名运动员将参加为期近一个月的集训陈烨、李明晓、吴博文获得男子碗池前三名，李玉娟、石将美、张鸿飞获得女子碗池前三名；在街式项目中，男子前三名为潘家杰、田佳兴、郭嘉辉，女子前三名为兰俊宜、张艳、崔宸曦,12/26/2022,26,1,3,滑板国家集训队名单,
2,13,0,2,1,#国家体育总局发布体育仲裁规则# 国家体育总局日前发布《体育仲裁规则》和《中国体育仲裁委员会组织规则》，这两项规则将于2023年1月1日起施行根据《中国体育仲裁委员会组织规则》，中国体育仲裁委员会是由国家体育总局依法设立、专门处理体育纠纷案件的仲裁机构，体育仲裁委员会依法履行的职责包括：制定、修改章程；聘任、解聘仲裁员；根据《体育仲裁规则》仲裁体育纠纷等,12/26/2022,13,1,1,国家体育总局发布体育仲裁规则,
2,7,0,1,1,#国乒在海南进行冬训# 2022年乒超联赛结束后，国乒转战海南进行冬训，全力备战杭州亚运会和巴黎奥运会德班世乒赛亚洲区选拔赛将于2023年1月7日至13日在卡塔尔多哈举行，这是国乒新赛季的首站比赛#国乒2周后开启新赛季首站比赛# ,12/26/2022,265,14,20,"国乒在海南进行冬训,国乒2周后开启新赛季首站比赛",
2,11,0,1,8,#2023花样滑冰年度颁奖礼# 花样滑冰年度颁奖礼将于2023年2月5日举行，共将颁发8个奖项北京冬奥会双人滑冠军@Guile隋文静 /韩聪@Allen韩聪 入围三项评选：最有价值运动员、最佳服饰以及最具娱乐性节目赵宏博入围最佳教练候选人@Skater彭程 /金杨@金杨_Alex 入围最佳服装候选名单#ISUSkatingAwards# 咪咕体育的微博视频,12/26/2022,63,6,0,"2023花样滑冰年度颁奖礼,ISUSkatingAwards",
2,14,0,2,6,��元宇宙看世界波🎮硬核游戏黑科技📷带你复刻梅西高光时刻上咪咕快游get球王同款进球网页链接 咪咕体育的微博视频 ,12/25/2022,12,0,0,,
2,14,0,2,6,��元宇宙看世界波🎮游戏黑科技复刻超跑姆巴佩🦵神龟冲刺 势不可挡上咪咕快游get球王同款进球网页链接 咪咕体育的微博视频 ,12/25/2022,11,0,1,,
2,7,0,1,4,#樊振东孙颖莎送圣诞祝福# WTT官方发布圣诞祝福视频，樊振东和@孙颖莎 也祝球迷们圣诞和新年快乐，一起来接收这一份美好的祝福吧。🎄新一年越来越好 #看WTT上咪咕#咪咕体育的微博视频 ,12/24/2022,9583,415,529,"樊振东孙颖莎送圣诞祝福,看WTT上咪咕",
2,14,0,3,4,#冰冻星球2是懂内卷的##纪录片冰冻星球2#极地世界不仅有残酷的捕食与追逐，也有冰川下的温情瞬间。竖琴海豹妈妈手把手教导小海豹学游泳，用自己三分之一的体重换取小海豹独立生活的能力。而12天的陪伴就是母子俩相处的所有时光，难怪海豹妈妈从幼儿起就开始“鸡娃”！#微博纪录片联盟# 咪咕视频的微博视频,12/24/2022,9,0,2,"冰冻星球2是懂内卷的,纪录片冰冻星球2,微博纪录片联盟",
2,11,0,1,1,#舒尔廷朴智元领跑水晶球奖# 国际滑联日前公布了“水晶球”积分榜，荷兰名将舒尔廷和韩国选手朴智元暂列女子、男子排行榜榜首新赛季国际滑联将引入“水晶球”奖，该奖项将颁发给整个赛季在所有单项距离上累积积分最高的男女选手 ,12/23/2022,12,3,3,舒尔廷朴智元领跑水晶球奖,
2,14,0,1,6,2022即将过去，新的一年，PEL将携手@咪咕体育 ，与各位特种兵一起畅快观赛，奔赴三年之约！未来在咪咕上，同屏多路流技术助你畅快观赛，比赛、圈型战队视角一屏尽收眼底；各俱乐部强势入驻，内容资讯新鲜达；亚运会即将到来，咪咕×和平精英赛事为你带来精彩内容！新的征程即将开启，让我们共同见证赛场新精彩！#上咪咕看电竞# #PEL三周年#,12/22/2022,44,8,7,"上咪咕看电竞,PEL三周年",
2,11,0,3,1,#隋文静韩聪入围花滑年度奖项三项评选#2023年花滑年度奖项（ISU Skating Awards）颁奖典礼将于2023年2月5日在瑞士苏黎世海伦体育场举行。花滑年度奖项共包含八大奖项，北京冬奥会双人滑冠军、中国花样滑冰双人滑运动员@Guile隋文静 /@Allen韩聪 入围其中三项奖项的评选，分别为最有价值运动员奖、最佳服饰奖以及最具有趣节目奖。,12/21/2022,77,1,1,隋文静韩聪入围花滑年度奖项三项评选,
2,1,1,2,6,#苏醒说我的眼睛就是梅西# @王濛 聊到自己因为贝克汉姆喜欢上足球，不仅是因为颜值，更因为小贝那一记如圆月弯刀一样的任意球@苏醒AllenSu 马上说这个球罚的像梅西一样好，醒子这是为了梅西连辈分都顾不上了，怪不得濛主要打你了，快来为自己的草率道歉#濛主来了之我的眼睛就是尺# 咪咕体育的微博视频,12/17/2022,12,0,0,"苏醒说我的眼睛就是梅西,濛主来了之我的眼睛就是尺",
2,1,1,2,6,#苏醒说我的眼睛就是梅西#  @王濛 在本期#濛主来了之我的眼睛就是尺# 说很多人对于世界杯的印象都是从球星开始的，然后cue 到苏醒，@苏醒AllenSu 这不又双叒叕不激动了吗，说王濛的眼睛是尺，他的眼睛就是梅西这个形容确实是没谁了 咪咕体育的微博视频 ,12/17/2022,417,990,1478,"苏醒说我的眼睛就是梅西,濛主来了之我的眼睛就是尺",
2,1,0,1,6,#王濛苏醒回忆第一次看世界杯# @王濛 在节目中回忆第一次看世界杯的经历，最早看了1998年法国世界杯，但濛主更有印象的还是2002韩日世界杯，那年也是短道速滑在冬奥会上取得零的突破。@苏醒AllenSu 则透露六岁就和父亲看了1990年意大利之夏，见证马拉多纳将一支二三流的阿根廷队带进世界杯决赛。#第一次陪你看世界杯的人又是谁# 咪咕体育的微博视频,12/17/2022,376,40,7,"王濛苏醒回忆第一次看世界杯,第一次陪你看世界杯的人又是谁",
2,1,1,2,6,#韩乔生再现黄健翔名场面# 不愧是我们足球名嘴@大嘴韩乔生 ，在听到濛主@王濛 不服后，使尽浑身解数，开启大型“洗脑”模式，最终成功说服@许宏志  不得不说咱们韩老师的嘴上功夫真的是有点东西！ #濛主来了之我的眼睛就是尺# 咪咕体育的微博视频 ,12/17/2022,9,0,0,"韩乔生再现黄健翔名场面,濛主来了之我的眼睛就是尺",
2,14,0,1,6,我们用尺丈量元宇宙，带着对无限可能的希翼，从未知降落，向未来而去。体育赤诚的延续，让跳动的足球与心率同频。#王小濛是谁#我们在另一个宇宙寻找答案。 咪咕体育的微博视频 ,12/17/2022,94,9,6,王小濛是谁,
2,14,0,3,6,#周杰伦任贤齐王心凌青春三连# 你的青春里一定有一个周杰伦、王心凌或者任贤齐吧！！这扑面而来的青春回忆让人忍不住感慨！快叫上大家一起来听歌感受青春吧～#元宇宙世界杯音乐盛典#咪咕音乐的微博视频 ,12/17/2022,5,0,1,"周杰伦任贤齐王心凌青春三连,元宇宙世界杯音乐盛典",
2,1,0,3,6,#球迷才懂的世界杯名场面#⚽咪咕×FIFA品类游戏🏆决战世界之巅大幕将启⏰12月18日19:00👊🏻咪咕线上赛选手强势出击#看世界杯上咪咕#网页链接 ,12/17/2022,4,1,0,"球迷才懂的世界杯名场面,看世界杯上咪咕",
2,1,0,3,6,⌛足球会员冰点价特惠仅剩最后1天9元不止#世界杯#继续畅看五大联赛️26日梅西 姆巴佩等球星回归五大续写传奇会员加享四重礼，最高享52天观赛权益转发本条微博，关注@咪咕体育，我们将通过@微博抽奖平台抽出20名球迷获【咪咕足球会员月卡】一份，评论你预测世界杯冠军点赞第一名将获【咪咕足球会员年卡】一份！12月19日15:00开奖&截止 ！！！咪咕世界杯加享四重礼活动链接，猛戳不迷路：网页链接； 抽奖详情,12/17/2022,119,42,33,世界杯,
2,14,0,3,4,在喜马拉雅山脉的巨石巢穴中，时常出现一种动物的身影，它便是兔狲。虽然“披着”致密毛皮的兔狲外表看起来极其不好惹，但是谁都没想到，它竟然会让人类感慨：#终于有比汤姆还不会抓鼠的猫了# ！@咪咕视频 #纪录片冰冻星球2# 为你讲述更多冰雪动物们的生存趣事！ #微博纪录片联盟# 咪咕视频的微博视频,12/17/2022,113,12,16,"终于有比汤姆还不会抓鼠的猫了,纪录片冰冻星球2,微博纪录片联盟",
2,14,0,1,4,#给地球降温的一百种方式# 细小的裂缝在转瞬间变成开阔的深渊，皇帝企鹅为了食物长途跋涉，杀人鲸在冰川覆盖的海洋上挥起巨浪，麝牛向往极地草场......是茫茫冰雪的荒原，也是众多生物赖以生存的地方，上@咪咕视频 看#纪录片冰冻星球2# 用自己的方式给地球降降温！#微博纪录片联盟# 咪咕视频的微博视频,12/17/2022,21,3,1,"给地球降温的一百种方式,纪录片冰冻星球2,微博纪录片联盟",
2,14,0,3,6,#看世界杯上咪咕#无数巅峰时刻，也是为爱加冕的时刻。因为热爱，不断追求尽善尽美。秉承一腔热爱，方可呈现完美作品，唯有热爱不可辜负！来咪咕体育和@一汽丰田官方微博 ，聚焦顶级赛事，见证巅峰时刻！#亚洲龙#和#皇冠陆放#与您一起，在#摇滚足球茵乐现场# 为热爱加冕！#千万热爱 千万有你# 咪咕体育的微博视频,12/16/2022,7372,119,599,"看世界杯上咪咕,亚洲龙,皇冠陆放,摇滚足球茵乐现场,千万热爱 千万有你",
2,14,0,1,6,#苏醒王濛聊足球场上的浪漫# @王濛 认为“浪漫”有时候可以用在足球上，@苏醒AllenSu 则在节目中继续向梅西“示爱”，不仅写过千字长文，还为梅西写过歌。濛主则说自己和@周洋咩咩 的关系有点像梅西和阿奎罗，一代领军人物看着新人成长，濛主还为周洋在温哥华冬奥夺金而大哭。#王濛说和周洋的关系像梅西与阿奎罗# 咪咕体育的微博视频,12/16/2022,39,2,1,"苏醒王濛聊足球场上的浪漫,王濛说和周洋的关系像梅西与阿奎罗",
2,14,0,3,4,#冰冻星球2明天上线# 你以为冰冻世界只有企鹅、北极熊？白头鲸、大熊猫、猩猩、鹿同样是这里的“住户”，历时3年打造的冰雪世界视觉盛宴马上就要拉开序幕！@咪咕视频 联合出品 BBC Earth年度巨制《冰冻星球II》12月17日 10：00全网独播！#纪录片冰冻星球2# #微博纪录片联盟# 咪咕视频的微博视频 ,12/16/2022,36,0,5,"冰冻星球2明天上线,纪录片冰冻星球2,微博纪录片联盟",
2,14,0,3,6,#百看不厌的高质量舞台# 稳定发挥，唱跳在线，设计充满新意……天籁佳音搭配绝佳舞美，这些百看不厌的高质量舞台你最喜欢哪一个？#那些被舞美惊到的瞬间# 鞠婧祎｜时代少年团｜张颜齐｜周深｜INTO1-刘宇｜华晨宇｜王一博｜张艺兴｜刘雨昕｜李宇春 咪咕音乐的微博视频 ,12/16/2022,4,0,0,"百看不厌的高质量舞台,那些被舞美惊到的瞬间",
2,14,0,3,6,#用游戏打开世界杯名场面# 力斩“黑马”！“高卢雄鸡”挺进决赛！#玩转足球上咪咕快游#开启沉浸式的足球体验，成就你的高光时刻！ 咪咕体育的微博视频 ,12/16/2022,2,0,1,"用游戏打开世界杯名场面,玩转足球上咪咕快游",
2,14,0,3,6,#用游戏打开世界杯名场面#世界杯半决赛，阿根廷3-0完胜克罗地亚，时隔8年再进决赛！#玩转足球上咪咕快游#开启沉浸式的足球体验，成就你的高光时刻！ 咪咕体育的微博视频 ,12/16/2022,6,0,0,"用游戏打开世界杯名场面,玩转足球上咪咕快游",
2,14,1,2,6,#濛主来了浪漫DNA动了#濛主@王濛 和老友们@大嘴韩乔生 @苏醒AllenSu @周洋咩咩 @王啸坤 欢聚濛主会客厅，畅聊绿茵场上的浪漫故事⚽ 究竟是什么故事点燃了他们的浪漫DNA呢？答案就在今天的「濛主来了」~#濛主来了之我的眼睛就是尺#  咪咕体育的微博直播 ,12/16/2022,15,0,0,"濛主来了浪漫DNA动了,濛主来了之我的眼睛就是尺",
2,14,0,3,6,#看世界杯的10086种姿势#  移动宽带，高速网络，让你看世界杯也能成为第一位欢呼尖叫的人！2.3亿家庭选择，值得信赖！#心级服务#除了我都是猪的微博视频 ,12/15/2022,2,1,1,"看世界杯的10086种姿势,心级服务",
2,14,0,2,6,#王濛苏醒聊成为顶级球星需要什么#@苏醒AllenSu 和 @王濛 聊到顶级球星时认为，必须要有很强的胜负心，同时也少不了伯乐。而濛主认为，运动员最害怕的就是伤病，所以很多顶级职业运动员都买了高额的保险#王濛苏醒聊梅西贝克汉姆保额# 咪咕体育的微博视频 ,12/15/2022,226,19,8,"王濛苏醒聊成为顶级球星需要什么,王濛苏醒聊梅西贝克汉姆保额",
2,14,0,3,6,#元宇宙世界杯新玩法#冠军战倒计时，浸情畅玩超时空派对。超嗨玩家邀您登录，来元宇宙见证冠军诞生！#我在星际广场接收快乐Beat##世界杯# ,12/15/2022,0,0,0,"元宇宙世界杯新玩法,我在星际广场接收快乐Beat,世界杯",
2,14,0,3,6,#世界杯音乐盛典是懂请嘉宾的#来听听乐咖陪看盛典怎么说！没的说@李宇春 ，小王子@卡布叻_周深 ，民族+国际范@吉克隽逸 ，格外帅@张颜齐 ，帅炸@王濛#2022娱乐备忘录# 咪咕娱乐的微博视频  ,12/15/2022,7,0,0,"世界杯音乐盛典是懂请嘉宾的,2022娱乐备忘录",
2,14,0,2,4,【世界杯空调也是中国制造！#卡塔尔体育场空调设计师感谢中国#】卢赛尔体育场的室外空调设计师对与中国合作感到自豪，称赞空调成功应对了高温的挑战：“确保球员和球迷的舒适，以及草地的茂盛”。原来如此有排面的室外空调，也是中国制造！#世界杯##看世界杯上咪咕# 咪咕体育的微博视频 ,12/14/2022,21,2,2,"卡塔尔体育场空调设计师感谢中国,世界杯,看世界杯上咪咕",
2,14,0,3,6,咪咕视频+辽宁移动+鲜啤30公里梦幻联动，为您打造#咪咕球赛嘉年华# 助您一边畅饮，@_漫月_ 陪您一边观赛，一边享四大好礼，咪咕两大体育会员、鲜啤30公里精酿啤酒、7天体验会员、30GB咪咕视频定向流量，还可抽取百元话费7天流量！点击链接一咕作气开启超燃赛场网页链接 ,12/14/2022,1,0,1,咪咕球赛嘉年华,
2,14,0,3,6,#摇滚遇上足球爷青回# 是世界杯赛场，也是摇滚人的快乐老家！球迷乐迷从来不分家，哪支是你喜爱的球队？哪支是你支持的摇滚乐队？一起来#摇滚足球茵乐现场# 感受足球mix摇滚的魅力吧！ ,12/14/2022,1055,25,513,"摇滚遇上足球爷青回,摇滚足球茵乐现场",
2,1,0,3,6,#用游戏打开世界杯名场面# 🌍游戏元宇宙 邀你看足球♾硬核黑科技多角度复刻⚽本届首个帽子戏法📲上咪咕快游，你也能连进三球#玩转足球上咪咕快游#网页链接 咪咕体育的微博视频 ,12/13/2022,5,0,0,"用游戏打开世界杯名场面,玩转足球上咪咕快游",
2,1,0,3,6,#用游戏打开世界杯名场面# 🏆世界波4强对阵🎟半决赛赛程出炉！🇦🇷阿根廷vs克罗地亚🇭🇷🇫🇷法国vs摩洛哥🇲🇦🤫谁将晋级决赛？📲上咪咕快游  还原你的所爱#玩转足球上咪咕快游#网页链接 咪咕体育的微博视频  ,12/13/2022,6,3,2,"用游戏打开世界杯名场面,玩转足球上咪咕快游",
2,1,0,3,6,#用游戏打开世界杯名场面# 后｜⚽你的每一个进球会｜💧或是每一滴眼泪无｜🫧都会留在我们的记忆中️7️⃣｜📲上咪咕快游，弥补C罗绿茵赛道的遗憾#玩转足球上咪咕快游#网页链接 咪咕体育的微博视频  ,12/13/2022,9,2,2,"用游戏打开世界杯名场面,玩转足球上咪咕快游",
2,14,0,1,4,#世界杯决赛用球印中文心手相连#2022世界杯半决赛和决赛的比赛用球名为“Al Hilm”，在阿拉伯语中意为“梦想”整个足球呈现金色，并搭配红色条纹，球体上还印有中文“心手相连”#世界杯##世界杯决赛用球揭幕# ,12/12/2022,60,10,10,"世界杯决赛用球印中文心手相连,世界杯,世界杯决赛用球揭幕",
2,14,0,3,6,保持电量满格，提高铃声音量，盛典嘉宾全员来电，等你接听~带#世界杯音乐盛典惊喜来电#晒出你收到的来电，就有机会获得盛典电子票哦~一起看看谁是天选之人#元宇宙世界杯音乐盛典# ,12/12/2022,436,92,35,"世界杯音乐盛典惊喜来电,元宇宙世界杯音乐盛典",
2,14,0,3,6,#最适合世界杯的BGM#”致那黑夜中的呜咽与怒吼，谁说站在光里的才算英雄“@FIFA世界杯 官方宣布，由陈奕迅演唱的《孤勇者》将在卡塔尔世界杯的半决赛现场播放问题来了：哪首音乐最适合世界杯呢？#世界杯# #世界杯半决赛现场将播放孤勇者# ,12/12/2022,191,15,6,"最适合世界杯的BGM,世界杯,世界杯半决赛现场将播放孤勇者",
2,14,0,3,6,#数智分身云蹦迪有多酷#年底了，给朋友们上点才艺。来星座·M创建你的数智分身，小舞台solo秀，等你battle！#回顾世界杯星际之旅# 咪咕体育的微博视频 ,12/12/2022,7,2,2,"数智分身云蹦迪有多酷,回顾世界杯星际之旅",
2,14,0,2,4,#世界杯半决赛现场将播放孤勇者#  世界杯半决赛首战将于12月14日3:00打响，由阿根廷对阵克罗地亚，你预测两队谁能晋级决赛？#世界杯##阿根廷vs克罗地亚# 网页链接 ,12/11/2022,46520,52,47,"世界杯半决赛现场将播放孤勇者,世界杯,阿根廷vs克罗地亚",
2,14,0,2,4,#世界杯半决赛现场将播放孤勇者#  @FIFA世界杯 官方宣布，由陈奕迅演唱的《孤勇者》将在卡塔尔世界杯的半决赛现场播放！排面拉满！世界杯半决赛对阵分别是阿根廷vs克罗地亚（12月14日3:00）和法国vs摩洛哥（12月15日3:00）。#世界杯# ,12/11/2022,65,29,15,"世界杯半决赛现场将播放孤勇者,世界杯",
2,14,0,3,6,@咪咕体育 今日份福利！我们将在参与活动的用户中抽出6位用户，各送出咪咕足球全通月卡1张！今日活动规则：1、进入世界杯星际广场打卡并截图 （如图1，入口见评论区）2、转发本条微博并携带话题#回顾世界杯星际之旅# 和在星际广场打卡截图，我们将在次日从中抽出6位用户，送出咪咕足球全通月卡1张！#世界杯##摩洛哥1比0葡萄牙#,12/11/2022,8,2,76,"回顾世界杯星际之旅,世界杯,摩洛哥1比0葡萄牙",
2,14,0,3,6,#美好生活放肆YEAH#来给你的世界杯加点buff，继续高燃观赛「夜」生活！加入超时空派对，来星际广场，一起嗨！#回顾世界杯星际之旅# ,12/11/2022,1,0,1,"美好生活放肆YEAH,回顾世界杯星际之旅",
2,2,0,2,4,福兔綿延年富一年 腾讯NBA主持人嘉宾在这里给您拜年了！福兔綿延年富一年 腾讯NBA主持人嘉宾在这里给您拜年了！ ,2023/1/19,5,1,0,,
2,14,0,3,6,正直播#冲向巅峰摇滚演唱会# 世界杯决赛之夜摇滚狂欢，老狼、新裤子、高旗&超载、五条人、盘尼西林、指人儿为热爱呐喊！看直播>>扫一扫下载 腾讯体育APP ,2022/12/18,3,0,0,,
2,14,0,3,6,#冲向巅峰摇滚演唱会# 这场盛大演出终于要在球迷们期待和热爱中拉开帷幕。倒计时4小时，与广大乐迷朋友一起见证这些历史时刻。#摇滚演唱会直播倒计时4小时# ,2022/12/18,6,0,0,,
2,14,0,3,6,#冲向巅峰摇滚演唱会# 本次演唱会邀请了中国最具影响力的摇滚歌手和摇滚乐队，将激情澎湃的音乐盛宴带到这个火热的冬季。12月18日决赛夜我们一起冲向巅峰！#摇滚演唱会倒计时1天# ,2022/12/17,1,0,0,,
2,14,0,3,6,#冲向巅峰摇滚演唱会全阵容官宣# 12月18日，我们一起冲向巅峰！这次演唱会嘉宾有@老狼 @新裤子乐队_   高旗&超载@纛音乐DAOMUSIC  @五條人WUTIAOREN  @盘尼西林乐队  @指人儿乐队 ，摇滚人齐聚，一起期待精彩的演出！ ,2022/12/16,4,2,1,,
2,14,0,3,6,#摇滚演唱会倒计时2天# 激情决赛夜，一曲定乾坤，12月18日来感受最激情的摇滚时刻！#冲向巅峰摇滚演唱会# ,2022/12/16,4,1,1,,
2,14,0,3,6,#冲向巅峰摇滚演唱会今日官宣#开播倒计时三天，足球音乐两不误，这次与摇滚演唱会一起，感受音乐的热烈！决赛夜我们来了～#冲向巅峰摇滚演唱会# ,2022/12/15,3,0,0,,
2,14,0,3,6,#冲向巅峰摇滚演唱会今日官宣# 足球➕音乐 ✖球迷➕乐迷=灵魂碰撞💥12月18日，决赛夜敬请期待！#冲向巅峰摇滚演唱会# ,2022/12/15,3,0,0,,
2,11,0,1,1,#短道速滑世青赛500米中国收获2铜#短道速滑世青赛男女500米决赛战罢，中国队收获两枚铜牌——男子500米A组决赛：@短道速滑李坤 41:425摘得铜牌女子500米A组决赛：带伤作战的@短道速滑宋佳蕊 45:360夺铜男子3000米接力半决赛：中国队（王其智、刘金勋、李坤、吴世强）4:01.324，小组第一晋级A组决赛女子3000米接力半决赛：中国队（蔡申依、王晔、宋佳蕊、张珈宁）4:17.091，小组第二晋级A组决赛#世青赛3000米接力中国队进决赛##2023短道速滑世青赛# 咪咕体育的微博视频,2023/1/29,27,2,2,"短道速滑世青赛500米中国收获2铜,世青赛3000米接力中国队进决赛,2023短道速滑世青赛",2023/1/29 7:59
2,6,0,1,1,#印尼500赛冯彦哲黄东萍进决赛# @F冯彦哲 @H黄东萍 21-13、21-19战胜吉奎尔/德尔吕，和蒋振邦/魏雅欣会师决赛！国羽包揽混双冠亚军！#国羽包揽印尼500赛混双冠亚军##2023年印尼羽毛球大师赛# ,2023/1/28,34,1,4,"印尼500赛冯彦哲黄东萍进决赛,国羽包揽印尼500赛混双冠亚军,2023年印尼羽毛球大师赛",2023/1/28 22:01
2,6,0,1,1,#印尼500赛蒋振邦魏雅欣进决赛#  混双半决赛，@蒋振邦JZzzB 魏雅欣@曼妥思阿丫丫 21-16、21-16战胜金子祐树/松友美佐纪，职业生涯首站世界羽联巡回赛就打进决赛！#2023年印尼羽毛球大师赛#   ,2023/1/28,20,3,1,"印尼500赛蒋振邦魏雅欣进决赛,2023年印尼羽毛球大师赛",2023/1/28 18:44
2,1,0,1,7,【#C罗在沙特被视为皇室成员#】#足球闹正月# 英国杂志称，C罗和他的女友乔治娜热爱在沙特的生活，他们在利雅得被视为皇室成员。C罗入住酒店拥有17间套房，每月花费超过25万镑。C罗一家人住在两层楼的王国套房，客厅、餐厅都装饰着黄金和大理石。据悉，C罗检查后伤势确认为踝关节瘀伤，但不会影响他接下来的比赛。 ,2023/1/28,38,11,4,"C罗在沙特被视为皇室成员,足球闹正月",2023/1/28 13:00
2,6,0,1,1,#印尼500赛冯彦哲黄东萍进四强# @F冯彦哲 @H黄东萍 21-13、21-13 贾法尔/普拉纳塔，晋级半决赛！接下来将对阵吉奎尔/德尔吕 #2023年印尼羽毛球大师赛#  ,2023/1/27,30,2,1,"印尼500赛冯彦哲黄东萍进四强,2023年印尼羽毛球大师赛",2023/1/27 21:36
2,14,0,3,6,#比赛中过大年# 今日指定开奖博文！转发这条微博并关注新浪体育，即可有机会参与抽奖。#姆巴佩想买C罗的私人飞机# 葡萄牙媒体Correio da Manha称，姆巴佩希望买下C罗的湾流G200喷气式飞机。去年7月时，C罗就曾有意出售。2015年，C罗以2000万欧元买下这架飞机，该飞机可搭载8-10人，上面印有C罗的名字。 抽奖详情,2023/1/27,51,22,17,"比赛中过大年,姆巴佩想买C罗的私人飞机",2023/1/27 15:28
2,7,0,1,1,【#国乒兔年首战包揽五冠# 】#WTT支线赛多哈站2023#男单：@徐瑛彬bin女单：@小胖子何卓佳男双：@向小鹏- /@袁励岑a女双：@钱天一321 /@石洵瑶w混双：@林詩棟y /蒯曼@kuaiman0207  ,2023/1/27,33,6,6,"国乒兔年首战包揽五冠,WTT支线赛多哈站2023",2023/1/27 9:30
2,7,0,1,1,#林诗栋蒯曼多哈站夺冠# #林诗栋蒯曼3比2向鹏钱天一# WTT支线赛多哈站2023混双决赛：@林詩棟y /蒯曼@kuaiman0207 3-2 @向小鹏- /@钱天一321 (12-10、3-11、11-8、9-11、11-8）#WTT支线赛多哈站2023# 咪咕体育的微博视频 ,2023/1/26,15,3,2,"林诗栋蒯曼多哈站夺冠,林诗栋蒯曼3比2向鹏钱天一,WTT支线赛多哈站2023",2023/1/26 19:09
2,7,0,1,1,#向鹏钱天一晋级混双决赛##WTT支线赛多哈站2023# 混双半决赛：@向小鹏- /@钱天一321 3比0雷德齐姆斯基/韦格辛（11-1、11-7、11-5）咪咕体育的微博视频 ,2023/1/25,20,0,1,"向鹏钱天一晋级混双决赛,WTT支线赛多哈站2023",2023/1/25 20:45
2,1,0,3,3,#梅西一家去滑雪# 梅西晒一家人度假照，与安东内拉和孩子们快乐泡温泉。梅球王大方秀恩爱，亲吻安东内拉，尽显温馨甜蜜。#梅西与妻子秀恩爱晒亲吻照# ,2023/1/25,641,29,14,"梅西一家去滑雪,梅西与妻子秀恩爱晒亲吻照",2023/1/25 19:40
2,7,0,1,1,#WTT支线赛多哈站2023# 混双1/4决赛，三组中国选手均顺利晋级！@袁励岑a /@Z张瑞Z 3-0（11-6，11-6，11-6）郭勇/舒麟茜@向小鹏- /@钱天一321 3-0（11-4，11-8，11-9）何钧杰 /朱成竹@林詩棟y /蒯曼@kuaiman0207  3-1（11-8，11-6，12-14，11-7）林兆恒/杜凯琹#印尼500赛石宇奇进次轮# 咪咕体育的微博视频,2023/1/25,6,0,2,"WTT支线赛多哈站2023,印尼500赛石宇奇进次轮",2023/1/25 16:10
2,6,0,1,1,【#印尼500赛王懿律杜玥进次轮#】#2023年印尼羽毛球大师赛#混双首轮：@王懿律enzo /@杜玥yy 27-25/21-18战胜加拿大组合林德曼/吴宛菱。 ,2023/1/25,13,0,2,"印尼500赛王懿律杜玥进次轮,2023年印尼羽毛球大师赛",2023/1/25 11:20
2,6,0,1,1,#陈清晨王懿律皆因严重腹泻退赛##印度赛国羽1冠2亚##2023年印度羽毛球公开赛#，两对中国组合王懿律/黄东萍、陈清晨/贾一凡相继宣布退赛，获得亚军。世界羽联随后宣布了具体的退赛原因，王懿律和陈清晨都因为腹泻无法坚持，导致整个组合放弃决赛。  ,2023/1/22,86,23,20,"陈清晨王懿律皆因严重腹泻退赛,印度赛国羽1冠2亚,2023年印度羽毛球公开赛",2023/1/22 20:26
2,2,0,1,1,【#韩旭吴磊最萌身高差#】中国女篮队员韩旭晒出春晚后台合影， 没想到 2米07的@韩旭u_ 和1米82的@吴磊LEO ，也可以是最萌身高差#中国女篮登上央视春晚#  #兔年立个flag# ,2023/1/22,46,6,1,"韩旭吴磊最萌身高差,中国女篮登上央视春晚,兔年立个flag",2023/1/22 14:00
2,11,0,1,1,单板滑雪世界杯莱克斯站U型场地技巧决赛由于天气原因在不断延误后最终被取消，这样一来，资格赛的名次就成为了最终排名，日本选手平野流佳和小野光希包揽男女冠军。资格赛排名第二的中国选手🇨🇳武绍桐@武绍桐 获得单板滑雪世界杯莱克斯站女子U型场地技巧亚军！也创造了世界杯最好成绩。祝贺！#武绍桐获得单板U型场地世界杯亚军##兔年立个flag#,2023/1/22,24,1,3,"武绍桐获得单板U型场地世界杯亚军,兔年立个flag",2023/1/22 10:30
2,11,0,1,4,#冬奥冠军登上春晚舞台##体坛花式贺新春# @徐梦桃 @武大靖 @高亭宇 三位冬奥冠军与演艺明星一起唱响开场曲！#春晚# 咪咕体育的微博视频 ,2023/1/21,64,10,5,"冬奥冠军登上春晚舞台,体坛花式贺新春,春晚",2023/1/21 20:09
2,6,0,1,1,#2023年印度羽毛球公开赛##印度赛雅思组合无缘决赛#@郑思维--- @黄雅琼--- 18-21、21-18、14-21 渡边勇大/东野有纱混双决赛：渡边勇大/东野有纱 vs 王懿律/黄东萍 ,2023/1/21,18,6,1,"2023年印度羽毛球公开赛,印度赛雅思组合无缘决赛",2023/1/21 17:50
2,14,0,3,6,1月21日(除夕)到1月27日(初六)期间每日带话题 #比赛中过大年# 转发@新浪体育 指定体育热点博文即可获得抽奖机会！今日指定抽奖博文来袭——#WTT常规挑战赛多哈站2023# 1月21日赛程(北京时间)：19:00 女单决赛：@范思琦rice vs@Z张瑞Z 19:40 男单决赛：@雨果·卡尔德拉诺 vs张禹珍20:20 女双决赛：张瑞/蒯曼@kuaiman0207 vs申裕斌/@田志希_小酷 21:00 男双决赛：于子洋@Yuuu_ziyang /@周恺_KG vs安宰贤/赵胜敏 规则：关注@新浪体育 转发本条微博+评论发表观点，将抽取一位幸运用户送出图示精美奖品。#体坛花式贺新春# 抽奖详情,2023/1/21,14,15,19,"比赛中过大年,WTT常规挑战赛多哈站2023,体坛花式贺新春",2023/1/21 16:01
2,14,0,3,6,我在#会员红包飞#活动为你准备了大大大惊喜！~【现金红包】&【免费SVIP时长】等你来抢！每天最高5次领取机会，快来抢#5个福袋#！！>>微博会员粉丝福袋 ,2023/1/21,10,0,0,"会员红包飞,5个福袋",2023/1/21 16:00
2,14,0,3,6,[2023]新的一年，“兔”个吉利！@微博体育 @微博校园 联合发起#兔年立个flag#活动[兔兔拜年][财源滚滚][年年有余]带话题#兔年立个flag#发微博，晒出兔年你的小愿望、小目标！即可在👉#兔年立个flag#👈🏻话题页抽取你的新年第一份好运，iPhone和世界杯盲盒等你领回家 ,2023/1/21,6,3,3,"兔年立个flag,兔年立个flag,兔年立个flag",2023/1/21 13:53
2,13,0,1,6,月宫折桂，玉兔迎春！兔年将至，和@武磊7 @AlexHuaTian华天 @周琦_26 @董路 @王猛 @林梦鸽 @王小七Seven @友的说 @陈暖央 @李宗泽 @王涵-泡泡 一起参加#体坛花式贺新春#。祝大家前“兔”无量，扬眉“兔”气！ ,2023/1/21,87,2,93,体坛花式贺新春,2023/1/21 10:43
2,7,0,1,1,#WTT常规挑战赛多哈站2023#混双决赛#林诗栋蒯曼WTT多哈站混双夺冠#@林詩棟y /蒯曼@kuaiman0207 3-0（11-4，11-7，11-7）林钟勋/申裕斌。女单半决赛：#国乒包揽WTT多哈站女单冠亚军#@范思琦rice 🇨🇳3-1 刘炜珊@L炜珊Ss 🇨🇳【2-11，11-9，11-3，13-11】 张瑞@Z张瑞Z 🇨🇳3-1玛尼卡·巴特拉🇮🇳【11-6，2-11，11-4，11-2】 ,2023/1/21,14,0,3,"WTT常规挑战赛多哈站2023,林诗栋蒯曼WTT多哈站混双夺冠,国乒包揽WTT多哈站女单冠亚军",2023/1/21 8:42
2,11,0,1,4,#武大靖徐梦桃高亭宇登春晚舞台# @春晚 节目单官宣，三位冬奥冠军@武大靖 、@徐梦桃 和@高亭宇 将在开场节目《花开种花家》中登场！你期待吗？ ,2023/1/20,36,9,3,武大靖徐梦桃高亭宇登春晚舞台,2023/1/20 20:04
2,6,0,3,4,#国羽兔年拜年# 兔年大吉，新春快乐，国羽给大家拜年啦！#我的过年仪式感##花式拜年大赛# 中国羽毛球队的微博视频 ,2023/1/20,36,0,3,"国羽兔年拜年,我的过年仪式感,花式拜年大赛",2023/1/20 19:14
2,6,0,1,1,#印度赛雅思组合逆转进四强# @郑思维--- @黄雅琼--- 14-21、21-15、21-12逆转战胜吉奎尔/德尔吕，半决赛将对阵徐承宰/蔡侑玎vs渡边勇大/东野有纱的胜者！#2023年印度羽毛球公开赛#1 ,2023/1/20,24,1,3,"印度赛雅思组合逆转进四强,2023年印度羽毛球公开赛",2023/1/20 16:21
2,7,0,1,1,【#林诗栋蒯曼3比0匈牙利组合#】#WTT常规挑战赛多哈站2023# 混双1/4决赛，中国组合@林詩棟y /蒯曼@kuaiman0207 以3比0（13-11，11-7，11-6 ）战胜匈牙利组合埃克塞奇/马达拉萨！咪咕体育的微博视频 ,2023/1/19,7,0,1,"林诗栋蒯曼3比0匈牙利组合,WTT常规挑战赛多哈站2023",2023/1/19 15:44
2,6,0,1,1,#印度赛雅思组合进八强# #雅思组合跨年22连胜#2023年印度羽毛球公开赛，@郑思维--- @黄雅琼--- 21-16/21-9 击败库沙尔扬托/库苏玛瓦蒂晋级8强，雅思组合跨年22连胜#2023年印度羽毛球公开赛# ,2023/1/19,25,0,2,"印度赛雅思组合进八强,雅思组合跨年22连胜,2023年印度羽毛球公开赛",2023/1/19 12:45
2,13,0,2,1,【#首届中国麻将公开赛来了#】1月17日，2023年度麻将运动赛事计划发布会公布了今年七项赛事计划，其中赛事总奖金高达100万元的“首届中国麻将公开赛”，将于3月在杭州举办。赛事设有四川麻将和国标麻将2个正式项目，以及杭州麻将2v2这个推广项目。截至今日，已经有超过两百万名麻将爱好者正式注册成为麻将运动员。小强热线-浙江教科的微博视频,2023/1/18,73,35,67,首届中国麻将公开赛来了,2023/1/18 20:21
2,14,0,3,6,兔年将至，脑袋快甩甩，跟烦恼说拜拜！1月18日-2月5日期间，#体坛花式贺新春#活动喜庆上线，邀您一起兔年乐逍遥！[2023]#兔年立个flag# 带话题发博晒出你的小愿望，赢取花样贺岁好礼#我的过年仪式感# 体育明星、大V拜年，体坛最强氛围组陪你过年#足球闹正月# 发博点评足坛赛事，赢限量足球周边#比赛中过大年# 参与转发抽奖，做过年最幸运的崽#NBA新春贺岁# 球星签名球衣等你来领[努力]#春节要瘦不要胖# 向“每逢佳节胖三斤”魔咒Say No！快来加入，赢取超多惊喜奖励！,2023/1/18,31,19,34,"体坛花式贺新春,兔年立个flag,我的过年仪式感,足球闹正月,比赛中过大年,NBA新春贺岁,春节要瘦不要胖",2023/1/18 17:04
2,6,0,1,1,【#印度赛雅思组合进次轮#】#2023年印度羽毛球公开赛# 双打比赛，“雅思组合” @郑思维--- &@黄雅琼--- 以2-0（21-11、21-7）轻松战胜吴顺发/赖洁敏，挺进下一轮！ ,2023/1/18,20,5,1,"印度赛雅思组合进次轮,2023年印度羽毛球公开赛",2023/1/18 16:40
2,7,0,1,1,【#林诗栋蒯曼3比0莱贝松袁嘉楠# 】#WTT常规挑战赛多哈站2023#  混双1/8决赛，中国组合@林詩棟y /蒯曼@kuaiman0207 已3比0（11-7/11-7/11-5）战胜莱贝松/@袁嘉楠 ，晋级下一轮！咪咕体育的微博视频 ,2023/1/18,3,1,2,"林诗栋蒯曼3比0莱贝松袁嘉楠,WTT常规挑战赛多哈站2023",2023/1/18 16:10
2,3,0,1,1,#澳网因高温暂停外场比赛##澳网2023# 第二个比赛日开战，目前墨尔本当地气温来到36度，高温指数达到5级，主办方启动高温政策——大球场关闭顶棚继续比赛，外场未开赛赛事推迟，已开赛的比赛将在比分达到平局或偶数局暂停@王曦雨WXY 1-6、3-6不敌30号种子卡·普利斯科娃，遗憾无缘第二轮#王曦雨止步澳网首轮#,2023/1/17,12,1,2,"澳网因高温暂停外场比赛,澳网2023,王曦雨止步澳网首轮",2023/1/17 12:40
2,7,0,1,8,#2023国际乒联第3期世界排名# #樊振东孙颖莎继续排名世界第一#男单：樊振东、马龙@captain龙 、@王楚钦___ 位居前三，梁靖崑第七，@Eric-林高远 第12女单：@孙颖莎 、@陈梦-乒乓球 、@王曼昱 、王艺迪@迪214 稳居前四，@陈幸同 排名第7，@范思琦rice 上升9位来到第18，@钱天一321 上升20位排名第20男双：樊振东/王楚钦排名第3，林高远/梁靖崑第6，林高远/周启豪@Unique小周同志 第12女双：王曼昱/孙颖莎位居榜首，@Z张瑞Z /蒯曼@kuaiman0207 第6，陈梦/@钱天一321 第19,2023/1/17,44,2,3,"2023国际乒联第3期世界排名,樊振东孙颖莎继续排名世界第一",2023/1/17 9:20
2,14,0,3,6,【#00后大学生的年终盘点# 体育明星篇】2022年我们迎来了首批00后大学生毕业，也见证了大学生群体迈入“全员00后”的时代~@微博校园 @微博体育 联合发布大学生年终盘点，来看看2022年有哪些体育明星属于同学们的年度关注吧！#2023你想成为怎样的自己# ,2023/1/16,9,6,0,"00后大学生的年终盘点,2023你想成为怎样的自己",2023/1/16 15:10
2,6,0,1,1,#大马赛雅思组合四连冠##雅思组合跨赛季20连胜# @郑思维--- @黄雅琼--- 21-19、21-11 渡边勇大/东野有纱，恭喜雅思组合达成大马公赛四连冠！恭喜郑思维达成大马公赛五连冠，成为大马公赛混双历史第一人！#2023年马来西亚公开赛# 网页链接 网页链接 ,2023/1/15,80,7,3,"大马赛雅思组合四连冠,雅思组合跨赛季20连胜,2023年马来西亚公开赛",2023/1/15 13:58
2,6,0,1,1,#国羽挺进男双女双混双三项决赛##大马赛国羽进三项决赛# 1月15日决赛，13点开赛：1、郑思维/黄雅琼@郑思维--- @黄雅琼--- 🇨🇳 vs 渡边勇大/东野有纱（11-3）2、陈清晨@陈小白BAOBAO /贾一凡@贾一凡_F 🇨🇳 vs 白荷娜/李幽林（1-1）3、山口茜 vs 安洗莹（9-5）4、奈良岡功大 vs 安赛龙（0-3）5、梁伟铿/王昶@梁伟铿K @V王昶V 🇨🇳 vs 阿尔菲安/阿德里安托（1-1）【超清全场】梁伟铿/王昶 vs 兰基雷迪/谢提 小星星侃大山的微博视频,2023/1/15,22,2,3,"国羽挺进男双女双混双三项决赛,大马赛国羽进三项决赛",2023/1/15 9:42
2,7,0,1,1,#国乒WTT德班站收获四冠##林诗栋蒯曼WTT混双夺冠#WTT常规挑战赛德班站最后一个比赛日，本站比赛国乒拿到除男单外的四个冠军。🏆混双冠军：@林詩棟y /蒯曼@kuaiman0207 🌟女单决赛：@钱天一321 🆚@范思琦rice 🌟男双决赛：@徐瑛彬bin /@徐海东乒乓 🆚@陈垣宇cyy /林诗栋🌟女双决赛：@Z张瑞Z /蒯曼 🆚钱天一/@石洵瑶w #WTT常规挑战赛德班站#,2023/1/15,14,0,2,"国乒WTT德班站收获四冠,林诗栋蒯曼WTT混双夺冠,WTT常规挑战赛德班站",2023/1/15 7:56
2,11,0,1,6,#原来滑雪才是冬天的打开方式# 没有滑雪的冬天是不完整的！2023年的滑雪大事记从雪战到底开始吧。雪战到底滑雪系列赛今日在太舞滑雪小镇打响，上午已完成男子女子双板的比赛，让我们一同回顾上午的比赛精彩集锦吧！#在微博看见体育# 雪战到底的微博视频 ,2023/1/14,8,0,3,"原来滑雪才是冬天的打开方式,在微博看见体育",2023/1/14 14:04
2,7,0,1,4,#国乒新春祝福# 新春佳节将至，国乒队员们来送祝福啦🎁祝大家兔年大吉，万事如意[2023]❓过年最期待的一件事是什么?孙颖莎：收红包，给压岁钱。林高远：最期待过年可以收红包。蒯曼：小时候是看春节联欢晚会，现在没什么期待的。陈熠：肯定是收红包哈哈哈哈哈。何卓佳：可以吃到妈妈做的好多好吃的。咪咕体育的微博视频 #孙颖莎过年最期待收红包#,2023/1/14,15,1,0,"国乒新春祝福,孙颖莎过年最期待收红包",2023/1/14 13:15
2,6,0,1,1,#大马赛雅思组合横扫进四强# @郑思维--- @黄雅琼--- 21-15、21-6 吉奎尔/德尔吕，晋级四强！半决赛将对阵德扬/维德佳佳 #2023年大马羽毛球公开赛# ,2023/1/13,23,3,0,"大马赛雅思组合横扫进四强,2023年大马羽毛球公开赛",2023/1/13 18:06
2,7,0,1,1,#林诗栋蒯曼3比1泽林卡库库洛娃##WTT常规挑战赛德班站#混双1/4决赛，@林詩棟y /蒯曼@kuaiman0207 3-1战胜泽林卡/库库洛娃！四局比分为7-11、11-6、11-3、11-7 咪咕乒乓球的微博视频 ,2023/1/13,4,0,2,"林诗栋蒯曼3比1泽林卡库库洛娃,WTT常规挑战赛德班站",2023/1/13 17:15
2,7,0,1,1,#薛飞钱天一3比0科吉尔玛凡迪##WTT常规挑战赛德班站#混双1/4，@薛飞0210 /@钱天一321 3比0战胜南非组合科吉尔/玛凡迪！三局比分为11-9、11-2、11-3 ,2023/1/13,8,1,2,"薛飞钱天一3比0科吉尔玛凡迪,WTT常规挑战赛德班站",2023/1/13 16:52
2,6,0,1,1,【#大马赛雅思组合进八强#】#2023年大马羽毛球公开赛# @郑思维--- /@黄雅琼--- 雅思组合21-16、21-10战胜 @吴埙阀 /赖洁敏 8进4：郑思维/黄雅琼 vs 吉奎尔/德尔吕  ,2023/1/12,34,0,109,"大马赛雅思组合进八强,2023年大马羽毛球公开赛",2023/1/12 18:58
2,7,0,1,1,【#林诗栋蒯曼3比0南非组合#】#WTT常规挑战赛德班站# 混双1/8决赛，#@林詩棟y /蒯曼@kuaiman0207 组合3-0战胜南非组合林格维尔德特/爱德华兹（11-3/11-2/11-3）。咪咕乒乓球的微博视频 ,2023/1/12,9,0,2,"林诗栋蒯曼3比0南非组合,WTT常规挑战赛德班站",2023/1/12 17:30
2,7,0,1,1,【#薛飞钱天一3比1邱党米特兰姆#】#wtt常规挑战赛德班站# 混双R16场次，@薛飞0210 /@钱天一321 组合3-1战胜@邱党DangQiu /米特兰姆(德国)组合，四局比分：11-7、6-11、11-4、11-6。咪咕体育的微博视频 ,2023/1/12,10,1,3,"薛飞钱天一3比1邱党米特兰姆,wtt常规挑战赛德班站",2023/1/12 17:00
2,7,0,1,1,#林高远王曼昱4比2林兆恒吴咏琳##德班世乒赛亚洲区预赛#混双小组赛，@Eric-林高远 /@王曼昱 4-2战胜林兆恒/吴咏琳，六局比分为9-11、11-7、11-6、11-2、10-12、11-3 咪咕体育的微博视频 ,2023/1/9,22,5,2,"林高远王曼昱4比2林兆恒吴咏琳,德班世乒赛亚洲区预赛",2023/1/9 16:51
2,7,0,1,1,#王楚钦孙颖莎4比2冯耀恩王歆茹##德班世乒赛亚洲区预赛# 混双小组赛A组， @王楚钦___ /@孙颖莎 4比2战胜冯耀恩/王歆茹(新加坡)！六局比分为11-8、11-7、7-11、9-11、11-3、11-5 ,2023/1/9,27,4,1,"王楚钦孙颖莎4比2冯耀恩王歆茹,德班世乒赛亚洲区预赛",2023/1/9 15:49
2,7,0,1,1,#德班世乒赛亚洲区预赛##孙颖莎王楚钦多拍训练# 混双比赛前，@王楚钦___ @孙颖莎 进行赛前训练。两人将在3点对阵新加坡组合冯耀恩/王歆茹。 新浪体育的微博视频 ,2023/1/9,15,5,2,"德班世乒赛亚洲区预赛,孙颖莎王楚钦多拍训练",2023/1/9 14:56
2,13,0,1,1,【#首支霹雳舞国家队名单#】中国国家霹雳舞队选拔赛8日结束，8名选手（4男4女）从比赛中脱颖而出，组成首支正式的霹雳舞中国国家队。#霹雳舞国家队力争直通巴黎# 男子组：@商小宇ok 、@亓祥宇Bboylithe 、张鑫杰、于子昂。女子组：@Bgirl刘清漪671 、曾莹莹、郑子妍、@彭大莹DAYING 。人民日报体育的微博视频   网页链接,2023/1/9,66,10,7,"首支霹雳舞国家队名单,霹雳舞国家队力争直通巴黎",2023/1/9 11:40
2,3,0,1,1,【#网球联合杯美国队夺冠#】首届网球联合杯，美国队4-0意大利夺冠。女单：佩古拉6-4/6-2特雷维桑男单：穆塞蒂因伤退赛，蒂亚福获胜男单：弗里茨7（4）-6/7（6）-6贝雷蒂尼女单：凯斯6-3/6-2布朗泽蒂WTA国际女子网球协会的微博视频 ,2023/1/9,8,2,3,网球联合杯美国队夺冠,2023/1/9 11:20
2,14,0,3,4,【#邓亚萍侯勇岳云鹏致敬快递外卖小哥#】快递外卖小哥当选2022中国经济年度人物特别奖，@小个邓亚萍 ，@演员侯勇 ，@岳云鹏 ，@张伟丽MMA 惊喜现身致敬快递外卖小哥，#岳云鹏帮快递小哥圆梦#。向快递外卖小哥致敬！新浪财经的微博视频  ,2023/1/6,18,2,3,"邓亚萍侯勇岳云鹏致敬快递外卖小哥,岳云鹏帮快递小哥圆梦",2023/1/6 21:41
2,11,0,1,8,#隋文静韩聪获年度体育人物# @中国新闻周刊 评选2022#年度影响力人物#，奥运冠军、花样滑冰运动员@Guile隋文静 、@Allen韩聪 被评为2022年度体育人物。在2022年北京冬奥会上，隋文静与韩聪以总成绩239.88分获得花样滑冰双人滑比赛的金牌，实现花滑双人滑全满贯壮举！祝贺隋文静、韩聪！ ,2023/1/5,49,7,5,"隋文静韩聪获年度体育人物,年度影响力人物",2023/1/5 11:40
2,14,0,1,1,#体育大赏#持续进行。2022，@韩宇531 多风格尝试惊喜满满，@肖杰-Crazy 火热街舞点燃全场，@David叶音_WiiiiK 全方面巧思震撼成片，@TS白小白 中国风爵士迷倒众人，@RMB-Eleven 高质量编舞惊艳观众。欢迎点击 2022微博体育大赏 为喜欢的舞者助力！ ,2023/1/4,12,2,0,体育大赏,2023/1/4 14:20
2,7,0,2,1,#国乒出征世乒赛预选赛##2023德班世乒赛亚洲预选赛# 网友拍到国乒出征卡塔尔多哈，参加德班世乒赛亚洲预选赛！该项赛事共设5个项目，单打比赛将分为16组，每组头名获得单打资格，第二名继续比拼力争余下名额。将采用同协会回避制，国乒全程外战争夺参赛资格！此猫咬人3号机的微博视频 ,2023/1/4,72,11,110,"国乒出征世乒赛预选赛,2023德班世乒赛亚洲预选赛",2023/1/4 11:40
2,7,0,1,5,#邱贻可孙颖莎创业型师徒# @乒乓张超 直播中透露：“邱贻可和孙颖莎@孙颖莎 这对组合我觉得蛮有意思的。他俩是商量着来，最后看怎么商量一个更好的办法去解决问题。”Moonlight_Rio的微博视频 ,2023/1/4,21,3,2,邱贻可孙颖莎创业型师徒,2023/1/4 10:40
2,11,0,2,1,#2023大冬会中国代表团成立# #中国25名运动员参加大冬会# 第31届世界大学生冬季运动会中国大学生体育代表团成立，25名大学生运动员将参加短道速滑、女子冰壶、单板滑雪3大项11小项的比赛，代表团总人数为49人。2023大冬会将于1月12-22日在美国普莱西德湖举办，共设12个大项86个小项。 ,2023/1/4,7,0,1,"2023大冬会中国代表团成立,中国25名运动员参加大冬会",2023/1/4 9:40
2,7,0,1,1,#春节假期可以看国乒比赛# #国乒新教练组面临考验# 封闭集训后，国乒将踏上新赛季征程，1月份5站比赛接踵而至！国乒新教练团队核心李隼、王皓、马琳、肖战考验来了！1月7-13日：德班世乒赛亚洲区选拔赛1月10-15日：WTT常规挑战赛德班站1月15-21日：WTT常规挑战赛多哈站1月22-26日：WTT支线赛多哈站1月30-2月4日：WTT支线赛安曼站,2023/1/3,123,35,4,"春节假期可以看国乒比赛,国乒新教练组面临考验",2023/1/3 14:40
2,13,0,2,6,飞盘，露营，滑雪……2022年，你最关注的户外项目是什么呢？快来#体育大赏#，点击2022微博体育大赏 为你关注/喜欢的项目助力吧~ ,2023/1/3,11,4,1,体育大赏,2023/1/3 14:26
2,7,0,1,8,#2023年国际乒联第一期世界排名# #樊振东孙颖莎世界第一开启2023#男单：樊振东、马龙@captain龙 、@王楚钦___ 位居前3，梁靖崑第6，@Eric-林高远 12女单：@孙颖莎 、@陈梦-乒乓球 、@王曼昱 、王艺迪@迪214 稳居前4，@陈幸同 第7男双：樊振东/王楚钦排名第3，林高远/梁靖崑第6女双：王曼昱/孙颖莎位居榜首,2023/1/3,38,6,5,"2023年国际乒联第一期世界排名,樊振东孙颖莎世界第一开启2023",2023/1/3 9:00
2,7,0,1,1,#国乒开启新赛季# 德班世乒赛亚洲区选拔赛将于1月7日至13日在卡塔尔多哈举行，这是国乒新赛季的首站比赛。1月赛程：1月7日-13日 德班世乒赛亚洲区预选赛1月10日-15日 WTT常规挑战赛德班站1月15日-21日 WTT常规挑战赛多哈站1月22日-26日 WTT支线赛多哈站1月30日-2月4日 WTT支线赛安曼站 ,2023/1/2,11,1,109,国乒开启新赛季,2023/1/2 15:50
2,13,0,2,1,【#2023年赛历出炉#】2023年各项体育赛事比赛日程出炉。1月：斯诺克大师赛、澳网2月：花滑四大洲、自由式滑雪和单板滑雪世锦赛3月：速度滑冰世锦赛、短道世锦赛、花滑世锦赛4月：斯诺克世锦赛5月：苏迪曼杯、世乒赛、法网6月：女排国家联赛、男排国家联赛、欧冠决赛7月：温网、游泳世锦赛、女足世界杯、成都大运会8月：田径世锦赛、羽毛球世锦赛、男篮世界杯9月：美网、举重世锦赛、巴黎奥运会女排资格赛、杭州亚运会10月：体操世锦赛、巴黎奥运会男排资格赛11月：WTT冠军赛、ATP年终总决赛12月：羽毛球年终总决赛央视网体育的微博视频,2023/1/2,23,9,15,2023年赛历出炉,2023/1/2 15:16
2,1,0,1,1,#体育大赏#持续进行，2022年@中国女足 亚洲杯逆风翻盘，带来新年震撼。北京冬奥，@徐梦桃 、@Guile隋文静 、@Allen韩聪 多年坚守完美圆梦。这一年，国乒表现出色，@孙颖莎 、王艺迪@迪214 、@Eric-林高远 等有所斩获。CBA赛场，@林葳_23 打出超级新人成色。点击2022微博体育大赏 为认可的运动员助力！ ,2023/1/2,12,5,2,体育大赏,2023/1/2 13:02
2,7,0,1,8,#国际乒联2022神仙球大赏#  WTT官方带来2022年国际乒联神仙球合辑，乒乓球能打到这个份上，真的令人叹为观止！咪咕体育的微博视频 ,2023/1/1,49,13,49,国际乒联2022神仙球大赏,2023/1/1 18:47
2,11,0,1,4,#体育大赏# 正式开启！回首2022年，@武大靖 @任子威r @青蛙公主爱凌 冬奥圆梦；@陈乐乐Diving 大赛狂揽金牌；@王岚嵚___ 喜获CBA状元。@邓丽娟- 攀岩世界杯4站比赛3站问鼎。中国女篮获世界杯亚军、阿根廷获世界杯冠军，谁给你留下了最深刻的印象，点击 2022微博体育大赏 为他们助力！ ,2023/1/1,18,0,0,体育大赏,2023/1/1 11:49
2,13,0,2,4,【#成都大运会2023年邀请片发布#】新年第一天，成都有客来！第一视角沉浸体验千年成都魅力！今年7月，我们成都见！@成都2021世界大运会 #2023成都见# 成都2021世界大运会的微博视频 ,2023/1/1,16,3,4,"成都大运会2023年邀请片发布,2023成都见",2023/1/1 11:40
2,7,0,1,9,#樊振东孙颖莎年终第一海报# WTT发布2022年度男女单打年终第一官方海报，再次恭喜樊振东和@孙颖莎 ，荣膺年终第一！ ,2022/12/31,141,9,7,樊振东孙颖莎年终第一海报,2022/12/31 16:40
2,14,0,3,4,#顶流冰墩墩回归# #冰墩墩变身兔墩墩# “冰墩墩兔年特别版系列”来啦！兔爷的服饰和兔耳朵等特征与冰墩墩相结合，既体现了中国传统文化的美好祝愿——“幸福安康”，也对即将到来的兔年寄予美好祝福。中国奥委会与国际奥委会进行了反复沟通与协商，“冰墩墩”再回大众视野！央视新闻的微博视频 ,2022/12/29,17,3,8,"顶流冰墩墩回归,冰墩墩变身兔墩墩",2022/12/29 10:00
2,14,0,3,4,#兔墩墩来了# 12月28日，“北京2022冰墩墩兔年特别版系列”正式发布！冰墩墩兔年特别版系列授权产品上线，此次新品是以北京传统民俗中的经典兔子形象“兔爷”为创意点，形成具有民族特色的“兔墩墩”，你心动了嘛？ #冰墩墩变身兔墩墩# ,2022/12/28,219,28,13,"兔墩墩来了,冰墩墩变身兔墩墩",2022/12/28 16:00
2,14,0,2,6,#彩票市场春节休市10天# 近日，财政部发布了2023年彩票休市公告，1月19日0:00至1月28日24:00彩市休市（腊月二十八到正月初七），共10天；国庆节1日-4日共4天。休市期间，除即开型彩票外，停止全国其他类型彩票游戏的销售、开奖和兑奖。彩民朋友们注意哦~ ,2022/12/28,14,3,109,彩票市场春节休市10天,2022/12/28 13:00
2,14,0,3,6,#世界杯手绘大赛# 活动火热收官！和大V原创插画师一起画出世界杯精彩瞬间～相关话题阅读量5330万，原创插画师300+参与重磅资源加持 媒体联动出圈饺子皮表情包花式出场Q版球员球队集结决赛不是终点 画笔勾勒球场上的难忘瞬间更多详情戳大图查看哦↓↓ ,2022/12/27,11,3,4,世界杯手绘大赛,2022/12/27 21:05
2,13,0,1,1,【#UFC年度最佳KO评选#】#微盘点#  💥钱德勒残暴前踢💥爱德华兹惊天反杀💥莫莉-麦肯转身摆肘💥@张伟丽MMA 转身鞭拳哪个是你心中的UFC年度最佳KO？咪咕体育的微博视频 ,2022/12/27,13,3,6,"UFC年度最佳KO评选,微盘点",2022/12/27 18:00
2,11,0,1,1,【#谷爱凌苏翊鸣将参加世界极限运动会#】#谷爱凌出战Xgames三项比赛# 2023年1月27-29日，2023年世界极限运动会（X Games）将在美国阿斯本举行，中国运动员谷爱凌@青蛙公主爱凌 、@苏翊鸣 、蔡雪桐@x桐c 受邀参赛。谷爱凌将参加自由式滑雪女子大跳台、自由式滑雪女子坡面障碍技巧、自由式滑雪女子U型池的比赛。苏翊鸣将参加单板滑雪男子大跳台、单板滑雪男子坡面障碍技巧两个项目。蔡雪桐则将亮相单板滑雪女子U型池。,2022/12/26,1600,69,9,"谷爱凌苏翊鸣将参加世界极限运动会,谷爱凌出战Xgames三项比赛",2022/12/26 18:29
2,13,0,2,4,#亚残运会宣传推广歌曲发布#2022年12月26日，#杭州亚残运会迎来倒计时300天#。杭州亚残组委发布亚残运会宣传推广歌曲《我们都一样》以及盲人门球竞赛项目宣传片，展现亚残运会筹办进展和残疾人事业发展成果，以自信的姿态向全亚洲发出热情邀约。中国蓝新闻的微博视频 ,2022/12/26,12,2,1,"亚残运会宣传推广歌曲发布,杭州亚残运会迎来倒计时300天",2022/12/26 14:40
2,13,0,1,8,#新华社评出2022年国际十佳运动员#1、谷爱凌（中国，女，19岁，自由式滑雪）2、梅西（阿根廷，男，35岁，足球）3、斯豪滕（荷兰，女，30岁，速度滑冰）4、基普乔格（肯尼亚，男，38岁，田径）5、杜普兰蒂斯（瑞典，男，23岁，田径）6、本泽马（法国，男，35岁，足球）7、纳达尔（西班牙，男，36岁，网球）8、莱德茨基（美国，女，25岁，游泳）9、斯维亚特克（波兰，女，21岁，网球）10、维斯塔潘（荷兰，男，25岁，赛车）#谷爱凌回顾2022#,2022/12/26,7762,1514,593,"新华社评出2022年国际十佳运动员,谷爱凌回顾2022",2022/12/26 14:20
2,13,0,1,8,【#新华社评出2022年中国十佳运动员#】新华社体育部评出2022年中国十佳运动员：谷爱凌@青蛙公主爱凌 、@高亭宇 、@苏翊鸣 、@徐梦桃 、王嘉男@嘉男兄Fighting 、@Guile隋文静 /@Allen韩聪 、@杨洪琼_ 、@郑钦文Ana 、@张伟丽MMA 、陈芋汐@陈乐乐Diving /@全红婵 ,2022/12/25,2841,244,155,新华社评出2022年中国十佳运动员,2022/12/25 16:51
2,7,0,1,4,#樊振东孙颖莎送圣诞祝福# WTT官方发布圣诞祝福视频，樊振东和@孙颖莎 也祝球迷们圣诞和新年快乐！咪咕体育的微博视频 ,2022/12/24,19,1,1,樊振东孙颖莎送圣诞祝福,2022/12/24 21:02
2,13,0,1,1,#滑板国家集训队选拔赛南京开赛#“星耀巴黎 追梦奥运”🔥2024巴黎奥运会、2022杭州亚运会滑板国家集训队选拔赛正在直播！期待运动员们全力发挥，努力拼搏，组成超强国家队！关注@咪咕酷盖滑板圈 微博直播间，为中国滑板加油！#王一博助力国家滑板队选拔赛#  咪咕酷盖滑板圈的微博直播 ,2022/12/24,14,0,1,"滑板国家集训队选拔赛南京开赛,王一博助力国家滑板队选拔赛",2022/12/24 10:22
2,1,0,3,1,#近半数德国人对国家队失去兴趣# 民意研究机构Yougov代表德国新闻社进行了一项调查，显示大约46%的受访者表示对国家队的兴趣有所下降。由于德国队在过去三届大赛中表现令人失望，其中26%的德国人表示对国家队的兴趣急剧下降，20%的人表示失去了一些兴趣。只有18%的人保持和以前一样的兴趣。咪咕足球的微博视频,2022/12/23,253,30,120,近半数德国人对国家队失去兴趣,2022/12/23 15:30
2,7,0,1,1,#国乒增设混双组长# #国乒再设总教练# 国乒此次竞聘，混双组长岗位为新增，对标巴黎奥运会5块金牌的项目设置和队伍备战目标。明确巴黎目标导向，责任落实到人。在东京奥运会周期，女一队教练组组长马琳兼任混双组组长。此次竞聘，国乒再设总教练，上一个担任国乒总教练的是刘国梁。 ,2022/12/23,30,18,3,"国乒增设混双组长,国乒再设总教练",2022/12/23 11:40
2,11,0,1,8,#隋文静韩聪入围花滑年度奖项三项评选#2023年花滑年度奖项（ISU Skating Awards）颁奖典礼将于2023年2月5日在瑞士苏黎世海伦体育场举行。花滑年度奖项共包含八大奖项，北京冬奥会双人滑冠军、中国花样滑冰双人滑运动员@Guile隋文静 /@Allen韩聪 入围其中三项奖项的评选，分别为最有价值运动员奖、最佳服饰奖以及最具有趣节目奖。,2022/12/21,44,1,2,隋文静韩聪入围花滑年度奖项三项评选,2022/12/21 22:25
2,14,0,2,6,【预告】北京时间12月21日下午5点，新浪体育连麦直播，主持人@小青LoveMilanForever 连麦@郜林 ，媒体人@艾晚 、@马克欣 ，跟大家一起分享足球故事。#再见我的2022# #2022直想和你聊# #世界杯#  新浪体育的微博直播 聊聊足球 ,2022/12/21,170,32,15,"再见我的2022,2022直想和你聊,世界杯",2022/12/21 13:42
2,7,0,1,8,#国际乒联第51周世界排名#男单：樊振东、张本智和、马龙@captain龙 、@王楚钦___ 位居前四，梁靖崑第六，@Eric-林高远 第13；女单：@孙颖莎 、@陈梦-乒乓球 、@王曼昱 、王艺迪@迪214 稳居前四，@陈幸同 排名第7；男双：樊振东/王楚钦排名第3，林高远/梁靖崑第8；女双：王曼昱/孙颖莎位居榜首 ,2022/12/20,26,4,1,国际乒联第51周世界排名,2022/12/20 8:21
2,4,0,1,1,#短池游泳世锦赛# 将于12/13-12/18举办，赛程及中国队报名情况如下：女子：@o张雨霏o 、@_李冰洁-fighting 、柳雅欣@柳阿欣 、@W吴卿风W 、@杨MIAO浚瑄 、@-余依婷 、刘姝含、彭旭玮、@唐钱婷_ 、万乐天、王一淳、@禾呈玉洁 、@_葛楚彤_ 、@刘祉彤- 、杨畅、@张一璠_ 、张可男子：@闫子贝gogo 、潘展乐@看台观战选手 、@覃海洋_ 、@孙佳俊- 、陶冠男@会游泳的冠男 、王浩宇、陈恩德、@陈俊儿__ 、费立纬@第六感之王 、黄志伟、王谷开来、徐放,2022/12/12,15,2,3,短池游泳世锦赛,2022/12/12 15:04
2,6,0,1,1,#雅思组合 十全十美##雅思组合单赛季10冠#亚锦赛泰国赛印尼大师赛印尼公开赛大马公开赛大马大师赛世锦赛丹麦赛法国赛#2022年世界羽联总决赛# 一个十全十美的赛季 ,2022/12/11,90,8,7,"雅思组合 十全十美,雅思组合单赛季10冠,2022年世界羽联总决赛",2022/12/11 20:24
