性别（男0 女1 其余2）,项目（足球1 篮球2 网球3 游泳跳水4 田径5 羽毛球6 乒乓球7 体操8 排球9 台球10 冰雪项目11 电竞12 其他13 体育无关14）,是否用外号（0无 1有+正面或中性 2有+负面或调侃） ,身份（1运动员 2其余从业者 3非从业者）,类别（1赛事赛场报道 2个人生活 3社交媒体活动 4公关宣传、采访 5人际关系 6商业活动 7花边绯闻 8外界评价 9媒体物料 10负面新闻）,正文,日期,点赞数,评论数,转发数
0,3,0,1,1,#德约科维奇澳网十冠王# 德约科维奇3-0击败西西帕斯，实现10次澳网决赛全部夺冠壮举，同时追平纳达尔大满贯22冠纪录。 ,2023/1/29,16,0,3
1,3,0,1,1,【萨巴伦卡夺得澳网女单冠军】萨巴伦卡2-1逆转莱巴金娜，生涯首夺澳网女单冠军，这也是她首座大满贯冠军奖杯>>腾讯体育 ,2023/1/28,7,0,2
0,3,0,1,1,【德约科维奇3-0保罗 第10次晋级澳网决赛】德约决赛对手是3号种子西西帕斯，他将向澳网十冠王发起冲击！腾讯体育 ,2023/1/27,3,0,0
0,1,0,1,8,【《卫报》2022百大球员排名：梅西居首 C罗第51】姆巴佩屈居第2，金球先生本泽马第3，哈兰德、魔笛紧随其后位居前五。详细排名>>腾讯体育 ,2023/1/27,4,3,1
0,2,0,1,1,NBA十佳球：兰德尔“生吃”塔图姆送暴扣，泡椒极速抢断上演大风车灌篮，欧文1V2超长滞空打成2+1。27日NBA十佳球 乔治风车暴扣兰德尔滑翔炸筐斗志昂扬 ,2023/1/27,5,1,0
0,2,0,1,1,【篮网爆冷负活塞 欧文空砍40+5+6】西蒙斯伤退0分7助攻，篮网“赵四”高效13中11，轰下27+13；东部垫底队结束四连败，全队八人上双。天神下凡！欧文失衡倒地霸气打成2+1 ,2023/1/27,2,0,0
0,2,1,1,8,【詹皇第10次当选全明星票王 独占历史第一】全明星首发公布：詹皇库里领衔西部先发，锡安反超浓眉；字母当选东部票王，恩比德无缘首发。详细名单>> ,2023/1/27,6,0,1
0,1,0,1,1,【利雅得胜利1-3无缘沙超杯决赛，C罗头球造险】2022沙特超级杯半决赛，吉达联合3-1淘汰利雅得胜利，与费哈会师决赛，C罗门前1米头球不进，罗马里尼奥和汉默拉分别建功，塔利斯卡扳回一分。C罗无缘争夺加盟沙特以来首个冠军，代表新东家连续2场打满全场，C罗0球0助还没有开胡。腾讯体育 ,2023/1/27,3,1,0
0,1,0,1,1,【国王杯皇马3-1逆转马竞晋级四强，本泽马加时破门】西班牙国王杯1/4决赛，皇马坐镇伯纳乌球场迎战马竞。上半场莫拉塔破门，门迪因伤被塞巴略斯换下，下半场罗德里戈超级一条龙进球帮助皇马扳平比分。加时赛萨维奇两黄变一红被罚下，本泽马低射破门，加时赛最后时刻维尼修斯进球，最终皇马3-1逆转马竞，晋级四强。腾讯体育,2023/1/27,5,0,1
0,2,0,2,1,【痴迷3后卫+弃用1内线 哈姆赢球仍该骂？】湖人主帅弃用加布里埃尔令美媒不满：有了八村垒足够可以排出两套常规阵容！详细阅读>>腾讯体育 【集锦】马刺104-113湖人 八村垒首秀12+6湖人胜马刺 ,2023/1/26,3,3,0
0,1,0,3,10,【过分！极端马竞球迷羞辱皇马球星】马德里德比赛前，球迷挂反皇马横幅+吊维尼修斯人偶，马竞官方发声明强烈谴责。#皇马vs马竞# 详细阅读>>腾讯体育 ,2023/1/26,4,0,0
0,2,2,1,1,【浓眉复出首战90度崴脚 湖人主帅吓坏了】浓眉赛后透露脚踝伤势，哈姆回应：我差点被吓晕，赶紧去问他感觉怎么样！详细阅读>>腾讯体育 【球星】戴维斯vs马刺集锦 复出替补出战高效21+12两双入账 ,2023/1/26,5,1,0
0,2,0,1,5,【林书豪加盟中国台湾联赛 周杰伦欢迎】两人线上约野球局，周杰伦兴奋回应林书豪：你说的喔！详细阅读>>腾讯体育 ,2023/1/26,21,1,1
0,2,0,1,10,【争议动作！恩比德脏话回应杜兰特吐槽】恩比德击败篮网做出大尺度不雅庆祝动作，巴特勒社媒@NBA 官方：罚他款！详细阅读>>网页链接 【球星】恩比德vs篮网集锦 全场26+10献致命抢断 ,2023/1/26,4,0,1
0,2,2,1,1,【NBA十佳球：篮网赵四钉板血帽恩比德】库明加原地隔扣+普尔绝杀上榜，浓眉复出送凶残封盖，欧文空中换手上篮太潇洒。26日NBA十佳球 戴维斯送排球式血帽 欧文空中换手上篮 ,2023/1/26,8,1,0
0,2,0,1,7,【八村垒湖人首秀 日本转播服务器崩溃】他砍下12分6篮板1助攻，正负值+17全场最高！你给八村垒的首秀打几分？详细阅读>>腾讯体育 【球星】八村垒vs马刺集锦 湖人首秀12+6正负值全场最高 ,2023/1/26,12,1,0
0,2,0,1,5,【库里大度！赛后专门等待并拥抱普尔】普尔决胜时刻糟糕出手惹怒库里，后者摔牙套导致被驱逐，赛后库里主动和解。详细阅读>>腾讯体育 心态炸裂 库里回防时怒扔牙套被判驱逐出场 ,2023/1/26,18,6,0
0,2,1,1,1,【普尔上篮绝杀！勇士双杀灰熊 库里34分遭驱逐】普尔糟糕出手，库里怒摔牙套遭驱逐，最后时刻前者完成救赎，上篮绝杀；灰熊惨遭四连败，莫兰特空砍29+13。心态炸裂 库里回防时怒扔牙套被判驱逐出场 ,2023/1/26,12,2,1
0,2,2,1,1,【詹皇准三双湖人横扫马刺 浓眉复出21+12+4封盖】湖人逆转送马刺三连败，八村垒首秀12分6篮板，正负值+17全场第一，威少15投14分。看视频>>浓眉转身抛射迎射科林斯 威少击地妙传浓眉轻松取分 ,2023/1/26,10,4,2
0,2,2,1,1,【浓眉复出八村首秀！正免费视频直播马刺vs湖人】本赛季湖人已三杀马刺，此役浓眉伤停20场后复出，新援八村垒首秀。紫金军团能否赛季横扫对手？看直播>>扫一扫下载 腾讯体育APP ,2023/1/26,3,0,0
0,2,1,1,1,【库里对决莫兰特！正视频直播灰熊vs勇士】莫兰特伤愈复出，再战恩怨局。水花兄弟PK灰熊双枪，谁能更胜一筹？看直播>>扫一扫下载 腾讯体育APP ,2023/1/26,4,0,0
0,1,0,1,1,【英联杯半决赛首回合曼联3-0，新援斩获红魔生涯首球】联赛杯半决赛首回合，曼联对阵诺丁汉森林。上半场，拉什福德一条龙破门，韦霍斯特补射得手。下半场，埃里克森中框，B费破门。全场结束，曼联3-0诺丁汉森林占得先机。 ,2023/1/26,5,4,1
0,1,0,1,1,【国王杯巴萨1-0晋级半决赛，登贝莱制胜】西班牙国王杯1/4决赛，巴萨坐镇诺坎普迎战皇家社会。上半场布莱斯-门德斯被红牌罚下，两队暂0-0战平；下半场登贝莱小角度爆射破门，最终巴萨1-0击败十人皇家社会，挺进半决赛。腾讯体育 ,2023/1/26,2,0,0
0,2,0,1,1,#快船战胜湖人##詹姆斯46分#【詹姆斯46+8+7刷爆纪录 湖人遭洛城德比10连败】湖人惨负快船结束2连胜，詹姆斯命中9记三分创生涯纪录，面对联盟30队全部砍过40+，成为历史第一人。威少17分迎24000分里程碑，小卡乔治合砍52+18。 ,2023/1/25,6,0,1
0,2,1,1,1,【惊魂一幕！詹皇拼命救球翻过座椅重摔在地】詹姆斯救球撞到场边女球迷，翻过座椅重摔在地，所幸无大碍，躺地缓了一会儿重新登场。今天真拼了 詹姆斯救球翻出场外 ,2023/1/25,7,1,0
0,2,0,1,1,【詹姆斯战卡椒冲神迹！正视频直播快船vs湖人】洛杉矶德比群星璀璨，湖人对阵快船已9连败，詹姆斯能否率队终结尴尬纪录。看直播>>扫一扫下载 腾讯体育APP ,2023/1/25,3,1,0
0,2,0,1,1,今天11点，NBA迎来重磅比赛：湖人VS快船的洛城德比，看点如下：1、近期交锋，快船已经对湖人取得 9-0战绩，此战是快船连胜的延续，还是湖人终结连败；2、洛城德比从来都不缺乏巨星：詹姆斯、小卡、泡椒纷纷登场，当然还有场边成群结队的好莱坞巨星们；3、詹姆斯此战若砍下40分，将实现对联盟30队全部砍下40+得分的壮举，创造NBA神迹。欢迎大家来腾讯体育APP观看本场比赛。,2023/1/25,4,2,0
0,2,0,1,1,【NBA全明星赛重大创新！队长比赛前在球场选人】NBA官宣全明星赛队长选人方式改变，首次在比赛开打前，双方队长在球场挑选队友，名记：这太有趣了。腾讯体育 ,2023/1/25,11,0,0
0,2,0,1,1,26日NBA新年必看比赛：湖人马刺昔日对手赛场重逢26日NBA新年必看比赛 湖人马刺昔日对手赛场重逢 ,2023/1/25,1,0,0
0,1,0,1,1,【姆巴佩5射1传队史首人 巴黎7-0晋级法国杯16强】法国杯1/16决赛巴黎圣日耳曼客场对阵低级别球队卡塞勒，在梅西缺席的情况下，姆巴佩上演五子登科并送出助攻，内马尔则贡献1球2助攻，大巴黎7-0完胜轻松晋级下一轮。腾讯体育 巴黎7-0晋级法国杯16强：姆巴佩五子登科队史第一人 ,2023/1/24,6,0,0
0,2,1,1,1,#湖人战胜开拓者##詹姆斯37分11篮板##托马斯布莱恩特31分14篮板# 【湖人惊天逆转！詹姆斯37+11托布31+14】 湖人25分逆转开拓者获2连胜，詹姆斯单节轰16分，托布31分创赛季新高，布朗关键三分杀死比赛，施罗德24+6+8。 腾讯体育 ,2023/1/23,11,1,0
0,2,1,1,1,#篮网战胜勇士##欧文38分##库里26分#【库里汤神连丢关键三分 勇士遭篮网17分大逆转】篮网双杀勇士，欧文38+7+9，末节12分收割比赛；库里空砍26+6+7，汤普森17中4，三分7中0。 ,2023/1/23,5,2,0
0,2,1,1,6,排面气氛拉满！腾讯体育球迷、主播新春贺岁视频，登上勇士主场大屏幕。牌面气氛拉满！腾讯体育球迷、主播新春贺岁视频，登上勇士主场大屏幕！ ,2023/1/23,7,0,2
0,2,1,1,1,【詹皇对飙利拉德！正视频直播湖人vs开拓者】双方关键卡位战，詹姆斯率队冲连胜，威少施罗德能否再次爆发？看直播>>扫一扫下载 腾讯体育APP ,2023/1/23,1,0,0
0,2,0,1,1,【库里复出大战欧文！正视频直播篮网vs勇士】库里领衔4大主力复出，勇士五小首发欲报30分惨败之仇，欧文上一场狂轰48分，此役能否再次爆发？扫一扫下载 腾讯体育APP ,2023/1/23,4,0,0
0,1,0,1,1,C罗沙特联赛首秀迎开门红，利雅得胜利1-0重返榜首，中超旧将塔利斯卡头球制胜。腾讯体育 ,2023/1/23,6,1,0
0,1,0,1,1,#阿森纳3比2曼联##恩凯蒂亚绝杀#神剧情！英超阿森纳3-2复仇曼联，恩凯蒂亚第90分钟蝎子摆尾绝杀腾讯体育 ,2023/1/23,7,0,1
0,1,0,1,1,【正视频直播德甲：多特vs奥格斯堡】贝林厄姆领衔首发，多特能否终结德甲2连败？看直播>>扫一扫下载 腾讯体育APP ,2023/1/22,0,0,0
0,7,0,1,5,乒乒乓乓不止白色的小球还有一颗心属白衣的冠军之心祝美凌格樊振东生日快乐！#花式拜年大赛# #皇马球员求助樊振东# #银河战舰兔步青云# 皇马 皇家马德里足球俱乐部的微博视频 ,2023/1/22,9218,1068,1896
1,2,0,1,4,#中国女篮登上央视春晚#  中国女篮亮相央视春晚：中国人永远有重回巅峰的信心和能力！中国女篮亮相央视春晚：中国人永远有重回巅峰的信心和能力！ ,2023/1/22,13,1,2
0,1,0,1,1,【英超#利物浦0比0切尔西#  新年3轮不胜】切尔西亿元先生穆德里克替补首秀，禁区连过两人射门表现抢眼；哈弗茨3分钟破门被VAR吹出>>腾讯体育 ,2023/1/21,6,1,0
0,3,0,1,1,【豪取24连胜！德约3-0晋级澳网16强】澳网男单第三轮，德约科维奇首盘赢抢七，直落三盘3-0淘汰迪米特洛夫，豪取澳网24连胜+晋级16强>>腾讯体育 ,2023/1/21,10,0,0
0,13,0,2,1,@NFL橄榄球 解说大咖齐送新春祝福，明天大年初一上午9点，腾讯体育视频直播NFL季后赛：巨人vs老鹰。 腾讯体育的微博视频 ,2023/1/21,43,7,11
0,2,0,1,1,#湖人战胜灰熊#【施罗德制胜抢断+准绝杀！湖人逆转终结灰熊11连胜】施罗德最后时刻连得5分，关键抢断打成2+1准绝杀，詹姆斯23+9+6，威少29分创赛季新高，克拉克错失绝平罚球。 腾讯体育 ,2023/1/21,7,1,0
0,2,0,1,1,正视频直播灰熊vs湖人，詹姆斯对决莫兰特，能否终结对手11连胜？看直播>>扫一扫下载 腾讯体育APP ,2023/1/21,1,0,0
0,2,0,1,1,免费看！正视频直播篮网vs爵士，欧文能否率队终结4连败？戳直播>>扫一扫下载 腾讯体育APP ,2023/1/21,1,1,0
0,1,0,2,10,#尤文图斯因财务造假案被扣15分#重磅罚单！意大利足协官方宣布，尤文因财务造假被扣15分，多名高管禁足。腾讯体育 ,2023/1/21,5,2,1
0,1,0,1,1,【梅罗对决上演进球大战！梅西闪击+造点 C罗梅开二度】#利雅得全明星队4比5巴黎圣日耳曼##梅西C罗击掌拥抱# 梅西破门并制造点球，C罗梅开二度，姆巴佩1球2助攻，内马尔罚丢点球，拉莫斯进球但失误，中超旧将张贤秀打入1球，塔利斯卡世界波，贝尔纳特吃到红牌。腾讯体育 ,2023/1/20,13,1,4
0,2,2,1,1,【詹姆斯空砍32+8+9 湖人憾负国王无缘连胜 】威少19+7+5，湖人首发五人仅老詹得分上双；国王豪取五连胜，福克斯31+6，小萨替身7中7。中距离连投连中 詹姆斯布莱恩特弹无虚发 ,2023/1/19,2,2,1
0,2,0,1,1,【詹姆斯率队冲连胜！正视频直播国王vs湖人】湖人上一次对阵国王2分险胜，施罗德准绝杀。此役紫金军团能否终结对手4连胜？看直播>>扫一扫下载 腾讯体育APP ,2023/1/19,3,0,0
0,2,0,1,1,【17中6+三分5中0！兰德尔成浪投大王】兰德尔出战34分钟，17投仅14分，惨被库兹马27+13+7打爆，赛后径直走回更衣室，尼克斯遭遇两连败。剧本都不敢这么写 兰德尔罚球不中挂筐补扣 ,2023/1/19,14,3,0
2,2,0,2,4,福兔綿延年富一年 腾讯NBA主持人嘉宾在这里给您拜年了！福兔綿延年富一年 腾讯NBA主持人嘉宾在这里给您拜年了！ ,2023/1/19,5,1,0
0,2,0,2,1,【男篮最新集训名单引热议 洋帅解释选人标准】联赛中表现出色的张宁等人落选，徐杰、姜伟泽等前国手也无缘集训名单。男篮新帅用这三个词解释选拔标准>>腾讯体育 ,2023/1/19,2,2,0
0,2,0,3,4,一场特别的篮球赛事即将开赛！原创篮球国漫#左手上篮动画定档0202#，2月2日起，腾讯视频&腾讯体育全网首播！每周四上午10点更新，感受竞技体育不同的魅力表达，球场上，篮框下，我们不见不散！制作方：@心魂动漫 独播平台：@腾讯视频 @极光TV @腾讯体育官方支持单位：@中国篮球协会 ,2023/1/19,2,0,0
0,2,0,1,1,【男篮18人集训名单出炉：周琦郭艾伦领衔】广东赵睿、胡明轩入选，辽宁郭艾伦、赵继伟、张镇麟三将入围，曾凡博上榜。详细名单>> ,2023/1/19,56,27,3
0,2,1,1,1,【曝欧文将和篮网续约 高管怕他再联手詹皇】名记报道欧文今夏将留守布鲁克林；联盟高管建议篮网不要只给2年合同，以防湖人抢人>> ,2023/1/19,8,2,0
0,2,0,1,1,【湖人补强方案：2换1引援马刺锋线悍将】薪资专家支招湖人两大交易方案：贝弗利+次轮签换马刺理查德森；2换2获尼克斯两大神射。详细>>腾讯体育 ,2023/1/19,2,0,0
0,1,0,1,1,【意超杯：国米3-0胜AC米兰夺冠】上赛季意杯冠军国际米兰3-0击败意甲冠军AC米兰，第7捧起意大利超级杯。迪马尔科、劳塔罗破门，哲科超越C罗成为意超杯最年长进球者。国米7次夺冠，历史夺冠次数追平AC米兰，仅次于尤文图斯（9次）。 ,2023/1/19,1,3,0
0,1,0,1,1,【曼联1-1遭绝平无缘10连胜】2022-23赛季英超第7轮补赛，曼联客场1-1被水晶宫绝平，无缘各项赛事的10连胜！韦霍斯特首秀，B费破门，奥利斯任意球世界波。腾讯体育 ,2023/1/19,1,0,0
0,2,0,1,1,【广东男篮赛季双杀辽宁 终结对手8连胜】马尚轰下36分，总得分突破7000分超马布里升历史第21，胡明轩贡献13+8，正负值+20全队最高，郭艾伦空砍14+6+6>>腾讯体育 ,2023/1/18,15,0,1
1,3,0,1,1,【郑钦文连丢7局崩盘 止步澳网女单次轮】郑钦文首盘4-1领先情况下连丢7局被逆转，最终0-2不敌美国选手佩拉，连续2年止步澳网第二轮。腾讯体育 ,2023/1/18,0,1,0
1,3,0,1,1,【张帅2-1晋级澳网次轮】张帅2-1击败罗马尼亚选手提格，连续2年晋级澳网女单次轮，三盘比分为6-1、4-6、6-0。腾讯体育 ,2023/1/18,5,1,0
0,2,0,1,1,【官宣！前国手后卫加盟北控男篮】刘晓宇将身披19号球衣代表北控男篮征战，这也是他CBA生涯效力的第四支球队>>腾讯体育 ,2023/1/18,6,2,0
1,3,1,1,1,【中国金花朱琳首进大满贯32强】澳网女单第二轮，朱琳2-0击败32号种子泰希曼，成功闯进32强，创造个人大满贯最佳战绩>>腾讯体育 ,2023/1/18,5,0,0
0,3,0,1,1,【卫冕冠军纳达尔无缘澳网32强】男单头号种子纳达尔不敌美国小将，比赛中他曾申请医疗暂停离场治疗，随后带伤出战。详细阅读>>腾讯体育 ,2023/1/18,3,0,0
0,2,0,1,8,【NBA首期关键球员榜：一人力压东契奇德罗赞】71分先生排第四，亚洲第一后卫在列，湖人勇士和篮网无人上榜。看榜单>>腾讯体育 【球星】福克斯vs马刺集锦 取23分送上隔扣索汉大礼 ,2023/1/18,3,1,0
0,2,0,1,1,【恩比德41分小卡乔治40分 76人击沉快船】哈登全场6中1仅得6分9助攻，乔治复出13分，76人3天内连杀洛城双雄！登帝组合的默契时刻 哈登两度连线恩比德 ,2023/1/18,5,1,0
0,2,1,1,5,【38岁的詹姆斯已和9对父子交手过】与火箭探花对话引热议！媒体列出他NBA生涯交手过的父子档，詹皇：这让我感到自己老了！详细阅读>>腾讯体育 【球星】詹姆斯vs火箭集锦 砍全场最高48分8篮板9助攻得分创赛季新高 ,2023/1/18,5,0,0
0,2,0,1,1,【太强！约基奇36分三双 利拉德44分成空砍】约基奇达成赛季第13次三双，助掘金7连胜继续领跑西部，利拉德连续6场得分30+。详细战报>>腾讯体育 【集锦】开拓者113-122掘金 利拉德空砍44分掘金7连胜,2023/1/18,1,0,0
1,2,2,3,7,【场边金发美女微笑+点头示意 老詹反应亮了】詹姆斯被她成功吸引注意力，结果没憋住笑，这一切都被镜头拍到。詹姆斯在偷乐！场边美女球迷深情凝视，老詹这得回家跪搓衣板 ,2023/1/18,7,1,1
0,2,0,1,1,【离谱！篮网射手0分被弃 西蒙斯扣篮打铁】篮网输摆烂队已遭3连败，杜兰特伤后球队3战全负；约翰逊34+10，助马刺近6场首胜。详细战报>>腾讯体育 篮筐跟你对着干？西蒙斯大步流星飞身直接将球扣飞 ,2023/1/18,5,0,0
0,2,0,1,10,【NBA又一起冲突！从场内贴脸纠缠至观众席】雄鹿中锋环抱对手并扯掉后者发带，连吃两T被驱逐，两队多人聚集场面火爆。#雄鹿猛龙冲突# 小特伦特头箍被摘掉引发冲突 大洛遭驱逐阿奴诺比吃T ,2023/1/18,6,2,0
0,2,0,1,10,【NBA全明星爆粗吐槽前队友：首发都TM谁啊】火箭摆烂计划令他不满，被雪藏多达一个赛季，最终双方分道扬镳。详细阅读>>腾讯体育 这样的表现已经许久未见了 沃尔长驱直入隔扣纳吉 ,2023/1/18,6,0,1
0,2,0,1,10,【篮网马刺大冲突：大莫抱摔樱木！】两人连续发生激烈身体冲撞，双方多人聚集，主帅冲进场，西蒙斯拉架也险冲突。#篮网马刺冲突# 火药味十足！莫里斯索汉对抗中发生冲突 莫里斯技犯索汉恶犯规 ,2023/1/18,3,0,0
0,2,0,1,10,【啊这？NBA东部重磅对决球馆突然熄灯】对手刚刚进球正想庆祝，雄鹿主场灯光瞬间全部熄灭，场上球员教练一脸懵。有人拉闸？猛龙vs雄鹿比赛过程中突然灭灯 ,2023/1/18,50,7,0
0,2,0,1,4,【揭秘勇士白宫之行 追梦：库里能当总统】勇士全队西装革履，美国总统获赠46号球衣，单膝跪地参与大合影。详细阅读>>腾讯体育 【集锦】勇士127-118奇才 库里41分普尔32分勇士力克奇才 ,2023/1/18,3,0,0
0,2,0,1,1,【对摆烂队拒绝刷分？欧文20中7后高挂免战牌】欧文将本赛季第11次缺席比赛，杜兰特受伤后，篮网已经两连败。详细阅读>>腾讯体育 【球星】欧文vs雷霆集锦 外线手感不佳 全场拿下15+6+6 ,2023/1/18,4,0,0
0,2,0,1,4,【耐心到头！NBA两大全明星后卫被兜售】马刺优质内线拒续约，引NBA多队争抢；太阳和魔术有意范弗利特。详细阅读>>腾讯体育 17日NBA十佳球 塔图姆失衡助飞罗威巴雷特隔扣巴恩斯 ,2023/1/18,2,0,0
0,2,0,1,10,#许钟豪被驱逐# 广厦球员许钟豪一脚直踹上海外援梅洛裆部，裁判回看视频后，果断判罚夺权将其驱逐>>腾讯体育 ,2023/1/17,2,5,0
0,2,0,1,1,【赵睿、阿联或因伤病无缘辽粤大战】CBA辽粤大战明日打响，杜锋赛前透露赵睿将因伤缺席，易建联身体不适也无法确定能否出战>>腾讯体育 ,2023/1/17,15,4,2
0,2,1,1,1,【苦战5盘出局！中国网球一哥无缘大满贯首胜】澳网男单首轮，中国选手张之臻决胜盘抢十惜败，生涯三次大满贯首轮都是打满5盘失利出局>>腾讯体育 ,2023/1/17,6,0,0
0,2,0,1,1,【疯狂大逆转！新疆男篮1分险胜青岛】新疆最后7分钟打出一波16-3，落后一整场在终场前50秒才完成反超，惊险拿到4连胜，阿尔斯兰6记三分轰下26分>>腾讯体育 ,2023/1/17,8,0,0
0,2,1,1,1,【詹姆斯48分赛季新高 湖人力克垫底队终结三连败】詹姆斯48+8+9，赛季第三次40+，威少24分；火箭惨遭11连败，内线新星33+15+6，得分创生涯新高。詹皇驾到通通闪开！詹姆斯直杀腹地单臂重扣 ,2023/1/17,12,4,1
0,2,0,1,10,【特雷杨与球队高管关系恶化】吹杨与高管关系恶化，矛盾始于去年季后赛；主帅曾想辞职但被说服留队，下赛季大概率离开。腾讯体育 ,2023/1/17,3,1,0
0,2,1,1,1,【詹皇盼终结连败！正视频直播火箭vs湖人】黑贝缺阵2场后复出，本场首发出战。3连败湖人PK10连败火箭，谁能率先走出困境？看直播>>扫一扫下载 腾讯体育APP ,2023/1/17,5,1,0
0,2,0,1,1,【21岁新秀狂砍双20缔造神迹 成NBA近30年首人】爵士新秀中锋凯斯勒 出战31分钟，13中9轰下20分21篮板2盖帽，加冕队史首人，比肩历史超级中锋。腾讯体育 ,2023/1/17,8,2,1
0,2,0,1,1,【太阳又伤一人 悍将血洒赛场退赛】奥科吉遭队友误伤，被肘击到鼻子，倒地不起最终退赛。他们已有5大球员因伤长期缺阵，今日又伤一人>>腾讯体育 ,2023/1/17,1,0,0
0,2,0,1,1,【库里41+7刷爆纪录 客场球迷倒戈高呼MVP】勇士送奇才两连败，普尔单节23分生涯新高【球星】库里vs奇才集锦 砍41分末节11分锁胜局 ,2023/1/17,11,1,1
0,2,1,1,1,【NBA官宣威少最后一攻没被犯规 老詹爆粗炮轰】湖人vs76人裁判报告出炉，没有任何错漏判。詹皇不满：裁判总在说“这不是犯规”，这真XX让人沮丧！腾讯体育 ,2023/1/17,5,1,0
0,2,0,1,1,【狂轰51分+7三分！塔图姆末节18分杀死比赛】绿军豪取七连胜，当家核心出战40分钟，高效23中15，轰下个人赛季首个50+，超越伯德升至队史第一！【球星】塔图姆vs黄蜂集锦 51分常规赛5次50+绿凯队史第一 ,2023/1/17,2,0,2
1,2,0,1,2,【女篮传奇巨星玛雅-摩尔宣布退役】她是四届WNBA总冠军得主，还曾率领山西女篮夺取WCBA三连冠，被誉为篮坛“不败女王”！腾讯体育 ,2023/1/16,10,2,2
0,2,0,1,1,【北京男篮惨遭17分大逆转 吞下3连败】北京最多领先17分最终还输掉15分，本赛季三战福建输掉2场，陈林坚6记三分轰下26分，曾凡博复出11中4得到13分。腾讯体育 ,2023/1/16,6,0,0
0,2,0,1,1,【郭艾伦领衔7人上双 辽篮轻取吉林夺8连胜】郭艾伦三节打卡贡献20+6，赵继伟送出8次助攻，辽篮本赛季对吉林完成三杀>>腾讯体育 ,2023/1/16,7,0,0
0,2,2,1,1,NBA十佳球：老詹陀螺转身秀得飞起，约老师撤步三分绝杀宣布“下课”，恩比德暴力隔扣打服湖人悍将！16日NBA十佳球 约老师撤步三分绝杀 老詹两度上榜 ,2023/1/16,4,0,0
0,2,1,1,1,【威少最后一攻被恩比德死死抓住手腕】湖人又冤死？威少抱怨自己被恩比德犯规，主帅哈姆解释为何不叫暂停。#威少最后一攻##76人双杀湖人# 详细阅读>>腾讯体育 【球星】威少vs费城集锦 20+14+11替补出场拿下三双数据 ,2023/1/16,2,1,0
0,2,0,1,1,【争议判罚！恩比德垫脚詹姆斯了吗】詹姆斯三分出手被恩比德扑倒，落地踩到后者脚面，裁判认为是普通犯规。#76人双杀湖人##詹姆斯35分10助攻# 到底有没有垫脚？恩比德扑倒詹姆斯被吹普通犯规 ,2023/1/16,10,7,1
0,2,1,1,1,【威少单挑恩比德失绝杀 詹皇直接离场】最后30秒两人竟轮流1v1，威少被防死湖人吞3连败，詹姆斯第一时间沮丧离场。#76人双杀湖人# #威少最后一攻# 威少遗憾错失绝杀 詹姆斯转身离场 ,2023/1/16,7,6,0
0,2,1,1,1,【头皮发麻！威少快攻3打2离谱失误】他无视篮下的詹姆斯和底角的队友，直接将球扔出底线。解说懵了：你要干嘛？五大囧给你安排上 威少反击3打2直接把球扔出底线 ,2023/1/16,15,20,2
0,3,0,1,1,【中国大陆男网澳网首胜！17岁体二代创历史】商竣程3-1取胜，生涯首进大满贯正赛第二轮，成为澳网118年首位打进男单第二轮的中国大陆选手。#商竣程获大满贯正赛首胜##商竣程晋级澳网第二轮# 详细阅读>>腾讯体育 ,2023/1/16,4,1,0
0,2,0,1,1,【约基奇0.2秒三分绝杀魔术！】约基奇砍下17+10+14，绝命时刻顶人投进绝杀三分，掘金6连胜坐稳西部第一！#约基奇绝杀魔术# 到点儿下课！约老师撤步读秒三分杀人诛心 ,2023/1/16,9,5,0
0,2,1,1,1,【恭喜！詹姆斯解锁38000分里程碑】詹皇火力全开首节7中6砍下12分，正式达成生涯常规赛38001分，距离贾巴尔纪录仅差386分！#詹姆斯生涯38000分# 详细阅读>>腾讯体育 突破38000里程碑！詹姆斯无解投射势不可挡 ,2023/1/16,3,0,2
0,2,0,1,10,【虎落平阳！霍华德被CBA旧将喷垃圾话】他与宝岛大将多次冲突，所在球队已遭10连败，目前1胜11负联赛垫底。详细阅读>>腾讯体育 霍华德T1联赛贡献暴扣 比赛结束被球迷簇拥离场 ,2023/1/16,0,2,0
0,2,0,1,8,【库里8次失误令解说崩溃：你是普尔吧？】他单场失误数创赛季新高，多次被吹走步摔球发泄+苦笑，复出后3战合计三分32中10。详细阅读>>网页链接【球星】库里vs公牛集锦 全场20+10+4里突外投难挽颓势 ,2023/1/16,2,0,0
0,2,0,1,1,【欧文三分7中1 杜兰特伤停2场篮网两连败】欧文全场20中7仅得15分，篮网末节崩盘狂丢37分，雷霆双核合砍56+16+10。【集锦】雷霆112-102篮网 雷霆三后卫各砍20+送篮网两连败 ,2023/1/16,1,1,0
0,2,1,1,1,【牌面拉满！NBA官方预热詹皇38000分里程碑】詹姆斯今天率队战76人，他提前3小时入场，手持两部手机表情严肃又霸气。详细阅读>>腾讯体育 ESPN詹姆斯一对一：未刻意想过创造历史得分纪录 但不想在输球中打破纪录 ,2023/1/16,2,0,1
0,2,0,1,1,【离谱！全明星后卫发狠扣篮结果自己伤了】快船伤病名单又添一人，球队三当家至少休息两周，泰伦卢被迫改变轮换。详细阅读>>腾讯体育 这样的表现已经许久未见了 沃尔长驱直入隔扣纳吉 ,2023/1/16,36,2,0
0,2,1,1,1,【勇士征战东部1胜10负 已跌至西部第8】客场战绩全NBA倒数第二，仅好于摆烂垫底队，提前投降水花场下皱眉。详细阅读>>腾讯体育 【球星】库里vs公牛集锦 全场20+10+4里突外投难挽颓势 ,2023/1/16,4,0,0
0,2,0,1,1,【正视频直播NBA：#雷霆vs篮网# 】欧文单核带队大战场均31+6超新星，雷霆近5战4胜，篮网能否顺利过关避免连败？看直播>>扫一扫下载 腾讯体育APP ,2023/1/16,1,0,0
0,2,0,1,1,【库里三分10中3+8失误 勇士创6年耻辱纪录】勇士被全明星内线轰43+10打爆！客场战绩4胜17负，克莱8记三分难救主。详细战报>>腾讯体育 官配连线美如画！库里人缝勾手妙传助飞克莱三分一箭穿心 ,2023/1/16,11,1,0
0,2,0,1,10,【NBA官宣国王火箭冲突罚单：两人禁赛三人罚款 共损失超20万美元】北京时间1月16日，NBA官方公布了国王vs火箭冲突的处罚结果：杰伦-格林和泰特因离开替补席被联盟禁赛一场，另外，马修斯因发起争吵并辱骂蒙克罚款35000美元、蒙克因继续争吵并辱骂马修斯罚款25000美元、伊森因升级争吵并无意中与裁判接触罚款30000美元。详细阅读>>腾讯体育 国王火箭爆发激烈冲突 蒙克梅图马修斯伊森纷纷被驱逐,2023/1/16,2,0,0
0,2,0,1,1,【狂送36次失误！CBA上海加时惜败山东】王哲林空砍20+17，血布末节超远打板绝平三分续命，全场送12次失误；山东夺4连胜。战报>>腾讯体育 ,2023/1/15,8,2,0
0,2,2,1,10,【你要干啥？霍华德多次肘击+挑衅对手 球队10连败】魔兽多次侵犯对手：掐脖子；故意撞飞对方还继续挑衅；肘击犯规后跨过对手，全场吃1违体+5犯，下半场仅6分>>腾讯体育 ,2023/1/15,1,0,0
0,13,0,1,1,【NFL季后赛惊现27分超级逆转】美洲虎上半场4次抄截，一度0-27落后闪电；下半场疯狂反扑，任意球绝杀1分险胜！【集锦】杰克逊维尔奇迹！帕特森踢球擦柱绝杀比赛 美洲虎31-30闪电大逆转 ,2023/1/15,4,0,0
0,2,0,1,1,【离开勇士？追梦：我有不详的预感】追梦格林的发言“一石二鸟”：既想要大合同，又向勇士表了忠心。详细阅读>>腾讯体育 【集锦】勇士144-113马刺 全员发力刷新球队本赛季单场得分纪录 ,2023/1/15,2,1,0
0,2,1,1,4,【詹皇怒怼裁判报告：那就是犯规！】湖人双加时惜败独行侠，他仍对争议判罚耿耿于怀，并再次在采访中不满裁判。详细阅读>>腾讯体育 一夫当关万夫莫开！伍德生死关头先后封盖威少与詹姆斯 ,2023/1/15,5,0,0
0,2,0,1,1,【东契奇利拉德对喷！开拓者大胜独行侠】利拉德两战86分，率队终结5连败；东契奇状态低迷15+6+10，得分创赛季新低。都是误会！利指导嫌东契奇防守动作过大后者赶紧解释 ,2023/1/15,7,1,1
0,2,0,1,1,【杜兰特膝盖受伤已6天 主帅透露恢复进展】篮网五连客他暂未获准随队出征：沃恩担心坐场边被撞，希望KD出战全明星。详细阅读>>腾讯体育 新年必看十大比赛  湖人篮网群星闪耀 杜兰特重回勇士主场 ,2023/1/15,2,0,0
0,2,0,1,1,【登帝连线4.9秒准绝杀！76人惊魂险胜爵士】哈登末节18分，全场31+6+11，生死时刻制胜助攻恩比德；亚洲第一后卫38分失绝杀，险率队20分逆转。 详细战报>>腾讯体育【集锦】费城118-117爵士 哈登末节连轰16分率队险胜爵士 ,2023/1/15,6,0,0
0,2,0,1,1,【免费看！正视频直播NBA：#独行侠vs开拓者# 】利拉德大战东契奇！上一场他空砍50分，今天面对MVP大热门能否终结5连败？戳直播>>扫一扫下载 腾讯体育APP ,2023/1/15,2,0,0
0,2,2,1,1,【昔日NBA第一中锋重返湖人？哈姆表态】湖人若签他大概率只会用10天合同，此外，浓眉康复又有新进展。详细阅读>>腾讯体育 新年必看十大比赛  湖人篮网群星闪耀 杜兰特重回勇士主场 ,2023/1/15,0,0,0
0,2,0,1,1,【惊掉下巴！莫兰特恐怖隔扣2米08内线】他对阵步行者大秀弹跳，头撞篮板送钉板追帽，随后又完成海报级别的隔扣！#莫兰特隔扣# 从这个起步来看就知道要出事！莫兰特抡臂隔扣惊为天人 ,2023/1/15,13,4,4
0,1,0,1,1,【C罗走后：曼联9连胜+两大主力爆发】著名足球作家讽刺C罗，后者被嘲讽：早点接受采访，那该多好！详细阅读>>腾讯体育 曼市德比亮点多 BR动画演绎曼城曼联两队互争高下 ,2023/1/15,9,5,0
0,2,0,1,1,【NBA争冠大热主力受伤 被误伤头颈处当场倒地】突发！他被队友撞到头颈部位，倒下后趟地近2分钟才缓缓站起，塔图姆神情紧张。怀特与斯马特发生冲撞 受伤倒地返回更衣室 ,2023/1/15,4,3,0
0,2,0,1,1,【距38000分一步之遥 詹姆斯大概率出战76人】湖人晒出他最新训练照：看上去相当投入，已为下一个纪录做好准备！详细阅读>>腾讯体育 ESPN詹姆斯一对一：未刻意想过创造历史得分纪录 但不想在输球中打破纪录 ,2023/1/15,3,0,0
0,2,0,1,1,【名嘴：东契奇将复制詹皇 离队去热火争冠】他坚信东契奇在独行侠无法实现冠军梦，5年后会换队。库班能留住077吗？详细阅读>>腾讯体育 杀人诛心！东契奇面对湖人的比赛已经取得6连胜 ,2023/1/15,6,1,0
0,2,0,1,1,【76人二选一计划交易 罗斯或被送走东契奇恐5年后离队】北京时间1月15日，联盟又有什么新的市场动态和交易流言？湖人成功试训两大中锋；76人预计交易队内球员；尼克斯愿为罗斯寻找下家，名嘴预测东契奇5年后离队。详细阅读>>腾讯体育 14日《找个班上》 艾顿单节9中0 内姆布哈德铁匠铺开张 ,2023/1/15,4,1,0
0,1,0,1,1,【英超曼市德比：曼联2-1逆转曼城】曼联4分钟两球逆转取胜，升至积分榜第三。拉什福德打入致胜一球，连续9个主场破门创历史。腾讯体育 ,2023/1/14,8,5,1
0,2,0,1,1,【CBA大爆冷！同曦队史首次战胜广东 赵睿伤退】同曦顶住对手末节疯狂反扑，强势终结对广东18连败；赵睿落地时左膝意外受伤，易建联、马尚都仅得10分。腾讯体育 ,2023/1/14,13,5,0
0,2,0,1,1,【火箭29号秀发展联盟狂轰53+10+4+2抢断】21岁新秀泰泰-华盛顿制霸发展联盟，砍下53分10篮板的豪华数据，全队总得分仅113分。小波特受伤，火箭还不召回他？腾讯体育 ,2023/1/14,8,3,0
0,2,0,1,1,【NBA十佳球：莱昂纳德残暴隔扣】科林斯神兵天降补篮绝杀，兰德尔泰山压顶扣翻七尺高塔。看今日十佳球>>14日NBA十佳球 亚历山大穿裆助攻莱昂纳德残暴隔扣 ,2023/1/14,8,1,1
0,2,0,1,1,【CBA辽宁大胜四川豪取七连胜】郭艾伦总得分升至历史第9。辽篮大外桑普森与对手冲突，用球怒砸对方，连吃两T遭驱逐。腾讯体育 ,2023/1/14,10,3,0
0,2,0,1,1,【快船近8战7负 卢指导仍嘴硬豪言要七连胜】快船惨遭掘金三杀，主帅赛后依旧不怕被打脸：只要球队恢复健康，我们就能创造一波6-7连胜！腾讯体育 ,2023/1/14,9,1,0
0,1,0,1,5,【C罗造访皇马！皇马官方发文：队史射手王来了】皇马正在利雅得胜利的训练场备战西超杯决赛，C罗造访老东家，与老友们重聚。腾讯体育 ,2023/1/14,9,0,0
0,1,0,1,1,#那不勒斯5比1尤文图斯# 意甲焦点战变成一边倒，那不勒斯5-1终结尤文8连胜，10分优势领跑意甲。奥斯梅恩两射一传 ，克瓦拉茨赫利亚一射两传，拉马尼和埃尔马斯各进一球，迪马利亚扳回一球仍难阻止惨败。意甲那不勒斯5-1终结尤文8连胜 迪马利亚破门难阻惨败 ,2023/1/14,9,1,0
0,2,2,1,8,官方MVP榜：约基奇三连霸，东契奇升第2，塔图姆、字母哥与恩比德分居3-5位，雷霆后卫亚历山大杀进前十>>腾讯体育 ,2023/1/13,5,0,0
0,2,0,1,1,新疆男篮赛季双杀江苏，近9场取得8胜，齐麟三分6中6高效得到20+8，创个人近两季单场三分命中数纪录。腾讯体育 ,2023/1/13,5,0,0
0,1,0,1,10,#克雷桑被停赛3场# 泰山外援克雷桑在足协杯半决赛报复对手染红，被足协停赛3场罚款1.5万元>>腾讯体育 ,2023/1/13,3,2,0
0,2,0,1,6,腾讯体育重磅节目《边线Talk》正在热播当中，第4期节目已经上线，2019年男篮世界杯输给波兰，中国队无缘东京奥运会成为所有球迷的意难平！关于那场比赛，关于那次边线球失误，关于周琦，听听亲历者孙铭徽和阿不都沙拉木是怎么说的。上腾讯视频腾讯体育搜索边线Talk即可收看完整版，精彩不容错过！ ,2023/1/13,2,2,1
0,2,1,1,1,#独行侠双加时战胜湖人##东契奇35分三双##詹姆斯24分准三双##威少28分#【詹姆斯24+16+9威少28分 湖人双加时憾负】湖人遭独行侠双杀，詹姆斯三分7中0，两个加时仅得2分，连续投丢关键三分，东契奇35+14+13。 【集锦】独行侠119-115湖人 东契奇双绝平双加时鏖战力克湖人 ,2023/1/13,3,2,1
0,2,0,1,1,#东契奇绝平三分#东契奇命中大心脏绝平三分，湖人独行侠进入加时为大场面而生！东契奇大心脏撤步三分绝平挽球队与水火 ,2023/1/13,4,0,1
0,2,2,1,1,【詹姆斯连续冲撞碾压3人 东契奇疼得怀疑人生】38岁詹姆斯连续撞翻独行侠两将，东契奇与老詹对抗后，疼得直弯腰。老小子真有劲啊！詹姆斯反击突破上身体给东契奇疼够呛 ,2023/1/13,2,0,0
0,2,0,1,1,#周鹏CBA总出场次数历史第一# 【周鹏创历史第一神迹 CBA官方发海报祝贺】周鹏超越朱芳雨，独占CBA历史出场榜历史第一，他生涯已取得559胜同样是历史第一。腾讯体育 ,2023/1/13,3,1,0
0,2,1,1,1,【詹皇冲38000分！正免费视频直播独行侠vs湖人】詹姆斯复出再战东契奇，只差35分就将达成38000分里程碑，此役能否如愿？戳直播一起见证>>扫一扫下载 腾讯体育APP ,2023/1/13,5,0,1
0,2,0,1,1,#凯尔特人战胜篮网##欧文24分6助攻##塔图姆20分#【东部榜首大战绿军双杀篮网 5连胜稳居联盟第一】欧文空砍24+6，西蒙斯0分9篮板13助攻，助攻创赛季新高，塔图姆20+11领衔绿军6人上双。 ,2023/1/13,4,0,0
0,2,0,1,1,#雷霆战胜76人##哈登24分15助攻##亚历山大37分#【哈登24+15连丢关键三分 76人惨负雷霆】76人结束两连胜，哈登24+6+15+7失误，恩比德空砍30+10，亚历山大37+8+6力压登帝组合。 【集锦】雷霆133-114费城 亚历山大37+7+5力压恩比德哈登合砍54分 ,2023/1/13,1,3,0
0,1,0,1,8,#2022普斯卡什奖候选#：姆巴佩凌空斩，巴洛特利踩单车+插花脚秀翻天，波兰残疾人惊世倒钩。2022普斯卡什奖候选：姆巴佩凌空 特奥奔袭 波兰残疾人倒钩入选 ,2023/1/13,15,5,4
0,1,0,1,8,#FIFA年度最佳候选公布#FIFA公布年度最佳球员14人候选名单：梅西领衔，哈兰德姆巴佩入选，巴黎4人曼城3人。腾讯体育 ,2023/1/13,2,1,1
0,2,0,1,1,【东部榜首大战！正视频直播绿军vs篮网】杜兰特和杰伦-布朗因伤缺阵，欧文对决塔图姆，能否率队复仇旧主？看直播>>扫一扫下载 腾讯体育APP ,2023/1/13,1,0,0
0,2,0,1,8,#詹姆斯全明星第2轮票王#全明星第二轮轮投票结果：詹姆斯票王优势扩大，湖勇9人在列普尔掉队。腾讯体育 ,2023/1/13,6,4,2
0,1,0,1,1,#富勒姆2比1切尔西##菲利克斯首秀红牌#英超：切尔西1-2富勒姆，遭各项赛事三连败，菲利克斯首秀染红。腾讯体育 ,2023/1/13,2,0,0
0,1,0,1,1,#贝蒂斯4比6巴萨##西超杯决赛巴萨对阵皇马#巴萨点球大战6-4淘汰贝蒂斯，与皇马会师西超杯决赛，特尔施特根两次扑点。腾讯体育 ,2023/1/13,2,0,0
0,2,0,1,1,【赛季第4败！CBA领头羊爆冷负倒数第三】浙江全队三分24投仅5中，吴前三分8中0得到12分；天津5人上双完成16分大逆转，本赛季首次战胜对手>>腾讯体育 ,2023/1/12,7,2,0
0,2,0,1,1,【超新星21分+炸裂隔扣！广东男篮大胜北控】广东全队轰进19记三分，马尚6记三分砍下22分，张昊21分4盖帽创生涯新高，暴力隔扣2米18外援引爆全场>>腾讯体育 ,2023/1/12,19,1,2
0,2,0,1,1,【CBA3月1日开启第三阶段 正式恢复主客场制】CBA向各队以及赛区发函，第三阶段比赛3月1日开始，剩余常规赛和季后赛都将以主客场制进行>>腾讯体育 ,2023/1/12,3,0,0
0,1,0,2,10,【震惊！前巴萨高层侮辱梅西言论曝光】《每日体育报》爆出猛料，前巴萨法务主管庞蒂曾辱骂梅西是“下水道老鼠”、“激素侏儒”。此外，皮克也曾遭到他言语侮辱>>腾讯体育#前巴萨高层辱骂梅西# ,2023/1/12,9,3,0
0,2,0,2,1,【男篮新帅首期集训名单基本拟定 大约18人左右】据篮球记者宋翔报道，乔尔杰维奇已经基本圈定了18人左右集训大名单，中方教练组人员也曝光了，刘炜很有可能进入男篮教练组，辅佐乔尔杰维奇。腾讯体育 ,2023/1/12,12,3,0
0,2,0,1,1,#NBA十佳球# 莫兰特隔扣2米16高塔，库兹马高难度三分准绝杀，霍乐迪负角度投篮太惊艳！【原声】12日NBA十佳球 库兹马三分一剑封喉莫兰特凌辱七尺长人 ,2023/1/12,10,0,1
0,1,0,1,1,【梅西世界杯后首秀破门 巴黎2-0胜6分领跑】2022-23赛季法甲第18轮，巴黎圣日尔曼主场2-0击败昂热，提前锁定半程冠军。上半场埃基蒂克打破僵局，下半场梅西打进世界杯后首球，内马尔进球被吹。巴黎2-0以6分优势领跑法甲：梅西回归破门 穆基勒助攻双响 ,2023/1/12,1,0,0
0,1,0,1,1,【皇马点球大战过关 晋级西班牙超级杯决赛】上半场本泽马点球破门，下半场利诺扳平比分，两队大战120分钟不分胜负。点球大战居尔内特踢飞，库尔图瓦在第5轮将加亚的点球拒之门外，皇马4-3险胜，总比分5-4晋级决赛，静候巴萨与贝蒂斯之间的胜者。腾讯体育 ,2023/1/12,1,0,0
0,1,0,1,1,【曼城0-2不敌英超垫底队 无缘联赛杯四强】2022-23赛季英格兰联赛杯1/4决赛，曼城客场0-2负于南安普敦止步八强。圣徒上半场5分钟内连进两球，蓝月亮全场0射正。腾讯体育 ,2023/1/12,2,0,0
0,2,0,1,1,【上海男篮擒江苏夺3连胜 血布27+9统治末节】布莱德索末节独揽全队15分中的14分，率队力阻对手翻盘希望，王哲林15+15连续9场拿下两双>>腾讯体育 ,2023/1/11,5,3,0
0,1,0,2,10,【祸从口出！法国足协主席被罢免】因此前对齐达内的争议言论，法国足协主席被罢免职务>>腾讯体育 ,2023/1/11,4,0,0
0,1,0,1,1,【浙江队与山东泰山会师足协杯决赛】浙江点球大战5-3淘汰上海海港，首次晋级足协杯决赛，将与山东泰山争冠。#浙江队晋级足协杯决赛#  #吕文君失点# 腾讯体育 ,2023/1/11,15,4,1
0,2,0,1,1,【琼斯38+12+16+7抢断！吉林逆转福建终结4连败】琼斯再次出战46分钟砍下赛季第11次三双，关键时刻送出制胜助攻，队友李安三分完成致命一击>>腾讯体育 ,2023/1/11,8,2,0
0,1,0,1,1,【足协杯泰山2-0申花 连续5个赛季晋级决赛】宋龙打破僵局，莫伊塞斯点球建功，克雷桑报复对手染红无缘决赛，泰山静候浙江队与海港胜者>>腾讯体育 ,2023/1/11,5,1,1
0,2,0,1,1,库里末节连中3记三分，引爆勇士主场救火救难救世主！库里状态爆炸连续三记三分夺魂摄魄 ,2023/1/11,8,1,0
0,2,0,1,1,#快船战胜独行侠##莱昂纳德33分##东契奇43分11篮板#【小卡33分东契奇43+11+7 快船终结6连败】快船复仇独行侠，小卡12中9砍33+9，得分创赛季新高，东契奇末节20分难救主。 腾讯体育 ,2023/1/11,2,0,0
0,2,0,1,1,#太阳战胜勇士##库里24分#【库里末节16分 勇士险上演27分惊天逆转】勇士功亏一篑遭3连败，水花茶合砍80分难救主，伊戈达拉被驱逐；太阳残阵终结6连败，达米安李14罚全中杀死比赛。 腾讯体育 ,2023/1/11,0,2,0
0,2,1,1,1,【库里复出！正视频直播太阳vs勇士】勇士最强阵出战，普尔回归替补，水花兄弟再次合体，能否送对手7连败？扫一扫下载 腾讯体育APP ,2023/1/11,0,0,0
0,2,0,1,1,#76人战胜活塞##哈登三双##恩比德36分#【哈登三双恩比德36+11 费城31分狂胜活塞】76人三杀横扫活塞，哈登7投6中砍16+12+15，恩比德36+11，两人均三节打卡下班。腾讯体育 ,2023/1/11,4,0,0
0,2,0,1,10,热火老将戴德蒙与主帅斯波尔斯特拉激烈争吵，怒气冲冲返回更衣室，途中情绪失控，将东西打进场内被驱逐。老兄前途堪忧！戴德蒙与自家教练内讧过激泄愤动作遭驱逐 ,2023/1/11,3,0,1
0,1,0,1,1,#国际米兰2比1帕尔马#意大利杯1/8决赛：国米2-1逆转帕尔马晋级八强，劳塔罗终场前破门扳平，阿切尔比加时赛绝杀。腾讯体育 ,2023/1/11,1,0,0
0,1,0,1,1,#曼联3比0查尔顿##曼联晋级联赛杯4强#曼联3-0晋级联赛杯4强，豪取各项赛事8连胜，拉什福德梅开二度。腾讯体育 ,2023/1/11,2,0,0
0,2,0,1,1,#辽篮复仇北京夺6连胜# 郭艾伦砍下15+6+8，张镇麟复出末节未打仅得5分；北京4连胜被终结，曾凡博4记三分轰下19+7，送郭艾伦空中大帽>>腾讯体育 ,2023/1/10,7,0,0
0,1,0,1,1,【再次留洋！广州队22岁后卫加盟土超劲旅】广州队22岁后卫吴少聪加盟土超伊斯坦布尔，开启第二次留洋之旅>>腾讯体育 ,2023/1/10,13,0,2
0,2,1,1,1,【真硬汉！威少比赛中小拇指脱臼 自己两次掰正】威少采访表示自己上半场右手小拇指两次脱臼，自己不得不将其掰正，好在赛后X光检查是阴性。网页链接 ,2023/1/10,3,2,0
0,2,2,1,1,【湖人负掘金五连胜终结 威少25+7+7老詹轮休】施罗德仅13中3，浓眉替身两双，贝弗利伤退；约基奇14+11+16，穆雷34分赛季新高，掘金稳固西部第一。腾讯体育 ,2023/1/10,1,0,0
0,2,0,1,1,【三分12中1+遭17分逆转！兰德尔吞耻辱纪录】兰德尔手感冰凉仅29中9，其中首节三分8中0，打破NBA单节打铁纪录。布伦森轰44分生涯新高，也带不动他赢球>>【集锦】雄鹿111-107尼克斯 雄鹿末节发力逆转尼克斯 ,2023/1/10,1,1,0
0,1,0,1,4,【男足归化高拉特称将放弃中国国籍】31岁高拉特在新闻发布会表示：对恢复巴西国籍的前景感到乐观，此事由相关团队进行处理。详情>>腾讯体育 ,2023/1/10,3,6,0
0,2,1,1,1,【威少单核冲六连胜！正视频直播湖人vs掘金】五连胜湖人PK西部第一掘金，威少约老师上演三双王对决，谁能更胜一筹？看直播>>扫一扫下载 腾讯体育APP ,2023/1/10,6,0,0
0,2,0,1,1,【NBA状元大热炸裂表演 补扣准绝杀掀翻卫冕冠军】文班亚马手感不佳15+9+5盖帽，最后时刻一记补扣准绝杀自我救赎，率队1分险胜卫冕冠军。看GIF>>腾讯体育 ,2023/1/10,0,0,0
0,2,1,1,1,【避免4天3战！詹姆斯今日战掘金轮休引热议】詹皇因脚踝酸痛缺席战掘金，球迷表态：非常能够接受老詹休战，这样他可以连休5天！医学专家也赞同轮休>>腾讯体育 ,2023/1/10,8,5,105
0,2,0,1,1,【KD伤情出炉！右膝韧带扭伤预计伤停一个月】篮网官宣杜兰特伤情，确诊为右膝内侧副韧带扭伤，两周后复查。ESPN名记报道，KD预计缺阵一个月。腾讯体育 ,2023/1/10,4,8,0
0,1,0,1,1,【足总杯阿森纳3-0晋级，下一轮对阵曼城】阿森纳3-0牛津联将战曼城，恩凯蒂亚梅开二度，维埃拉两助攻。足总杯阿森纳3-0晋级：下一轮将对阵曼城 恩凯蒂亚梅开二度 ,2023/1/10,3,0,0
0,1,2,1,2,【大圣告别！33岁贝尔宣布正式退役】贝尔在社交媒体宣布退役，即刻结束俱乐部与国家队足球生涯>> ,2023/1/9,29,4,4
0,2,0,1,1,【广厦内讧无碍赢球！赛季对山西完成三杀】广厦收获4连胜，胡金秋贡献26分14篮板，孙铭徽送出15助攻，外援库克与主帅争吵仅打4分钟遭弃用>>腾讯体育 ,2023/1/9,6,0,0
0,2,0,1,10,#王博库克发生争吵# 在比赛暂停期间，广厦外援库克不停摊手嚷嚷发泄不满，主帅王博都快被气炸了，一怒之下将其轰回替补席>>腾讯体育 ,2023/1/9,3,2,0
0,1,0,2,1,#马丁内斯出任葡萄牙队主帅# 马丁内斯与葡萄牙足协签约4年，他此前曾执教比利时队6年，在2022世界杯带队小组出局>>腾讯体育 ,2023/1/9,4,2,0
0,2,0,1,1,【王哲林24+17创里程碑 上海终结新疆6连胜】王哲林连续8场得分20+，生涯总得分超越王仕鹏升至历史第13，上海赢下卡位战排名升至第五>>腾讯体育 ,2023/1/9,7,0,0
0,2,0,1,1,【6连败+2023全败！上赛季联盟第一战绩暴跌】太阳在布克缺阵情况下已11战9负，此役保罗也伤停，惨败骑士后跌至西部第8。#NBA# 详细阅读>>腾讯体育 【球星】米切尔vs太阳集锦 内外开花22分助队轻取太阳 ,2023/1/9,3,3,0
0,2,0,1,1,【勇士今天没比赛 排名从第9升至第6】开拓者、太阳和快船输球又让勇士躺赢；而湖人距离西部附加赛席位，也仅差0.5个胜场。#NBA# 详细阅读>>腾讯体育 【集锦】骑士112-98太阳 骑士兵不血刃送太阳六连败 ,2023/1/9,4,0,0
0,2,0,1,10,【NBA东部豪强内讧 球队核心恶犯对手头牌】猛龙险遭19分大逆转，球队老将与最佳新秀贴脸争吵，西卡拽倒利拉德被判一级恶犯。#NBA# 详细阅读>>腾讯体育 这是怎么了？赛迪斯-杨和巴恩斯队内发生口角贴脸争吵 ,2023/1/9,5,0,0
0,2,0,1,1,【篮网神将立大功：防下巴特勒+两次绝杀】他在休赛期才加盟篮网，场均得分+助攻均创生涯新高，连续大心脏救主获赞！#奥尼尔准绝杀热火# 详细阅读>>腾讯体育 【集锦】篮网102-101热火 巴特勒26+9欧文29+6险胜热火 ,2023/1/9,2,0,0
0,2,0,1,1,【杜兰特明日接受检查 一年前悲剧或重演】KD揪心受伤瞬间曝光，被巴特勒倒地后压到右腿膝盖，医学专家担心他内侧副韧带损伤。#杜兰特右膝受伤##奥尼尔准绝杀热火# 详细阅读>>腾讯体育 希望没事！西蒙斯大帽巴特勒后者倒蹭到KD膝盖 ,2023/1/9,12,4,0
0,2,0,1,10,【做出拳击动作！亚洲乔丹恶犯引发大冲突】克拉克森防守中猛击灰熊大将头部，被直接驱逐出场，双方聚集险斗殴！#克拉克森被驱逐# 猛捶贝恩头部+做出拳击动作！裁判直接二级恶犯驱逐克拉克森 ,2023/1/9,4,4,0
0,2,0,1,1,【神将补篮准绝杀！篮网险胜热火近15战14胜】杜兰特里程碑之夜膝盖受伤，欧文29分末节哑火，巴特勒希罗合砍50分，最后一人失绝杀一人受伤。#奥尼尔补篮准绝杀##篮网险胜热火# 巴特勒急停跳投不中欧文超远三分也丢 奥尼尔3.2秒抢板补篮关键反超 ,2023/1/9,4,0,0
0,2,0,1,1,【杜兰特退出比赛！#篮网vs热火# 进决胜时刻】他膝盖屡遭撞击多次倒地，现已返回更衣室，欧文6记三分砍下27分，巴特勒21+8。看最后决战直播>>扫一扫下载 腾讯体育APP希望没事！西蒙斯大帽巴特勒后者倒蹭到KD膝盖 ,2023/1/9,0,0,0
0,2,0,1,10,【耐心到头？詹姆斯爆粗回应湖人引援】美媒TA记者曝出与詹姆斯独家对话内容，标题为“勒布朗已经厌倦了等待”。#湖人五连胜# 详细阅读>>腾讯体育 【球星】詹姆斯vs国王集锦 爆砍37+8+7老当益壮战斧劈扣 ,2023/1/9,3,2,0
0,2,0,1,1,【血腥场面！篮网神射遭遇惊天骑扣】热火全明星内线完成单臂暴力隔扣，哈里斯造犯规失败被疯狂羞辱，KD西蒙斯成背景板！残暴指数登顶！阿德巴约转身直杀腹地骑扣乔哈 ,2023/1/9,1,1,0
0,2,0,1,1,【恭喜！杜兰特生涯总得分升至历史第14】KD战热火开场火力全开，本赛季至今他已超7人，今年有望进历史前十。#杜兰特生涯总得分超越威尔金斯##杜兰特生涯总得分升至历史第14 详细阅读>>腾讯体育 这个位置无人能防！杜兰特翻身后仰跳投予取予求连取四分 ,2023/1/9,1,0,0
0,2,0,1,1,【正直播NBA篮网vs热火：两队三巨头大战】KD欧文西蒙斯pk巴特勒希罗阿德巴约，双方本赛季常规赛首次交手，谁能取胜？#篮网vs热火# 看直播>>扫一扫下载 腾讯体育APP ,2023/1/9,0,0,0
0,2,0,1,1,【哈登17中4后反弹！迎生涯24000分排历史第27】北京时间1月9日，76人客场123-111击败活塞。上一场17中4的哈登，本场比赛迎来反弹，三节打卡贡献20分11篮板11助攻，投篮14中7，三分5中3。这是哈登本赛季的第2次三双，也是生涯第71次三双。#NBA##哈登24000分# 详细阅读>>腾讯体育 【球星】哈登vs活塞集锦 砍下20+11+11三双轻松到手,2023/1/9,3,1,0
0,2,0,1,1,【里程碑！郭艾伦总得分跻身CBA历史前十】辽篮大胜北控夺5连胜，郭艾伦砍下26+7+6，总得分超越巴特尔跻身历史前十，赵继伟送出14助攻>>腾讯体育 ,2023/1/8,48,4,0
0,2,0,1,1,【霍华德复出砍29+11 关键时刻犯错葬送比赛】魔兽出战近16分钟12投11中，比赛中多次暴扣表现抢眼，但最后时刻致命失误让云豹队吞下9连败>>腾讯体育 ,2023/1/8,4,1,0
0,2,0,1,1,【CBA北京末节逆转同曦 4连胜升至第二】北京首钢末节打出19-4攻击波完成翻盘，曾凡博砍下15+9，送对手外援中锋迎面大帽，利夫贡献19+16>>腾讯体育 ,2023/1/8,2,0,0
0,2,0,1,1,窒息时刻反转不断！湖人国王最后1分钟关键球精华瞬间窒息时刻反转不断！湖人国王最后1分钟关键球精华瞬间 ,2023/1/8,17,0,1
0,2,1,1,1,【詹皇37+8+7湖人豪取五连胜 浓眉替身29分14篮板】威少替补23分15助攻，施罗德27分关键两罚全中；福克斯末节17分，错失超远三分绝杀，小萨25+12+7六犯离场。这球很关键！詹姆斯突破上篮打成2+1造成小萨6犯 ,2023/1/8,14,4,103
0,2,2,1,1,【勇士惨遭魔术双杀 普尔三分11中2】维金斯复出仅12中4，一哥赛季首秀0分，替补奇兵轰26+8，勇士连续两场输给东部排名倒数球队。仅用半场就追平生涯新高 勇士奇兵兰姆半场狂砍22分 ,2023/1/8,9,1,0
0,2,1,1,1,【免费看！正视频直播湖人vs国王 詹皇冲五连胜】詹姆斯威少带伤出战，湖人本赛季已惨遭国王双杀，本场能否复仇成功？看免费直播>>扫一扫下载 腾讯体育APP ,2023/1/8,5,0,0
0,2,1,1,1,【突发！汤神因左膝酸痛退赛】汤神近三战狂轰115分状态正佳，却突遭伤病侵袭，比赛前临时决定退赛。嘴哥和一哥今日刚迎复出，汤普森却又伤了>>腾讯体育 ,2023/1/8,3,0,0
0,2,0,1,1,【塔图姆34分关键中投杀死比赛 绿军险胜马刺】“樱木花道”最后时刻错失反超三分，马刺八人上双憾负；绿军两连胜，布朗29分，布罗格登23+7。天王盖地虎！罗威恐怖防守封盖三分顺势上篮攻防一体 ,2023/1/8,6,1,2
0,2,0,1,8,【快船5连败遭炮轰 名嘴：他们就是垃圾！】美国杨毅劝泰伦卢辞职：这支球队根本不想打球，他们只是在浪费生命。名宿更是发声嘲讽>>腾讯体育# ,2023/1/8,1,1,0
0,2,1,1,1,【詹皇脚踝酸痛出战成疑 湖人伤病名单多达7人】湖人今日冲五连胜：威少左脚酸痛，大概率出战；神射肌肉拉伤，出战成疑。详细伤病名单>>腾讯体育 ,2023/1/8,3,1,0
0,2,0,1,1,【特纳和克拉克森拒绝提前续约】多队有意圆脸登，火箭要价曝光；范弗利特曾拒1.14亿续约合同，或试水自由市场。NBA最新交易签约动态>>腾讯体育 ,2023/1/8,2,0,0
0,1,0,1,1,【西甲皇马1-2黄潜 两队3分钟2个点球】西甲第16轮继续进行，皇马客场对阵比利亚雷亚尔。上半场，两队互交白卷，下半场耶雷米-皮诺先拔头筹，本泽马点球扳平，赫拉德-莫雷诺也打进点球，皇马客场1-2告负。腾讯体育 ,2023/1/8,2,0,0
0,1,0,1,1,【足总杯：利物浦2-2狼队择日重赛】2022-23赛季足总杯第三轮，利物浦主场2-2战平狼队，择日重赛。阿利松失误导致丢球，努涅斯扳平，萨拉赫反超，黄喜灿替补破门，加克波首秀未能建功。腾讯体育 ,2023/1/8,2,1,1
0,2,0,1,1,【浙江男篮惊险击败广东 终结对手13连胜】浙江最多领先21分末节一度被反超，外援赖特砍全场最高34+16，吴前14中2仅7分；马尚空砍30+7+7，终场前6犯离场>>腾讯体育 ,2023/1/7,6,2,0
0,2,0,1,1,【19分大胜！上海男篮4人20+轻取山西】上海全场疯狂出手102次命中率超50%，王哲林砍下21+8，双外援合砍43分，近15战13胜排名升至第六>>腾讯体育 ,2023/1/7,4,0,0
0,1,0,2,1,【法国主帅德尚续约至2026年】德尚执教法国队已超10年，率队夺得2018年世界杯冠军、2021年欧国联冠军、2016年欧洲杯亚军、2022年世界杯亚军。官方：法国队主帅德尚续约至2026年 ,2023/1/7,5,2,2
0,2,0,1,1,【法尔14+15+8盖帽！新疆复仇山东夺6连胜】新疆全队失误高达28次，最多领先26分末节崩盘险被逆转；山东7人得分上双无济于事，遭遇4连败>>腾讯体育 ,2023/1/7,1,0,0
0,2,0,1,1,无与伦比的冲击力！38岁詹姆斯上演滑翔劈扣，引爆湖人主场无与伦比的冲击力 詹姆斯冲击篮下飞跃博格丹上演滑翔劈扣 ,2023/1/7,5,0,1
0,2,0,1,1,#湖人战胜老鹰##詹姆斯25分#【詹姆斯25+7+10连续逆天暴扣 湖人豪取4连胜】湖人5人得分18+双杀老鹰，全队投进16记三分，威少18+11+9，纳恩23分创赛季新高。 腾讯体育 ,2023/1/7,6,0,0
0,2,2,1,1,【詹姆斯复出！正视频直播老鹰vs湖人】老詹上次战老鹰狂砍47+10+9，此役能否再次爆发，率队横扫对手夺4连胜？看直播>>扫一扫下载 腾讯体育APP ,2023/1/7,3,0,0
0,2,0,1,1,#篮网战胜鹈鹕##杜兰特33分##欧文19分#【欧文杀死比赛杜兰特33+10 篮网险胜复仇鹈鹕】篮网近14战13胜，欧文19+5+5，关键时刻连得7分杀死比赛，杜兰特11罚全中。 腾讯体育 ,2023/1/7,4,0,0
0,2,0,1,1,#公牛战胜76人##拉文41分#公牛大胜76人，拉文11记三分砍41分，武切维奇三双，哈登17中4得到17分7篮板11助攻。腾讯体育 ,2023/1/7,3,0,0
0,2,0,1,1,【强强对决！正视频直播篮网vs鹈鹕】篮网12连胜终结后再启程，杜兰特欧文PK麦科勒姆，盼率队复仇鹈鹕。扫一扫下载 腾讯体育APP ,2023/1/7,2,0,0
0,1,0,1,1,#沙托鲁1比3巴黎圣日耳曼##大巴黎连续33个赛季晋级法国杯32强#法国杯：巴黎3-1战胜法丙球队沙托鲁，有惊无险晋级32强，梅西、内马尔和姆巴佩三大巨星集体缺席。腾讯体育 ,2023/1/7,3,0,0
0,2,0,1,1,勇士3大利好：伊戈达拉明日迎赛季首秀；库里戴袖套进行投篮训练，目标下周六复出；维金斯参加球队完整训练，有望明日复出。腾讯体育 ,2023/1/7,4,0,0
0,2,0,1,1,篮网将渡边雄太、萨姆纳和大莫里斯合同转为全额保障，保留阵容冲击总冠军。腾讯体育 ,2023/1/7,6,0,1
0,1,0,1,1,#曼联3比1埃弗顿#足总杯：曼联3-1淘汰埃弗顿，豪取各项赛事7连胜，拉什福德独造三球，德赫亚低级失误送大礼。腾讯体育 ,2023/1/7,1,0,0
0,2,0,1,1,#湖人签约斯特林布朗#湖人一夜三大操作：签约1米96锋卫摇摆人斯特林-布朗，将里夫斯和加布里埃尔合同转为全额保障。腾讯体育 ,2023/1/7,1,0,0
0,2,0,1,8,【官方MVP榜：杜兰特跻身前三 詹皇再获提名】约基奇蝉联榜首，塔图姆仍居第二，杜兰特挤掉东契奇成第三，哈登、詹姆斯获提名>>腾讯体育 ,2023/1/6,6,1,0
0,1,0,1,1,#C罗无缘大名单# 利雅得胜利公布今日比赛首发，C罗随队前往球场，但未出现在比赛名单之列，无缘沙特联赛首秀。腾讯体育 ,2023/1/6,7,3,1
0,2,0,1,1,【北控复仇吉林终结6连败 琼斯空砍38+19+9】张帆轰下35分创CBA生涯新高，高登贡献30+14+7，琼斯连续5场三双纪录中断，吉林遭遇3连败>>腾讯体育 ,2023/1/6,2,0,0
0,1,0,1,2,#维亚利去世# 据多家意媒证实，意大利名宿维亚利因胰腺癌去世，享年58岁。他曾率领桑普多利亚夺得意甲冠军，并荣膺当赛季意甲金靴。 ,2023/1/6,20,6,4
0,2,0,1,6,腾讯体育重磅节目《边线Talk》正在热播当中，这是国内首档全球员阵容可视播客，话题劲爆有料够猛！第3期节目已经上线了，网红球员和职业球员，谁挣得更多谁更厉害谁更有关注度？曹岩说CBA头部球员收入和他有一拼，曾令旭抨击现在网络打球作秀的风气。上腾讯视频腾讯体育搜索#边线Talk# 即可收看完整版，精彩不容错过！视频>>《边线Talk》第3集 曹岩：不介意别人叫我网红 因为我真的很红,2023/1/6,6,1,0
0,2,1,1,10,【威少激动爆粗口！随后又为说脏话道歉】威少率残阵湖人拼下热火，此役他得到21+8+9+3抢断，并有7次失误。#威少21分准三双# 详细阅读>>腾讯体育 【球星】威斯布鲁克vs热火集锦 全场21+8+9打进关键上篮 ,2023/1/5,10,0,1
0,2,0,1,1,【东部倒数双杀卫冕冠军 活塞嘚瑟上了】凭借今日三分压哨绝杀，活塞本赛季主客场两胜勇士，官推赛后甚至玩儿起谐音梗！#活塞绝杀勇士# 详细阅读>>腾讯体育 【集锦】活塞122-119勇士 克莱30分+三分扳平博扬29+5活塞绝杀险胜 ,2023/1/5,4,0,0
0,1,0,1,1,【C罗首秀推迟！利雅得胜利官宣比赛延期】因雨后场馆出现电气故障，比赛推迟至明天进行，C罗沙特联赛首秀要再等等了。#c罗利雅得首秀推迟# 详细阅读>>腾讯体育 西装革履出席宴会！C罗昨晚与沙特亲王等贵要人士共进晚餐 ,2023/1/5,10,1,0
0,1,0,1,7,【乌龙！梅西夺冠手中的大力神杯是假货】他手拿的大力神杯既不是真品，也不是国际足联的官方复制品，怎么回事？#梅西# 详细阅读>>超级好玩的大乌龙！梅西庆祝时手里举着的大力神杯竟然是假的！球王归队！大巴黎全队列队欢迎梅西回归并颁发奖杯 ,2023/1/5,3,4,0
0,2,0,1,1,【NBA最奇葩首发 11场得0分球队反而9胜2负】他是哈登密友，后者休赛期专门降薪，才让76人腾出空间将他签下。#NBA# 详细阅读>>腾讯体育 【集锦】步行者126-129费城 大帝缺阵哈登26分率队加时险胜 ,2023/1/5,1,0,0
0,2,0,1,1,【离谱一幕！莫兰特滚球20秒对手无动于衷】他把球放地上，消耗超20秒比赛时间，操作令人哭笑不得但并不违规。#NBA# 泄气的最大体现！莫兰特后场滚球20秒黄蜂队无动于衷 ,2023/1/5,11,6,1
0,2,0,1,1,【NBA十佳球：拧着身子进！神将压哨绝杀勇士】杜兰特遭1米93后卫钉板大帽，状元残暴隔扣雷霆大当家，莫兰特随手一扔命中神仙球。#NBA# 5日NBA十佳球 字母哥失衡送妙传萨迪克贝1秒极限绝杀勇士 ,2023/1/5,7,3,1
0,2,0,1,1,【普尔又致命失误 赛季至今138次领跑NBA】科尔&克莱赛后鼓励：普尔仍在成长学习，我们会继续信任他！#普尔失误##活塞绝杀勇士# 详细阅读>>腾讯体育 【球星】普尔vs活塞集锦 24分5篮板6助攻绝杀机会再现关键失误 ,2023/1/5,4,1,1
1,2,0,3,10,【CBA女球迷还原看台冲突：被保安掐脖子】曾凡博宠粉赠球鞋却被保安抢走，球迷自称眼镜被打到地上+遭恐吓，当晚已报警。#CBA赛区保安与曾凡博球迷抢鞋# 详细阅读>>腾讯体育 ,2023/1/5,29,12,2
0,2,0,1,1,#勇士活塞冲突# 追梦与斯图尔特爆发冲突，累计2T被驱逐已经在控制了！追梦与斯图尔特爆发冲突前者累积两犯离场 ,2023/1/5,2,1,0
0,2,0,1,1,#活塞绝杀勇士# 汤神关键时刻三分绝平，萨迪克-贝终场前1秒三分压哨绝杀克莱关键时刻超远三分绝平 萨迪克-贝1秒完成三分反绝杀 ,2023/1/5,15,2,5
0,2,0,1,1,#湖人战胜热火##施罗德32分##威少21分准三双#【施罗德带伤砍32分威少准三双 残阵湖人3连胜】湖人险胜复仇热火，施罗德末节14分，90度崴脚带伤作战杀死比赛，威少21+8+9。 ,2023/1/5,9,1,1
0,2,0,1,1,#活塞绝杀勇士# #普尔失误# 【神剧情！勇士遭垫底队三分压哨绝杀 5连胜终结】萨迪克-贝神奇三分绝杀，汤神空砍30分，终场前1秒三分绝平，普尔致命失误，追梦与对手冲突被驱逐。 ,2023/1/5,2,2,1
0,2,0,1,10,【CBA荒唐一幕！曾凡博赛后给球迷赠球鞋 被保安抢走】曾凡博赛后将球鞋扔给看台球迷，保安从一旁杀出抢走球鞋，现场球迷怒不可遏，与保安爆发冲突。腾讯体育 ,2023/1/5,11,13,1
0,2,0,1,1,#公牛终结篮网12连胜##杜兰特44分#【杜兰特空砍44分！篮网12连胜遭终结】篮网负公牛，杜兰特22中15，欧文三分8中1得到25分，公牛三人得分20+。腾讯体育 ,2023/1/5,4,0,0
0,2,2,1,1,#雄鹿战胜猛龙#【另类四双！字母哥30+21+10+12失误】雄鹿加时险胜猛龙，字母哥1v5送出制胜助攻，阿伦命中三分准绝杀。腾讯体育 ,2023/1/5,5,0,0
0,2,0,1,1,【免费看！正视频直播勇士战垫底队冲6连胜】汤神上一场狂轰54分，此役能否再爆发？同步视频直播热火vs湖人，威少单核带队。勇士vs活塞直播间>>扫一扫下载 腾讯体育APP热火vs湖人直播间>>扫一扫下载 腾讯体育APP ,2023/1/5,1,0,0
0,2,0,1,1,【哈登26+6+8送制胜封盖 76人加时险胜】费城7人上双力克步行者获3连胜，希尔德错失三分绝平，哈登加时未得分，但送出制胜封盖。腾讯体育 ,2023/1/5,1,0,0
0,2,0,1,1,这啥操作？莫兰特后场滚球直到球停住，消耗20多秒，黄蜂才上来抢球。泄气的最大体现！莫兰特后场滚球20秒黄蜂队无动于衷 ,2023/1/5,8,5,0
0,2,0,1,1,【冲击13连胜！正视频直播篮网vs公牛】杜兰特欧文大战拉文德罗赞，篮网此役若获胜，战绩将追平联盟第一。扫一扫下载 腾讯体育APP ,2023/1/5,2,1,0
0,2,2,1,1,免费看！正视频直播雄鹿vs猛龙，字母哥昨日狂轰55+10+7，背靠背能否再爆发？扫一扫下载 腾讯体育APP ,2023/1/5,0,0,0
0,2,0,1,1,【锡安又遭重创 伤势严重至少休1个月】名记Woj透露，锡安不是轻微腿筋拉伤，伤势远比预期严重，至少缺阵1个月。腾讯体育 ,2023/1/5,3,0,1
0,2,0,1,1,#詹姆斯因病缺席对阵热火#【詹姆斯生病今日缺阵 湖人至少5人无缘战热火】詹姆斯因非新冠疾病缺席，朗尼-沃克左膝酸痛不打，浓眉因为右脚伤势继续缺席。腾讯体育 ,2023/1/5,3,0,0
0,1,0,1,1,足坛精彩一夜：国米送意甲领头羊那不勒斯首败，米兰尤文热刺获胜，巴萨加时4-3险胜腾讯体育 ,2023/1/5,4,0,0
0,2,0,1,1,【辽宁三杀福建 郭艾伦复出高效26+10】辽宁大胜收获三连胜，张镇麟20+7+2抢断；亚当斯手感冰凉三分11中0，福建全队三分仅37中6。腾讯体育 ,2023/1/4,8,0,0
0,2,0,1,1,【CBA北京德比：首钢双杀北控 送对手六连败】首钢两连胜，全队三分仅29中6，曾凡博10分领衔六人上双；北控全场18个失误，高登空砍31+8+6。腾讯体育 ,2023/1/4,0,0,0
0,1,0,1,1,【意甲AC米兰2-1萨勒尼塔纳 迎新年开门红】AC米兰15分钟两球，莱奥、托纳利建功，红黑军团4轮不败；奥乔亚意甲首秀，上演神奇两连扑。腾讯体育 ,2023/1/4,2,0,0
0,2,0,1,1,【别光看文班亚马！亨德森残暴隔扣引疯狂刷屏】热门新秀制霸NBA发展联盟，高效13中10轰下26+5+8，疯狂单臂隔扣震惊全美。腾讯体育 ,2023/1/4,3,1,0
0,2,0,1,1,【巴格利遭遇伤病侵袭 预计缺阵6-8周】这位24岁潜力内线右手两处骨折，预计接受手术，伤停6-8周。国王曾为他错过东契奇，一度沦为笑柄。腾讯体育 ,2023/1/4,2,1,0
0,2,0,1,1,【吉林加时负四川 琼斯苦战50分钟空砍44+12+11】哈达迪加时赛最后时刻受伤，被担架抬出场外。琼斯生涯助攻升至CBA历史第三，本赛季有望加冕历史助攻王。腾讯体育 ,2023/1/4,4,2,0
0,2,2,1,1,【NBA十佳球：福克斯终场前0.4秒神奇绝杀】字母哥抢断反击，抡臂大风车暴扣；雷霆奇兵滑翔战斧，隔扣绿军后卫。看视频>>4日NBA十佳球 福克斯上篮绝杀爵士字母哥抢断反击大风车暴扣 ,2023/1/4,0,0,2
0,1,0,1,1,【足协杯1/4决赛首回合：山东泰山3-1武汉三镇】中超联赛冠亚军强强对决！武汉三镇全华班出战，陶强龙远射首开纪录，随后山东泰山连入三球拿下比赛。腾讯体育 ,2023/1/4,4,0,2
0,1,0,1,1,【补时点球未判引发争议 阿森纳0-0纽卡结束连胜】2022-23赛季英超第19轮，阿森纳主场0-0战平排名第三的纽卡斯尔联队，联赛5连胜被终结。第96分钟，扎卡底线突破至小禁区附近传中，球打在墨菲的手臂上，主裁判听取VAR意见后判定不是点球。 ,2023/1/4,2,0,107
0,1,0,1,1,【曼联3-0豪取英超4连胜 胖虎破门拉什福德4连击】2022-23赛季英超第19轮，曼联主场3-0击败伯恩茅斯，豪取联赛4连胜和各项赛事6连胜，积分追平第三名纽卡斯尔，仅以净胜球的劣势排名第四。卡塞米罗打破僵局，卢克肖扩大比分，拉什福德连续4场破门。腾讯体育 ,2023/1/4,4,0,1
0,1,0,1,1,【#C罗亮相利雅得胜利#  身穿7号接受3万人欢呼】C罗正式亮相新东家，参加了首场新闻发布会，称为来沙特拒绝多支欧洲球队，C罗表示：“我在欧洲打破了许多纪录，我来这里是为了打破更多纪录。这份合同是独一无二的，因为我是独一无二的球员。这对我来说很正常。”腾讯体育 ,2023/1/4,30,2,2
0,2,0,1,1,【CBA垫底队2连胜！此前20场全败】宁波队史首次连胜，上海3连胜遭终结，全队三分31中5，最后一节仅得13分。王哲林空砍21+8，罚球仅7中1。腾讯体育 ,2023/1/3,7,5,0
0,10,0,1,10,#10位中国斯诺克选手遭世界台联禁赛#世界职业斯诺克协会宣布，赵心童因涉嫌操纵比赛结果遭禁赛。赵心童是首位在斯诺克三大赛夺冠的“90后”球员。腾讯体育 ,2023/1/3,7,4,0
0,2,0,1,10,【西热力江又吃罚单！遭CBA追加停赛】CBA官宣罚单：处于停赛处罚状态的西热力江，违规出现在比赛场地区域，追加停赛1场>>腾讯体育 ,2023/1/3,5,4,1
0,2,0,1,1,【#米切尔71分#轰动NBA 詹姆斯等群星都惊呆了】米切尔赛后被队友泼水祝贺，在更衣室手持“71分”纸张拍照留念，詹姆斯发推：蜘蛛侠，你今天疯了！腾讯体育 ,2023/1/3,6,0,0
0,2,0,1,1,#卢尼压哨绝杀#神剧情！卢尼神奇补篮压哨绝杀，勇士疯狂庆祝恭喜拿下新年第一胜 卢尼神奇补篮压哨绝杀 ,2023/1/3,9,1,0
0,2,1,1,1,#克莱汤普森54分#【#卢尼压哨绝杀#！汤神54分 #勇士双加时险胜老鹰#】卢尼连续抢到两个关键进攻篮板压哨绝杀，全场抢下21个篮板，汤神狂飙10记三分，54分创个人生涯第二高分。 腾讯体育 ,2023/1/3,7,0,0
0,2,1,1,1,汤神普尔相继投丢，迪文琴佐大心脏三分绝平进加时汤神普尔相继投丢绝平球 迪文琴佐大心脏绝平进加时 ,2023/1/3,7,1,0
0,2,1,1,1,【汤神44分迪文琴佐三分绝平 勇士老鹰进加时】迪文琴佐大心脏三分救主，汤神命中8记三分已砍44+7，得分创个人赛季新高，加时鹿死谁手？看直播>>扫一扫下载 腾讯体育APP ,2023/1/3,3,1,2
0,13,0,1,1,【NFL球员赛中突然倒地生命垂危 队友跪地祈祷】他激烈冲撞后起身突然倒地，医护人员进场紧急心肺复苏，随后被送往医院救治，比赛延期全联盟为他祈祷。腾讯体育 ,2023/1/3,3,0,0
0,2,0,1,1,#米切尔71分#米切尔71分集锦：34投22中，三分15中7，罚球25罚20中，神奇绝平将比赛拖入加时，加时独得13分收割比赛。【球星】米切尔vs公牛集锦 71分现役第一 科比81分后最高 ,2023/1/3,7,0,0
0,2,0,1,1,#米切尔71分##骑士战胜公牛#【天神下凡！米切尔71+8+11刷爆纪录 创历史第一神迹】米切尔加时独得13分，狂轰71分创现役球员最高分，也是本赛季最高分，成为历史首位70+10助攻的球员，骑士加时力克公牛。 腾讯体育 ,2023/1/3,18,13,2
0,2,0,1,1,#篮网大胜马刺#【杜欧合砍52分三节打卡 篮网狂胜豪取12连胜】篮网36分狂胜马刺，全队12人登场全部得分，欧文14中11砍27分8篮板，杜兰特高效砍25+11。 【集锦】马刺103-139篮网 711合砍52分篮网豪取12连胜 ,2023/1/3,3,1,0
0,2,2,1,1,#湖人战胜黄蜂##詹姆斯43分11篮板#【詹姆斯狂轰43+11+6 湖人复仇黄蜂夺两连胜】老詹连续两场40+，上演逆天双手背扣，托马斯-布莱恩特18+15，威少2分伤退。 ,2023/1/3,7,0,0
0,2,0,1,1,施罗德空中回传，詹姆斯高难度双手背扣，解说直呼：太厉害了又惊又喜！施罗德空中回传詹姆斯跟进背扣炸裂全场 ,2023/1/3,13,3,2
0,2,0,1,1,【欧文罕见单臂炸裂补扣 杜兰特吓出表情包】欧文飞身补扣引爆篮网主场，杜兰特引领替补席疯狂庆祝，渡边雄太一脸懵。锁定最佳扣篮！欧文石破天惊单臂补扣 ,2023/1/3,15,1,2
0,2,0,1,1,【杜欧率队冲12连胜！正视频直播马刺vs篮网】篮网近16战15胜气势如虹，罗伊斯-奥尼尔因病缺阵，三巨头率队剑指12连胜。扫一扫下载 腾讯体育APP ,2023/1/3,2,0,0
0,2,1,1,1,【免费看！正视频直播湖人vs黄蜂 詹皇新年首战】詹姆斯上一场狂砍47+10+9，此役能否继续爆发，率队夺两连胜？扫一扫下载 腾讯体育APP ,2023/1/3,0,1,0
0,1,0,1,2,#C罗抵达沙特#C罗飞抵沙特：今晚亮相新东家，将在3万人面前演讲腾讯体育 ,2023/1/3,4,0,0
0,2,0,1,1,#尼克斯战胜太阳#被轰21-0！太阳惨负尼克斯遭3连败，最多落后32分，保罗11分，正负值-38。【集锦】太阳83-102尼克斯 兰德尔28+16尼克斯大胜太阳 ,2023/1/3,4,0,0
0,1,0,1,2,【C罗启程飞往沙特 手戴大钻戒录视频：等会见！】女友乔治娜与C罗一同前往，在私人飞机上晒出多组照片，佩戴名表名包贵气十足>>腾讯体育 ,2023/1/2,42,2,1
0,2,0,1,1,【17分大逆转！辽篮加时险胜吉林】弗格加时赛独得9分，贡献全场最高38分，张镇麟砍24+14+6；姜伟泽绝平三分拖入加时仍难挽败局，琼斯19+17+16连续两场三双>>腾讯体育 ,2023/1/2,5,0,109
0,2,0,1,1,北京男篮2分险胜天津，近8战7胜升至第三，范子铭13投10中砍下22分，外援利夫贡献19+10+7；天津最后一攻打成精彩配合，但仍错失绝平球>>腾讯体育 ,2023/1/2,2,0,0
0,2,0,1,1,CBA广东双杀同曦豪取12连胜，马尚轰下31分9篮板，赵睿砍下22+6+9，助攻阿联上演空接暴扣，同曦外援皮特森8记三分空砍39分>>腾讯体育 ,2023/1/2,17,0,1
0,1,0,1,4,【C罗明日亮相新东家全球直播 原7号球员差点被解约】C罗将在1月3日接受体检并参加亮相仪式，届时将对全球进行直播。另外沙特媒体透露，利雅得胜利原来的7号球员并不愿意让出战袍，结果俱乐部高层直接表示：如果不让出7号，就无条件解约。腾讯体育 ,2023/1/2,12,5,1
0,1,0,1,1,【切尔西1-1森林 近7轮英超仅1胜】2022-23赛季英超第18轮，切尔西客场1-1战平诺丁汉森林，近7轮仅1胜，落后第四名7分，斯特林补射破门，奥里耶扳平比分。腾讯体育 ,2023/1/2,3,0,0
0,1,0,1,1,【大巴黎1-3遭赛季首败 32场不败终结】2022-23赛季法甲第17轮，巴黎圣日耳曼客场1-3负于朗斯，遭遇赛季首败，各项赛事跨赛季32场不败就此终结。腾讯体育 ,2023/1/2,5,0,0
0,2,0,1,1,#沈梓捷连续错失关键篮板# 深圳惨遭广州大逆转无缘10连胜，沈梓捷最后时刻连续两次背身挡人丢关键篮板，还恼羞成怒与代理主帅争吵。 ,2023/1/1,5,4,0
0,1,0,1,5,【卡卡：欢迎梅西加入“三大满贯”得主俱乐部】世界杯、金球奖和欧冠“三大满贯”荣誉集于一身，历史仅有9人，卡卡晒图欢迎梅西>>卡卡：欢迎梅西跻身“三大满贯”俱乐部！（附9人名单） ,2023/1/1,7,1,1
0,2,0,1,1,新疆击败青岛夺4连胜，阿不都沙拉木19分，法尔19+10，克莱蒙斯25分7篮板，青岛外援杰曼空砍43分。腾讯体育 ,2023/1/1,2,0,0
0,2,0,1,1,【主场来了！中国男篮2月世预赛在香港举行】FIBA官网赛程显示，中国男篮2月两场世预赛将在香港荃湾体育馆举行，对手是哈萨克斯坦和伊朗男篮>>腾讯体育 ,2023/1/1,9,0,0
0,2,0,1,1,【上海2分险胜复仇山东 王哲林领衔3人20+】王哲林贡献26+15，刘铮轰下26分，上海男篮近13战豪取12胜，山东7人上双遗憾落败，高诗岩脚踢球吃到技犯>>腾讯体育 ,2023/1/1,2,0,0
0,2,0,1,1,#宁波男篮赛季首胜##宁波男篮战胜山西男篮#结束20连败！CBA宁波男篮力克山西获赛季首胜腾讯体育 ,2023/1/1,1,1,0
0,2,0,1,1,#希罗三分绝杀爵士#2022年NBA最后一球！希罗骑马射箭压哨三分神奇绝杀新年快乐！希罗骑马射箭飞身三分压哨绝杀为2022完美收官 ,2023/1/1,8,1,1
0,2,0,1,1,【下课征兆？#马布里离开赛区返回北京#】据《天天体育》报道，马布里因为个人事务，将返回北京，暂时离开北控教练员的岗位。腾讯体育 ,2023/1/1,7,0,0
0,2,0,1,1,#独行侠战胜马刺##东契奇51分#【东契奇51+6+9刷爆纪录！两次关键篮板杀死比赛】东契奇最后时刻再次故意罚球不中，抢下制胜篮板，成为本赛季首位3次砍50+的球员，独行侠1分险胜马刺豪取6连胜。腾讯体育 ,2023/1/1,13,0,0
0,2,0,1,1,#篮网战胜黄蜂##欧文28分##杜兰特23分#【11连胜！杜欧合砍51分 篮网升至东部第二】篮网6人上双大胜黄蜂，欧文28+6+4，杜兰特23分三节打卡，三球空砍23+7+11。 【集锦】篮网123-106黄蜂 篮网擒黄蜂豪取11连胜 ,2023/1/1,10,1,0
1,2,0,3,7,【小女孩举标语“KD是GOAT” 杜兰特微笑点头】小女孩标语写着“KD是我心中的GOAT，对不起乔丹”，杜兰特会心一笑点头回应，小女孩乐开了花。小女球迷举牌：杜兰特是我心中的GOAT 阿杜会心一笑点头回应 ,2023/1/1,18,3,0
0,1,0,1,1,#曼城1比1埃弗顿#英超曼城主场1-1战平埃弗顿，哈兰德连场破门，英超15战狂轰21球。腾讯体育 ,2023/1/1,2,0,0
0,1,0,1,1,#布莱顿2比4阿森纳#英超阿森纳客场4-2战胜布莱顿，领先曼城7分，豪取5连胜继续领跑积分榜。腾讯体育 ,2023/1/1,5,0,0
0,2,0,1,1,#乔治45分##步行者战胜快船#【乔治空砍45分小卡24分 特纳34分快船负步行者】乔治45分创赛季新高，末节18分难救主，小卡分错失三分绝平。【集锦】快船130-131步行者 乔治空砍45分步行者末节险胜快船 ,2023/1/1,8,0,0
0,1,2,2,1,【15黄2红！西甲名哨再造世界杯争议场面】在西班牙加泰德比中，“卡牌大师”拉奥斯全场狂出15黄2红再引争议，2022世界杯荷阿大战他曾创18黄1红“壮举”>>腾讯体育 ,2022/12/31,4,0,3
0,1,0,1,1,【英超曼联1-0狼队 拉什福德替补制胜】拉什福德禁区内1V4打进制胜球，世界杯后连续3场破门，曼联取得英超3连胜后暂升至第四>>腾讯体育 ,2022/12/31,4,0,0
0,2,0,1,1,【惨烈一战！辽篮送浙江赛季第二败】两队合计制造63次犯规，李晓旭犯满离场，另有4人吃5犯，弗格41分率领辽篮完成复仇>>腾讯体育 ,2022/12/31,4,2,0
0,2,0,1,1,【吉林外援琼斯狂砍61分超级三双】琼斯一刻未歇打满48分钟，下半场独得43分，全场狂砍61+11+10，创CBA本赛季最高分，并超越王治郅升至历史得分榜第5！腾讯体育 ,2022/12/31,10,2,0
0,2,0,1,1,【新王加冕！武汉三镇捧起中超冠军奖杯】武汉三镇众将高举火神杯，外援带头热舞喷洒香槟庆祝，尽享中超冠军荣耀！现场视频>>网页链接 ,2022/12/31,20,8,4
0,2,1,1,1,#NBA十佳球# 拉文平筐空接暴扣太震撼，詹皇关键时刻1V3无所畏惧，普尔极限滞空拉杆犹如乔丹附体！【原声】31日NBA十佳球 生日夜老詹关键球一展极限滞空 ,2022/12/31,3,0,0
0,2,0,1,1,#克莱蒙斯55分##新疆男篮命中23记三分# 新疆击败山西拿下3连胜，外援克莱蒙斯55分创CBA生涯新高，个人13记三分也刷新本赛季纪录>>腾讯体育 ,2022/12/30,7,1,1
0,2,0,1,1,【马尚狂轰41+7+7！广东18分大胜北京】马尚全场轰进9记三分且零失误，广东豪取11连胜，北京6连胜被终结，赛季被对手双杀>>腾讯体育 ,2022/12/30,12,2,2
0,1,0,1,8,#梅西当选2022国际记者协会票选最佳运动员# 国际体育记者协会宣布，梅西当选2022年最佳运动员，得票率25.45%遥遥领先第二名>>腾讯体育 ,2022/12/30,5,0,0
0,2,0,1,1,#马尚半场26分# 马尚半场15分钟11投10中，轰进6记三分独砍26分，助广东男篮领先北京12分>>腾讯体育 ,2022/12/30,2,0,1
0,2,0,1,1,#上海男篮战胜青岛男篮##王哲林31分15篮板# 上海男篮首节奠定18分优势，但后三节均输分险遭大逆转，王哲林砍下31+15，外援梅洛贡献29+10+5。 ,2022/12/30,1,0,0
0,2,0,1,1,#NBA十佳球# 步行者新星上演惊天隔扣，莫兰特折叠背扣+飞身炸筐两度上榜，东契奇超远压哨三分惊艳全场！30日NBA十佳球 莫兰特连续送暴扣东契奇超远压哨三分 ,2022/12/30,5,1,0
0,1,0,1,5,【世界足坛悼念贝利 梅西C罗内马尔姆巴佩发文】梅西晒与贝利合影并配文：“安息吧，贝利。”C罗发长文：“我向全巴西、特别是贝利的家人表示最深切的哀悼。只对永远的球王贝利说一声再见，远不能够表达出此时笼罩在整个足球世界的痛苦。”内马尔、姆巴佩等球星，皇马巴萨等俱乐部也都发文悼念。腾讯体育,2022/12/30,15,1,3
0,1,1,1,2,#球王贝利去世# 【哀悼！球王贝利去世 三夺世界杯史上唯一】贝利因结肠癌引发多器官衰竭去世，享年82岁，世界足坛时隔两年相继告别马拉多纳、贝利两大球王。腾讯体育 ,2022/12/30,21,2,8
0,1,0,2,1,#安切洛蒂不想说梅西是历史最佳# 对于梅西是否是历史最佳的话题，安切洛蒂表示，“梅西是历史最佳球员？这句话不会从我嘴里说出来。每个时代都有非常强大的球员，这么说是不公平的。我喜欢那些最好的球员，我见过马拉多纳、克鲁伊夫，我现在执教着金球奖得主（本泽马）。”腾讯体育 ,2022/12/29,7,2,0
0,7,0,2,1,#国乒确定新一届教练组# 李隼出任国乒总教练，男队主教练为王皓，女队主教练为马琳，混双组长为肖战>>腾讯体育 ,2022/12/29,5,0,2
0,2,0,1,1,NBA十佳球：锡安残暴隔扣戈贝尔，欧文极限变向晃倒对手淡定出手三分，德罗赞超级拉杆反身上篮打成2+1！29日NBA十佳球 多森姆绝平暴扣 锡安单臂隔扣戈贝尔 ,2022/12/29,7,0,1
0,2,0,1,1,【给湖人下最后通牒？詹姆斯：我还想夺冠！】詹姆斯赛后采访疑似给湖人管理层下通牒：如果阵容合适，我可以为任何球队带来应有的表现。我想赢！腾讯体育 ,2022/12/29,11,5,0
0,2,0,1,1,【马尔卡宁空砍29+16 爵士末节24中4遭勇士逆转】勇士三连胜，普尔单核带队轰26分，替补阵容表现优异；爵士两连败，亚洲第一后卫砍22分。板凳席全员沸腾！普尔携手鲍德温两记三分强势追平 ,2022/12/29,8,1,1
0,2,0,1,1,【蒙克罚球准绝杀轰33分 掘金五连胜遭终结】小萨带伤出战轰31+10，全队三人30+，国王终结连败；约基奇空砍40+7+6，绝杀三分投出三不沾。全都目送你得分 蒙克蝴蝶穿花回头望月 ,2022/12/29,2,0,0
0,2,2,1,1,【德罗赞加时赛独砍10分杀死比赛 】公牛加时险胜，送雄鹿四连败，字母哥空砍45+22+7；德罗赞出战44分钟，狂砍42+10+5。看视频>>转身进场行云流水 德罗赞甩开防守飞身挑篮得手 ,2022/12/29,6,0,1
0,2,0,1,1,【锡安残暴隔扣戈贝尔 复出狂轰43+5豪取四连胜】锡安轰下43分生涯新高，末节14分杀死比赛。森林狼四连败，爱德华兹错失中投绝杀。看视频>>恭喜你喜提十佳球背景板！锡安飞天遁地单臂隔扣戈贝尔 ,2022/12/29,11,0,1
0,2,1,1,1,【詹皇27+9+6遭遇里程悲 湖人负热火无缘连胜】威少15分8助攻，湖人全场24记失误；巴特勒复出27+5+5抢断，阿德巴约大号两双，热火两连胜。像推土机一般顶着阿德巴约！詹姆斯突破上篮用左手也能终结 ,2022/12/29,1,1,0
0,2,0,1,1,【KD26+16篮网豪取十连胜 欧文末节独砍15分】杜兰特欧文合砍54分，新星中锋6记封盖；残阵老鹰遭逆转，穆雷错失三分绝杀，空砍24+9+8。难度系数五颗星 欧文闪转腾挪滞空上篮打进还有加罚 ,2022/12/29,9,1,1
0,2,0,1,1,【魔术中锋遭对手重击后脑 两队大规模肢体冲突】瓦格纳防守中将对手撞到替补席，后者起身一拳重击前者后脑，随后双方混战。最终两队三人被驱逐！看视频>>大规模冲突！魔术中锋后脑遭拳击 三人遭驱逐 ,2022/12/29,24,8,8
0,2,1,1,1,【正视频直播湖人vs热火 巴特勒复出对决詹皇】詹姆斯迎战老东家，率队剑指两连胜；巴特勒伤愈归来，与老詹上演超巨对决。看直播>>扫一扫下载 腾讯体育APP ,2022/12/29,4,0,0
0,2,0,1,1,【免费看！正视频直播篮网vs老鹰 杜欧冲10连胜】篮网状态正盛，上一战杜兰特欧文同砍30+，本场能否延续火热表现，一举拿下十连胜？看免费直播>>扫一扫下载 腾讯体育APP ,2022/12/29,2,1,0
0,1,0,1,1,【英超：曼城3-1击败利兹联】2022-23赛季英超第17轮，曼城客场3-1击败利兹联。罗德里首开记录，格拉利什助攻双响，哈兰德梅开二度，斯特鲁伊克扳回一球。 ,2022/12/29,4,2,0
0,1,0,1,1,【法甲：巴黎2-1斯特拉斯堡】大巴黎法甲六连胜，姆巴佩补时点射绝杀，内马尔掌掴对手+假摔两黄离场。 ,2022/12/29,692,84,4
0,2,0,1,1,【狂输58分！CBA垫底队开赛19连败一场没赢】山东轻取宁波近4战3胜，全队8人得分上双，朱荣振登场17分钟砍下14分。#山东男篮58分大胜宁波男篮##宁波男篮19连败# 详细阅读>>腾讯体育 ,2022/12/28,6,1,0
0,2,0,1,9,【NBA三方大交易取消 太阳又没送走刺头前锋】名记Shams透露，这笔交易因为其中一支球队索要多个首轮签而告吹。#NBA# 详细阅读>>腾讯体育 【集锦】太阳125-108灰熊 莫兰特空砍34+6保罗率队8人上双结束连败 ,2022/12/28,5,0,0
0,1,0,1,7,【卡塔尔将梅西世界杯卧室改成博物馆】你是懂赚钱的！分析人士称：因梅西巨大的影响力，这将成为卡塔尔的知名景点。详细阅读>>卡塔尔大学：梅西世界杯期间住过的房间将被改造成博物馆听话德保罗！梅西一摇头德保罗立刻停止庆祝安静坐下 ,2022/12/28,4,0,0
0,2,0,1,10,【西热打架后续：5万罚款有人帮交4万】西热力江被CBA处罚当晚开直播，两位篮球圈小弟表示帮他分担罚款。#西热力江史琳杰打架被停赛罚款# 详细阅读>>曹芳和曹岩每人出2万元 帮西热力江交CBA罚款《边线Talk》第1集 西热力江和他的南京同曦 ,2022/12/28,13,2,0
0,2,1,1,1,【NBA十佳球：东契奇机智绝平+神传霸榜】詹皇空接炸筐君临天下，塔图姆反击大风车抡扣，普尔骚气晃动耍晕对手！#NBA# 28日NBA十佳球 东契奇施展魔法神仙绝平独占鳌头 ,2022/12/28,5,0,0
0,2,0,1,1,【NBA两冠后卫打CBA仅2分 全场5中0+决胜时刻被弃】广厦终结青岛4连胜，昔日MVP胡金秋大伤归来砍27+13，赵岩昊21分，孙铭徽伤停。#广厦男篮战胜青岛男篮##胡金秋27分13篮板# 详细阅读>>腾讯体育 ,2022/12/28,0,1,0
0,2,0,1,1,【广东击败吉林夺10连胜 琼斯空砍三双】易建联11分10篮板送排球大帽，广东全民皆兵6人上双；琼斯7次失误，“双姜”42分难救主。#广东男篮十连胜##易建联11分10篮板# 详细战报>>腾讯体育 ,2022/12/28,10,0,0
0,2,0,1,10,【CBA再出罚单！辽篮主帅杨鸣停赛3场罚款3万】昨晚京辽大战，杨鸣因不满判罚冲进场质问裁判，事后被驱逐出场。#杨鸣被停赛3场罚款3万元# 详细阅读>>腾讯体育 ,2022/12/28,2,7,0
0,2,0,1,1,【东契奇引NBA群星赞叹 独行侠更衣室庆祝曝光】他今日砍下60+21+10+2抢断1盖帽，创下12大纪录，赛后被疯狂浇水变成了“落汤鸡”！#东契奇60分21篮板三双# 详细阅读>>腾讯体育 【球星】东契奇vs尼克斯集锦 爆砍60+21+10达成第一神迹 ,2022/12/28,4,1,3
0,1,0,1,1,【切尔西2-0结束英超3连败 哈弗茨传射芒特建功】2022-23赛季英超第17轮，切尔西主场2-0完胜伯恩茅斯，拿到近6轮联赛首胜。斯特林助攻哈弗茨打破僵局，随后哈弗茨传球，芒特远射再下一城。腾讯体育 ,2022/12/28,4,0,0
0,1,0,1,1,【英超曼联3-0森林 拉什福德传射】2022-23赛季英超第17轮，曼联主场3-0击败诺丁汉森林，取得各项赛事4连胜。拉什福德传射建功，马夏尔打破进球荒，弗雷德替补建功。腾讯体育 ,2022/12/28,1,0,0
0,2,0,1,1,【CBA首钢17分大逆转辽宁 豪取6连胜】辽篮末节仅得11分，4连胜遭终结，杨鸣不满判罚冲入场内质问裁判遭驱逐。郭艾伦12分，赵继伟10分8助攻。腾讯体育 ,2022/12/27,10,3,0
0,2,0,1,10,【餐厅斗殴！西热力江又遭重罚：停赛5场+罚款5万】西热力江在驻地酒店用餐时，与江苏肯帝亚总经理史琳杰发生口角，后又用脚踹中对方身体，后者拿起椅子扔摔。#西热力江史琳杰打架被停赛罚款#腾讯体育 ,2022/12/27,12,4,0
0,2,0,1,1,【一个时代结束！中超8冠王提前1轮降级】#广州队降级#广州队1-4负长春亚泰，20轮不胜提前1轮降级，结束12个赛季中超征战，此前11个赛季夺8冠2亚1个第三>>腾讯体育 ,2022/12/27,7,2,3
0,1,0,1,1,正视频直播中超3场保级大战：广州队vs长春亚泰，直播间>>扫一扫下载 腾讯体育APP成都蓉城vs武汉长江，直播间>>扫一扫下载 腾讯体育APP深圳队vs广州城，直播间>>扫一扫下载 腾讯体育APP ,2022/12/27,1,1,0
0,2,0,2,1,【#中国男篮主帅谈选人标准# 豪言世界杯目标无上限】乔尔杰维奇表示：只要我接手一支球队，我就会按照赢得比赛、赢得奖牌去准备，明年世界杯目标没有上限。腾讯体育 ,2022/12/27,9,3,0
0,1,0,1,1,#国安比赛弃权# 【国安宣布弃权被判0-3 中超冠军今晚决出？】国安放弃今日与海港比赛，中超末轮两场争冠战也可能无法进行，武汉三镇今晚比赛或决定冠军归属。腾讯体育 ,2022/12/27,3,0,0
0,2,0,1,1,#快船加时战胜活塞##乔治32分#【神剧情！乔治砍32+11 快船加时险胜活塞】乔治加时独得7分杀死比赛，快船末节一度落后14分绝地逆转，曼恩命中大心脏绝平将比赛拖入加时。 腾讯体育 ,2022/12/27,1,0,0
0,2,0,1,1,#篮网战胜骑士##欧文32分##杜兰特32分##加兰46分#【欧文32分收割比赛杜兰特被罚下 篮网豪取9连胜】篮网力克骑士跻身东部前三，欧文末节15分收割比赛，杜兰特32分6犯离场连创纪录，加兰空砍46+8。 腾讯体育 ,2022/12/27,2,1,1
0,2,0,1,1,国王球星萨博尼斯右手拇指韧带撕脱性骨折， 将尝试带伤出战，本赛季场均17.9分12.4篮板6.7助攻。腾讯体育 ,2022/12/27,2,0,0
0,2,0,1,10,篮网骑士险爆发冲突，西蒙斯和阿伦肉搏抢球，用力将对手拽翻在地，阿伦暴怒起身，双方球员赶紧拉架。西蒙斯与阿伦抢球险爆冲突 欧文化身谈判大师上前讲和 ,2022/12/27,5,4,0
0,1,0,1,1,#加克波加盟利物浦#官宣！利物浦签荷兰国脚加克波达协议，转会费5000万英镑。腾讯体育 ,2022/12/27,6,2,0
0,1,0,1,1,#维拉1比3利物浦##萨拉赫传射建功#英超：利物浦客场3-1阿斯顿维拉，萨拉赫传射建功，范戴克爆射破门。腾讯体育 ,2022/12/27,1,0,0
0,1,0,1,1,#阿森纳3比1西汉姆联##温格重回阿森纳主场#英超：阿森纳3-1逆转西汉姆联继续领跑，温格重回酋长球场观战。腾讯体育 ,2022/12/27,5,0,1
0,2,0,1,1,【杜欧冲9连胜！正视频直播篮网vs骑士】东部第三大战东部第四，杜兰特欧文对决骑士双枪，谁能率队获胜？扫一扫下载 腾讯体育APP ,2022/12/27,2,0,0
0,1,0,2,10,#武汉三镇官方声明##武汉三镇说要与足协不良势力斗争#【武汉三镇：会毫不妥协跟足协黑暗势力斗争】武汉三镇官方声明：严正抗议中国足协一系列决议，我们可以不夺联赛冠军，但希望在一个公平公正的竞赛环境下被对手打败，而不是其他。腾讯体育 ,2022/12/27,15,5,2
0,1,0,1,1,【英超重燃战火！热刺上演连追2球好戏】在半场0-2落后情况下，凯恩、霍伊别尔下半场6分钟内连进两球，助热刺2-2战平布伦特福德。腾讯体育 ,2022/12/26,5,2,0
0,2,0,1,1,【广东轻取福建夺9连胜 易建联20+9迎里程碑】马尚30分领衔广东5人上双，阿联成常规赛“万分先生”，福建外援亚当斯空砍50+11+6>>腾讯体育 ,2022/12/26,5,0,0
0,2,0,1,1,#易建联常规赛10000分# 易建联成为朱芳雨后常规赛第二位“万分先生”，一周内连创三项里程碑！祝贺>>腾讯体育 ,2022/12/26,33,3,1
1,1,0,3,2,#乔治娜圣诞礼物送C罗劳斯莱斯# C罗全家过节视频来啦！乔治娜一袭红裙出镜，引领C罗和孩子们打开一件件圣诞礼物>>如何不经意间让我女友看到 C罗社媒晒乔治娜送圣诞礼物：劳斯莱斯 ,2022/12/26,16,5,0
0,2,0,1,1,【吴前复出砍25+7+6 浙江送天津13连败】浙江男篮重拾连胜稳居联盟第一，外援盖利28分领衔5人得分上双，“天津詹姆斯”空砍30+16>>腾讯体育 ,2022/12/26,1,0,0
0,2,0,1,1,【超级外援42+18+18！吉林34分大胜北控】琼斯“食言”再战超40分钟，全场27中19砍下大号三双，正负值高达+41，吉林另有3人得分20+，姜伟泽8记三分轰下28分>>腾讯体育 ,2022/12/26,1,0,0
0,2,0,1,1,#北京男篮官宣不续约秦晓雯# 北京男篮官方宣布，俱乐部董事长秦晓雯六年任职期满，合同到期后不再续约>>腾讯体育 ,2022/12/26,3,2,0
0,2,0,1,1,#阿隆戈登隔扣沙梅特#残暴指数五颗星！戈登大鹏展翅死亡隔扣沙梅特惊呆众人残暴指数五颗星！戈登大鹏展翅骑扣沙梅特惊呆众人 ,2022/12/26,13,3,0
0,2,0,1,1,#掘金加时战胜太阳##约基奇41分三双##阿隆戈登28分13篮板#【约基奇41+15+15刷爆纪录 掘金加时险胜太阳】掘金豪取4连胜，戈登砍下28+13，加时死亡隔扣沙梅特；太阳错失绝平三分后致命失误，惨遭3连败。腾讯体育 ,2022/12/26,2,0,0
0,1,0,1,1,【中超3队弃权被判0-3 山东泰山不战而胜暂登顶】中超联赛官方宣布，河北队、天津津门虎和梅州客家第33轮比赛弃权，山东泰山收获3分和3个净胜球暂时登顶。腾讯体育 ,2022/12/26,1,2,0
0,2,0,1,1,#布克伤退#太阳遭重创！布克腹股沟受伤，仅打4分钟伤退布克因腹股沟伤势退出比赛 现身板凳席双手抓头一脸懊恼 ,2022/12/26,3,0,3
0,2,0,1,1,#勇士战胜灰熊##普尔32分##莫兰特36分#【勇士被吹6T！年终大战轻取灰熊 普尔被驱逐】勇士6人上双终结连败，普尔32分生涯首次被驱逐，汤神24+9，莫兰特空砍36+7+8。 腾讯体育 ,2022/12/26,5,0,0
0,2,0,1,1,【正视频直播年终大战：太阳vs掘金 布克复出】布克保罗大战约基奇，西部第一冲击4连胜，太阳能否终结连败？扫一扫下载 腾讯体育APP ,2022/12/26,2,2,0
0,2,0,1,1,#库里指导普尔#普尔命中极限三分，库里喜笑颜开场边指导。普尔极限三分打出萌神风采 场边库里喜笑颜开耳语传授经验 ,2022/12/26,4,0,0
0,1,0,2,10,【足球报：恒大不再给广州队经济支援】广州队面临降级，许家印对球队情况没有过问，八冠王未来何去何从？八冠王面临降级！投资方无人过问，广州队未来何去何从？ ,2022/12/26,6,2,1
0,2,0,1,1,【免费看！正视频直播年终大战：灰熊vs勇士】两队上演恩怨对决，汤神普尔PK莫兰特，谁能率队赢下年终大战？扫一扫下载 腾讯体育APP ,2022/12/26,1,1,0
0,2,2,1,1,#凯尔特人战胜雄鹿##塔图姆41分#【绿军大胜雄鹿爆冲突 字母哥愤怒冲撞布朗】塔图姆狂轰41+7+5统治年终大战，暴力隔扣字母哥，布朗29分；字母哥空砍27+9，与布朗爆发冲突吃T。 腾讯体育 ,2022/12/26,4,0,1
0,2,0,1,1,#年终大战76人战胜尼克斯##哈登29分##恩比德35分#年终大战：76人逆转尼克斯豪取8连胜，哈登29+13 ，恩比德35+8。【集锦】费城119-112尼克斯 帝登合砍64分率队逆转尼克斯 ,2022/12/26,1,0,0
0,2,0,1,1,#年终大战独行侠战胜湖人##詹姆斯38分#【年终大战单节狂丢51分！詹姆斯38分难阻湖三崩】湖人负独行侠遭4连败，詹姆斯狂刷纪录迎里程悲，威少正负值-30；东契奇32+9+9，伍德30+8+7。【集锦】湖人115-124独行侠 詹姆斯空砍38分不敌东契奇32+9+9 ,2022/12/26,3,0,0
0,2,0,1,1,【CBA深圳终结上海九连胜 沈梓捷高效13中12】深圳豪取七连胜，萨林杰狂砍37+20+7；血布仅登场9分钟拿下5分，王哲林23+13。腾讯体育 ,2022/12/25,4,0,0
0,2,0,1,1,【辽宁双杀同曦收获四连胜】郭艾伦24+6领衔五人上双；西热手指骨折未登场，皮特森空砍47+5+6。腾讯体育 ,2022/12/25,12,0,0
1,2,0,3,7,【前NBA球员谈“卡戴珊魔咒”：那的确毁了我】拉沙德-麦坎茨谈昔日与卡戴珊恋情：那的确毁了我的合同，我连续16场被弃用，教练总觉得我没休息够。腾讯体育 ,2022/12/25,4,2,0
0,2,0,1,1,魔术近9战8胜 一数据高居NBA第二魔术青年军近期表现神勇，进攻和防守效率都排在联盟前七。摆烂多年，他们终于兑现天赋？腾讯体育 ,2022/12/25,3,1,0
0,1,0,1,10,【U15假球案后续：广州足球俱乐部董事长被开除】恒大集团官方文件：广州足球俱乐部董事长、恒大足校校长王亚军被开除。详情>>腾讯体育 ,2022/12/25,7,3,1
0,2,0,1,1,【利夫1.2秒准绝杀！北京送四川八连败】利夫最后1.2秒关键上篮，张殿梁错失漂移绝杀，首钢2分险胜四川。北京全场三分22中1，范子铭24分赛季新高>>腾讯体育 ,2022/12/25,5,0,0
0,2,0,1,1,【广厦男篮单节仅6分 胡金秋赛季首秀半场挂零】广厦首节17分落后，第二节轰下32分强势反超新疆。胡金秋伤愈复出半场0分，前勇士后卫库克4中0一分未得。腾讯体育 ,2022/12/25,6,0,0
0,1,0,2,10,#足协公布对广东省运会假球案的处罚##暂停广州足协会员资格2年#【中国足协官宣假球案重磅罚单：6人终身禁赛】中国足协：暂停广州足协会员资格2年，对恒大足球学校、广东省足协提出通报批评。腾讯体育 ,2022/12/25,2,0,0
0,1,0,3,2,#贝利儿子分享与父亲握手照#贝利儿子晒出与父亲手握着手的照片，写道：在阿尔伯特-爱因斯坦医院，父亲，我的力量与你同在！腾讯体育 ,2022/12/25,4,1,0
0,2,2,1,1,【湖人4将无缘年终大战 詹姆斯大概率出战】湖人官宣年终大战伤病报告，浓眉等4名球员无缘，詹姆斯冲击多项历史第一神迹。腾讯体育 ,2022/12/25,3,0,0
0,2,0,1,1,#库里左肩恢复良好#勇士官宣库里左肩伤势恢复良好，两周后重新评估。腾讯体育 ,2022/12/25,7,0,0
0,1,0,2,4,【曼联主帅：C罗已经是过去时了】滕哈赫：他选择了另外一条路，已经不是那个能帮我们扳平比分、实现目标的C罗了。详细阅读>>曼联主帅滕哈格说C罗已是过去时C罗的灰姑娘——乔治娜 ,2022/12/24,7,1,1
0,2,0,2,8,【数据网站预测湖人进季后赛概率：10%】3连败的湖人同期战绩已不如上赛季，进总决赛和夺冠概率均不到1%。球迷调侃：助鹈鹕冲文班亚马？#NBA# 详细阅读>>腾讯体育【球星】詹姆斯vs黄蜂集锦 连续6场砍30+末节18分难救主 ,2022/12/24,3,0,0
0,2,0,1,1,【8连胜篮网有多强？7项数据领跑联盟】击败雄鹿之后，越来越多人喊出“篮网总冠军”的口号了。详情>>腾讯体育 【集锦】雄鹿100-118篮网 字母哥空砍26+13不敌杜兰特24分 ,2022/12/24,5,0,0
0,2,0,1,1,【最多领先37分！广东大胜北控豪取8连胜】广东首节轰出42比18终结比赛悬念，易建联25+9提前打卡下班，成CBA历史6000篮板第一人！#广东男篮大胜北控男篮##易建联25分9篮板# 详细阅读>>腾讯体育 ,2022/12/24,22,0,0
0,2,0,1,1,【西部没对手？莫兰特狂妄言论遭批】莫兰特曾说“联盟里对手只有绿军”，NBA名宿批评：你不是库里，还没在季后赛证明过自己。详细阅读>>莫兰特称西部没对手 弗莱：他不是超巨 季后赛成绩还不够好【球星】莫兰特vs太阳集锦 全场12分 11助攻轻松取胜 ,2022/12/24,4,3,1
0,2,2,1,10,【字母哥争议动作 篮网大将社媒公开质问】今日篮网vs雄鹿，克拉克斯顿被字母哥放倒，他社媒发视频质问：这是篮球动作？#NBA# 详细>>网页链接【集锦】雄鹿100-118篮网 字母哥空砍26+13不敌杜兰特24分 ,2022/12/24,8,1,0
0,2,0,1,1,【男篮神射致命三分 全华班吉林送天津12连败】吉林外援琼斯遭争议判罚被驱逐，姜伟泽打满48分钟砍下23+8，吉林8人轮换赢下三外援天津。#吉林男篮战胜天津男篮##姜伟泽三分杀死比赛# 详细战报>>腾讯体育 ,2022/12/24,6,0,0
0,2,2,1,1,【NBA十佳球：德罗赞+超新星两记嗜血绝杀】老詹背后穿裆妙传助飞托布，东契奇神仙操作戏耍火箭3人，马刺樱木被2米18蜘蛛人封杀。#NBA# 24日NBA十佳球 德罗赞中距离封喉哈利伯顿超远三分绝杀 ,2022/12/24,4,0,0
0,2,1,1,1,【37岁詹皇刷4大纪录 但败给最后一攻一防】詹姆斯今天创3项NBA第一、1项第二仅次乔丹，突破掉鞋失绝杀后，他久坐不起极不甘心。#湖人不敌黄蜂##詹姆斯34分# 详细阅读>>腾讯体育 【球星】詹姆斯vs黄蜂集锦 连续6场砍30+末节18分难救主 ,2022/12/24,2,1,0
0,2,0,1,10,【CBA开出重磅罚单 马尚被罚50万元】CBA开出罚单，广东男篮外援马尚-布鲁克斯在赛后发布会佩戴竞品产品，被罚款人民币50万元。腾讯体育 ,2022/12/24,7,5,4
0,1,0,1,2,【外媒曝贝利病情恶化 家属和巴西政府开始准备葬礼】据Infobae报道，贝利病情严重恶化，几乎不能说话。医院正在全力救治，但他的家属和巴西政府已经开始筹备葬礼。腾讯体育 ,2022/12/24,3,1,1
0,2,2,1,8,【官方MVP榜：字母哥升榜首 詹皇首获提名】连续3周霸榜的塔图姆跌至第三，杜兰特升到第四，米切尔、布克新进前十>>腾讯体育 ,2022/12/23,2,3,0
0,2,0,1,10,CBA官方公告：新疆球员齐麟因用球砸裁判，严重违反体育运动精神，对其停赛2场罚款15万元。腾讯体育 ,2022/12/23,11,5,0
0,1,0,1,8,#姆巴佩身价1.8亿欧全球第1# 德转更新球员身价榜，姆巴佩世界杯后从1.6亿欧涨至1.8亿欧，超越哈兰德重返世界第一>>腾讯体育 ,2022/12/23,17,0,0
0,2,0,1,1,#辽宁男篮战胜四川男篮##郭艾伦21分# 辽篮4人得分20+，张镇麟贡献24+11+8，赵继伟得到21分，辽篮36分大捷拿下3连胜>>腾讯体育 ,2022/12/23,6,0,0
0,2,0,1,1,【CBA北京轻取同曦 获4连胜升至第三】外援利夫27+7+7领衔5人上双，曾凡博带病作战5中0未得分；西热力江连续两场砍下两双。腾讯体育 ,2022/12/23,6,1,1
0,2,0,1,1,【西热力江怒批失误球员：我今天不用你了！】同曦后卫连续两次低级失误，西热力江立马叫暂停将其换下，劈头盖脸一顿痛批让他离场。#西热力江怒斥邬挺嘉# 腾讯体育 ,2022/12/23,25,14,0
0,2,0,1,1,#广东男篮终结浙江15连胜# #易建联CBA生涯600场里程碑#  广东双外援合砍42分，率队拿下7连胜，浙江赛季不败金身被打破，陆文博空砍全场最高27分>>腾讯体育 ,2022/12/22,8,0,1
0,1,0,1,1,#FIFA年终排名巴西第一# 世界冠军阿根廷排第二，法国升至第三，日本成为亚洲第一，国足亚洲第11。腾讯体育 ,2022/12/22,3,3,1
0,2,2,1,1,#NBA十佳球# 字母哥惨遭隔扣羞辱，特雷杨神级假动作骗过全场所有人，塔图姆一条龙暴扣震飞防守者！【原声】22日NBA十佳球 字母哥惨遭隔扣 多森姆补篮绝杀老鹰 ,2022/12/22,3,0,0
0,1,0,1,4,【曝C罗已决定加盟西亚豪门 年薪1.6亿英镑】阿斯报消息，C罗已经决定加盟利雅得胜利，双签约到2025年。记者透露合同细节，C罗每年包括工资、肖像权和商业收入在内总收入约为1.6亿英镑。腾讯体育 ,2022/12/22,6,4,0
0,1,0,1,1,【曼联2-0晋级联赛杯八强 埃里克森拉什福德破门】2022-23赛季英格兰联赛杯第4轮，曼联主场2-0淘汰伯恩利晋级八强。埃里克森打破僵局，下半场拉什福德奔袭破门锁定胜局。腾讯体育 ,2022/12/22,5,0,0
0,1,0,1,5,【姆巴佩晒照迎24岁生日 詹皇送祝福】姆巴佩社媒晒出吹蜡烛许愿照片，詹姆斯留言送祝福：生日快乐，年轻的国王！腾讯体育 ,2022/12/21,19,6,1
0,2,0,1,1,【全面开花！北京男篮41分大胜吉林】外援利夫22分领衔7人上双，北京全场狂轰134分，拿下3连胜后升至第三位>>腾讯体育 ,2022/12/21,3,0,0
0,2,0,1,1,【高诗岩三双创纪录！山东男篮29分大胜新疆】高诗岩13+16+16拿下生涯第3个三双，成为CBA本土历史第三人，本场16次助攻超越新疆全队>>腾讯体育 ,2022/12/21,1,2,0
0,1,0,1,1,#C罗梅西仍有望再战一届世界杯# 德媒爆料C罗希望参加2026年世界杯，阿根廷名宿则透露：梅西曾说过如果赢得世界杯冠军，会继续踢到下一届>>腾讯体育 ,2022/12/21,11,2,1
0,2,0,1,1,【国产中锋狂砍50+18！辽篮51分大胜福建】付豪全场28投23中，斩获个人CBA首个50+，赵继伟19助攻创生涯新高，张镇麟砍下19+17+9>>腾讯体育 ,2022/12/21,9,1,0
0,2,0,3,4,原创篮球国漫#左手上篮动画定档2月#，篮球场上实力说话，全力奔跑，只要哨声不响，比赛就没有结束！中国篮协官方背书，属于我们自己的篮球动画#左手上篮2D运球流畅度#，23年2月约定好来一场不负青春的篮球赛吧！ 腾讯体育的微博视频 ,2022/12/21,10,2,0
0,2,0,1,1,#尼克斯大胜勇士##普尔26分#【勇士38分耻辱惨败 尼克斯豪取8连胜】汤普森正负值-28，普尔26分正负值-27；尼克斯6人上双，奎克利三分前5投全中。 腾讯体育 ,2022/12/21,5,0,1
0,2,0,1,1,【罕见！NBA裁判踩到普尔90度崴脚伤退】他跑动中不慎踩到普尔，90度恐怖崴脚，随后一瘸一拐离场接受治疗。#裁判踩普尔崴脚离场#果然也是高危职业 裁判不慎踩到普尔90度崴脚 ,2022/12/21,43,7,3
0,2,1,1,1,【正视频直播勇士vs尼克斯 汤神普尔率队冲连胜】普尔上一场狂砍43分，此役能否继续爆发，终结尼克斯7连胜？看直播>>扫一扫下载 腾讯体育APP ,2022/12/21,1,0,0
0,2,0,1,1,【重磅！NBA太阳队40亿美元易主创纪录】42岁新老板接手太阳队，与追梦是校友，曾跟随球队夺NCAA冠军。腾讯体育 ,2022/12/21,9,3,2
0,2,0,1,1,【CBA广厦送山西3连败 赵岩昊35分生涯新高】广厦仅8人出战6人得分上双，孙铭徽13分15助攻8篮板，山西外援门罗空砍26+15>>腾讯体育 ,2022/12/20,3,0,0
0,1,0,1,3,【点赞数近5600万！梅西社媒动态创历史第一】梅西庆祝世界杯夺冠动态，点赞数已达到5596万，超越著名“鸡蛋”照，成为INS平台历史第一>>历史第一！梅西夺冠庆祝帖点赞数超“鸡蛋” 跃居Ins平台之首 ,2022/12/20,21,4,2
0,2,0,1,1,【51+18+8！布莱德索刷爆CBA纪录】血布轰进11记三分，且全场仅2次罚球，砍下CBA生涯首个50+，助上海男篮击败江苏豪取8连胜>>腾讯体育 ,2022/12/20,5,1,1
0,1,0,1,3,#本泽马宣布退出法国国家队# 本泽马社交媒体写道：我犯了错也付出了努力，才走到了今天，我为此感到自豪。我写下了我的故事，而我们的故事结束了！腾讯体育 ,2022/12/19,6,0,0
0,2,0,1,1,【15连胜达成！浙江5人上双轻取吉林】浙江全队狂刷60个篮板，上半场领先33分早早锁定胜局。吉林外援琼斯仅打19分钟得到10分，姜伟泽空砍21+8>>腾讯体育 ,2022/12/19,7,0,0
0,1,0,1,1,【梅西夺冠登《新闻联播》 获50秒报道】央视《新闻联播》今晚播报阿根廷世界杯夺冠，时间长达50秒。网友：梅西也从CCTV5走向了CCTV1>>腾讯体育 ,2022/12/19,22,5,2
0,1,0,1,1,【8-0！泰山追平中超历史最大比分纪录】#山东泰山8比0深圳队# #克雷桑大四喜# ，费莱尼双响。泰山积分追平武汉三镇，还差对手5个净胜球>>腾讯体育 ,2022/12/19,14,6,3
0,1,0,1,1,正视频直播中超#山东泰山vs深圳队# 克雷桑解禁复出领衔4外援首发，山东泰山目前仅差榜首3分，此役能否顺利全取三分？看直播>>扫一扫下载 腾讯体育APP ,2022/12/19,2,0,0
0,2,0,1,1,辽篮大胜天津止连败，赵继伟25+13+7，弗格贡献28+10+8，辽篮主帅杨鸣及多名主力缺阵，天津男篮仅8人出战，本场失利后遭遇10连败>>腾讯体育 ,2022/12/19,4,1,0
0,1,0,1,4,多特蒙德俱乐部开诚布公地谈论他们的目标，表现以及他们的球队和他们同伴们所在国家队的特点。祖德·贝林厄姆、马尔科·罗伊斯、尤利安·布兰特、尼科·施洛特贝克、索尔根·阿扎尔、托马斯·默尼耶、拉斐尔·格雷罗独家报道。对了！还有他们一起画画的场景。《黄黑故事：以多特蒙德之名》第三季第3集：走近世界杯 ,2022/12/19,5,0,0
0,1,0,1,4,多特蒙德的新后卫尼克拉斯·聚勒是一个彻头彻尾的竞争者。正如他的哥哥法比安在《尼克拉斯·聚勒——目标球员》一集中所回忆的那样，他一直都是如此。聚勒兄弟俩在多特蒙德霍恩斯堡的联合迷你高尔夫决斗令人印象深刻地加深了这一形象。此外，他的第一个职业教练马库斯·吉斯多尔和聚勒的前俱乐部拜仁慕尼黑的田径教练西蒙·马蒂内罗，回忆了这位27岁的球员是如何成为今日的“目标球员”。最后，聚勒自己概述了他转会到多特蒙德俱乐部的动机和目标。《黄黑故事：以多特蒙德之名》第三季第2集：尼克拉斯·聚勒,2022/12/19,0,0,0
0,1,0,2,2,"埃丁·泰尔齐奇自2022年7月担任多特蒙德的主教练。对于39岁的他来说，能够从2020年12月到2021年5月担任BVB的临时教练，让他梦想成真了。多年来，他一直是俱乐部不可或缺的人物，俱乐部很重视传统和团结一致。""埃丁""，多特蒙德俱乐部2022和2023年系列故事的第一集介绍了埃丁·泰尔齐奇。他的老朋友塞巴斯蒂安·格佩特作为助理教练一直在他身边。""他的策略总是讨人喜欢，开放包容且很有权威性。他目标明确和对球员满怀期望，也会说不好听的真相。尽管如此，埃丁·泰尔齐奇努力激励所有人为足球努力，这一点无人能及。"",他的老板汉斯·约阿希姆·瓦茨克说道。《黄黑故事：以多特蒙德之名》第三季第1集：埃丁·泰尔齐奇",2022/12/19,3,0,0
0,2,2,1,1,#詹姆斯33分##湖人战胜奇才#【詹姆斯33+7+9 布莱恩特暴扣准绝杀湖人两连胜】湖人双杀奇才，老詹送制胜助攻，连续四场30+，威少9+9+8；库兹马错失三分绝杀，奇才10连败创队史耻辱纪录。 腾讯体育 ,2022/12/19,3,0,0
0,2,0,1,1,【40+27+10！约基奇超级三双刷爆纪录】约基奇最后两罚全中杀死比赛，斩获生涯第81次三双，27篮板创生涯新高，掘金险胜黄蜂。腾讯体育 ,2022/12/19,5,1,0
0,1,0,1,6,#零度沸腾战终章#鹅厂足球季高能收官⚽绿茵场内，见证28天64场精彩对决🐧绿茵场外，腾讯携手一众品牌共享热血燃冬。新玩法、新互动，多元内容带来多重享受🔥传奇仍在继续，启程奔赴新赛场！🔥 ,2022/12/19,6,0,3
0,2,0,1,1,【#杜兰特43分##欧文38分# 篮网大逆转豪取6连胜】篮网19分逆转活塞，杜兰特单节轰26分，最后时刻抢下制胜篮板，欧文末节14分。#篮网战胜活塞#腾讯体育 ,2022/12/19,5,0,0
0,2,0,1,1,#普尔43分##勇士战胜猛龙#【普尔狂轰43分创生涯新高 勇士大胜终结3连败】勇士送猛龙5连败，普尔生涯之夜砍43+6，库里一脸微笑送上拥抱，勇士5人得分上双。腾讯体育 ,2022/12/19,7,1,0
0,1,0,1,1,#梅西不会退出国家队# 【梅西世界杯夺冠后发声：不会退出国家队】梅西：以这种方式夺冠太疯狂了，我知道上帝会给我这个奖杯。现在还不会从国家队退役，想以世界冠军身份继续踢比赛。腾讯体育 ,2022/12/19,10,2,0
0,1,0,1,2,#梅西封王#【梅西夺冠后嗨翻了 手捧金杯跳上桌子热舞】阿根廷全队在更衣室狂欢，梅西在队友欢呼声中，手捧大力神杯跳上桌子，载歌载舞疯狂庆祝。腾讯体育 ,2022/12/19,58,3,0
0,1,0,1,1,#阿根廷夺冠##阿根廷7比5法国# 梅西决赛打进两球圆梦世界杯，阿根廷时隔36年再次捧起大力神杯，拿下队史第三冠！祝贺>>腾讯体育 ,2022/12/19,40,8,5
0,1,1,1,1,【天使独造2球！阿根廷半场2-0领先法国】梅西斩获第6球领跑射手榜，迪马利亚进球后眼含热泪；法国半场0射门，40分钟连换2人调整。腾讯体育 ,2022/12/19,23,5,6
0,14,0,3,6,#冲向巅峰摇滚演唱会# @五條人WUTIAOREN 为观众谋福利pk开启！他们穿人字拖踢球的画面不要太美，这一脚又是踢中谁的心呢？#五条人罚点球人字拖飞了# 腾讯体育的微博视频 ,2022/12/18,1,1,0
0,1,0,1,1,正直播世界杯决赛#阿根廷vs法国# 两队谁能夺取世界杯第三冠？梅西圆梦还是姆皇卫冕？看直播>>扫一扫下载 腾讯体育APP ,2022/12/18,3,1,4
0,14,0,3,6,#冲向巅峰摇滚演唱会# 足球不死，摇滚万岁，无论是足球还是摇滚，全世界热爱它们的人都能从中寻到力量。 #足球和摇滚有多搭# 腾讯体育的微博视频 ,2022/12/18,2,0,1
0,2,0,1,1,#上海男篮战胜广厦男篮##王哲林20分16篮板# 上海全场命中19记三分豪取7连胜，王哲林20+16领衔3人得分20+，血布17分钟轰下17分；广厦仅8人出战，孙铭徽得到20+9+7。腾讯体育 ,2022/12/18,4,0,0
0,1,0,1,1,#阿根廷vs法国首发# 迪马利亚首发出战，梅西继续搭档阿尔瓦雷斯；姆巴佩、吉鲁与登贝莱组成法国攻击群>>腾讯体育 ,2022/12/18,11,3,1
0,14,0,3,6,#冲向巅峰摇滚演唱会# 不当体育博主的歌手不是好球迷～@苏醒AllenSu 在演唱会现场表示今年自己的工作实在是太忙了无法来到比赛现场，也是有点遗憾，一起线上和他共享足球之夜摇滚盛典，迎接激情时刻！#苏醒说活儿太多没办法去世界杯现场# 腾讯体育的微博视频 ,2022/12/18,33,1,0
0,14,0,3,6,#冲向巅峰摇滚演唱会# 谁还没来听@盘尼西林乐队 唱的《The Cup Of Life》！唱的太燃了吧，感觉可以听亿遍！ #盘尼西林唱98年世界杯主题曲太燃了# 腾讯体育的微博视频 ,2022/12/18,35,8,2
2,14,0,3,6,正直播#冲向巅峰摇滚演唱会# 世界杯决赛之夜摇滚狂欢，老狼、新裤子、高旗&超载、五条人、盘尼西林、指人儿为热爱呐喊！看直播>>扫一扫下载 腾讯体育APP ,2022/12/18,3,0,0
2,14,0,3,6,#冲向巅峰摇滚演唱会# 这场盛大演出终于要在球迷们期待和热爱中拉开帷幕。倒计时4小时，与广大乐迷朋友一起见证这些历史时刻。#摇滚演唱会直播倒计时4小时# ,2022/12/18,6,0,0
0,1,0,1,5,#梅西说姆巴佩哈兰德有望接班# 姆巴佩哈兰德有望接班新球王？@梅西LeoMessi10 在节目的采访中表示，姆巴佩哈兰德两位球员潜力非凡，也许下一个新的时代将由他们创造。你们怎么看？ 腾讯体育的微博视频 ,2022/12/18,224,207,202
0,1,0,1,1,【超越马拉多纳？梅西决赛冲击5大纪录】世界杯决赛8大看点，法国欲打破60年魔咒，梅西距离加冕球王只差最后一步！腾讯体育 ,2022/12/18,3,0,0
0,1,0,1,1,#克罗地亚2比1摩洛哥##克罗地亚获得世界杯季军# 格瓦迪奥尔俯身冲顶率先破僵局，达里头球闪电扳平，奥尔西奇完美弧线攻入制胜球。克罗地亚连续两届世界杯获前三，摩洛哥名列第四仍创队史最佳战绩>>腾讯体育 ,2022/12/18,5,0,1
0,1,0,1,1,正直播世界杯季军战#克罗地亚vs摩洛哥# 莫德里奇“最后一舞”盼赢球告别，摩洛哥力争季军打破92年纪录，谁能最终如愿？看直播>>扫一扫下载 腾讯体育APP ,2022/12/17,1,0,0
0,2,0,2,4,【姚明：中国篮协对归化持开放态度】姚明列出归化三大标准，称还没有特别合适的对象，欢迎大家推荐>>腾讯体育 ,2022/12/17,8,7,1
0,2,0,1,1,#浙江男篮大胜辽宁男篮##浙江男篮14连胜# 吴前20分7助攻领衔全队7人上双，辽篮全场仅得到60分，遭遇两连败>>腾讯体育 ,2022/12/17,3,3,1
0,1,0,3,2,#苏醒逢人就推荐梅西# @苏醒AllenSu 不愧是铁血梅吹，这逢人就推荐梅西的劲儿属实对梅西是真爱了！希望梅西今年可以圆梦，相信这也是资深梅吹苏醒想看到的吧！ 腾讯体育的微博视频 ,2022/12/17,12,1,0
0,1,0,1,1,#梅西说准备好了# 世界杯决赛明日打响，梅西社媒晒照发文：我准备好了，加油，阿根廷！腾讯体育 ,2022/12/17,9,1,0
0,2,0,1,1,【霍华德仅得15分 云豹遭遇5连败】云豹队1胜6负排名T1联赛倒数第一，霍华德赛后将球员围在一起训话>>腾讯体育 ,2022/12/17,4,3,0
1,14,0,3,6,#赖美云solo全开麦# @赖美云 不愧是天生爱豆，这业务能力是真的强呀～人美歌甜，全开麦solo也不在话下，快点开视频一起听小赖老师唱歌吧！#前进吧现代足球少年# 腾讯体育的微博视频 ,2022/12/17,3,1,1
2,14,0,3,6,#冲向巅峰摇滚演唱会# 本次演唱会邀请了中国最具影响力的摇滚歌手和摇滚乐队，将激情澎湃的音乐盛宴带到这个火热的冬季。12月18日决赛夜我们一起冲向巅峰！#摇滚演唱会倒计时1天# ,2022/12/17,1,0,0
0,14,0,3,6,#武艺海边弹唱好温柔# @武艺 海边弹唱少年感十足，清澈的嗓音演绎温柔的歌曲，简直唱进了每个人的心！ 腾讯体育的微博视频 ,2022/12/17,11,5,3
0,2,0,1,1,#上海男篮加时战胜青岛男篮##王哲林22分17篮板#上海外援梅洛关键三分+抢断将比赛拖入加时，全场贡献20+11+9，血布表现低迷7中1仅得2分。腾讯体育 ,2022/12/16,4,0,0
0,1,0,1,2,【“任意球大师”米哈伊洛维奇病逝 年仅53岁】据多家外媒报道，意甲名宿米哈伊洛维奇因病去世，他生前曾患有白血病。 #米哈伊洛维奇去世# ,2022/12/16,6,4,4
0,2,2,1,1,【霍华德复出空砍21+13 惨遭两巨人站帽】魔兽多次上演一条龙得分好戏，但仍难敌对手2米26&2米30“死亡双塔”，云豹队主场无奈输球>>腾讯体育 ,2022/12/16,1,3,0
0,1,0,1,1,#布斯克茨退出西班牙国家队# 最后的棋局迎来终盘，致敬低调的配角中场的大师#布斯克茨# 最后的棋局迎来终盘！致敬低调的黄金配角布斯克茨 ,2022/12/16,1,1,1
0,2,0,1,10,【中超两将火爆冲突 双双被停赛2场】中国足协开出罚单，曹赟定与李提香在比赛中发生冲突染红后，被追加停赛2场+罚款2万元>>腾讯体育 ,2022/12/16,3,5,1
0,1,0,1,4,#内马尔激励中国少年热爱足球# 内马尔@NeymarJr 虽然已经在今年的比赛止步，但他的精神却感染并激励着中国的足球少年，为热爱和梦想而奋斗。 腾讯体育的微博视频 ,2022/12/16,2,1,1
0,2,0,1,1,【林书豪18+7+7！广州男篮36分大胜宁波】林书豪迎CBA第二阶段首秀，出战20分钟12中7轰全场最高分，助广州队结束4连败>>腾讯体育 ,2022/12/16,10,0,0
0,2,0,1,1,NBA十佳球：莫兰特空中转体神仙球，波特滑翔战斧霸气十足，南斯单臂擎天力阻绝杀球！【原声】16日NBA十佳球 波特滑翔劈扣莫兰特空中转体神仙球 ,2022/12/16,7,0,0
2,14,0,3,6,#冲向巅峰摇滚演唱会全阵容官宣# 12月18日，我们一起冲向巅峰！这次演唱会嘉宾有@老狼 @新裤子乐队_   高旗&超载@纛音乐DAOMUSIC  @五條人WUTIAOREN  @盘尼西林乐队  @指人儿乐队 ，摇滚人齐聚，一起期待精彩的演出！ ,2022/12/16,4,2,1
0,1,0,3,5,#法国总统说更喜欢在巴黎的梅西# 法国总统马克龙：我更喜欢在巴黎的梅西法国总统马克龙：我更喜欢在巴黎的梅西 ,2022/12/16,15,3,1
0,1,0,1,6,#武艺孙继海探访宿舍被吵炸# 笑不活了，@孙继海 和@武艺 在节目里探访小球员的宿舍，结果被吵到头炸。不过看着孩子们活力满满，老师们也算是欣慰了～ 腾讯体育的微博视频 ,2022/12/16,3,2,1
2,14,0,3,6,#摇滚演唱会倒计时2天# 激情决赛夜，一曲定乾坤，12月18日来感受最激情的摇滚时刻！#冲向巅峰摇滚演唱会# ,2022/12/16,4,1,1
0,1,0,1,1,#梅西缺席阿根廷队训练# 梅西因为在半决赛中遭遇左腿腿筋不适，缺席了阿根廷队周四的训练。梅西在半决赛中左腿腿筋不适 缺席了阿根廷周四的训练 ,2022/12/16,5,4,1
0,1,0,2,1,#葡萄牙主帅桑托斯离任# 【葡萄牙官宣老帅桑托斯离任 执教8年曾率队首夺欧洲杯】葡萄牙足协宣布，68岁的老帅费尔南多-桑托斯离任。葡萄牙足协感谢桑托斯过去8年为国家队的卓越贡献，并祝他未来一切顺利。腾讯体育 ,2022/12/16,7,0,0
0,1,0,3,1,【克罗地亚总统炮轰阿根廷：被偏袒3个点球】本届已获4个点球！米拉诺维奇认为阿根廷被保送进决赛，而巴西要比他们更出色！#克罗地亚总统暗示阿根廷赢在裁判# 详细阅读>>腾讯体育 克罗地亚总统：祝贺我们又一次到了半决赛 我们聪明的赢下了巴西 ,2022/12/15,177,42,5
0,2,0,1,1,【曝库里将休战多场 勇士没他战绩可怜】作为勇士最不可或缺的球员，近4个赛季库里缺战球队24胜66负，胜率不足3成，本赛季更是0胜3负！#库里肩膀受伤# 详细阅读>>腾讯体育 【球星】库里vs步行者集锦 空砍38+7+7伤退离场 ,2022/12/15,3,0,0
2,14,0,3,6,#冲向巅峰摇滚演唱会今日官宣#开播倒计时三天，足球音乐两不误，这次与摇滚演唱会一起，感受音乐的热烈！决赛夜我们来了～#冲向巅峰摇滚演唱会# ,2022/12/15,3,0,0
2,14,0,3,6,#冲向巅峰摇滚演唱会今日官宣# 足球➕音乐 ✖球迷➕乐迷=灵魂碰撞💥12月18日，决赛夜敬请期待！#冲向巅峰摇滚演唱会# ,2022/12/15,3,0,0
0,2,0,1,10,【快船头号球迷被主场保安一拳打晕】两人在加密球馆发生冲突，该保安现已被捕+遭到解雇。#NBA# 详细阅读>>腾讯体育 【集锦】森林狼88-99快船 莱昂纳德回暖乔治三双快船轻取森林狼 ,2022/12/15,11,3,0
0,2,1,1,1,【玫瑰凋零？最年轻MVP已被恩师连续5场弃用】今日面对老东家公牛罗斯仍无缘登场，本赛季仅13.6分钟生涯最低，已多次卷入交易流言。#NBA# 详细阅读>>腾讯体育 玫瑰依旧绽放 罗斯单骑闯关抛投得手 ,2022/12/15,4,2,0
0,1,0,1,1,阿根廷名宿萨内蒂：梅西现在是一名真正的领袖 他始终串联着球队 #阿根廷队的格局# 阿根廷名宿萨内蒂：梅西现在是一名真正的领袖 他始终串联着球队 ,2022/12/15,5,1,1
0,2,0,1,1,【会放库兹马回湖人吗？名记曝奇才态度】他透露：现在奇才对库兹马非常喜欢，绝不会低价出售，还打算用长约留下他。#NBA# 详细阅读>>腾讯体育 【球星】库兹马vs掘金集锦 全场24+4翻身跳投美如画 ,2022/12/15,1,0,0
1,14,0,3,6,#赖美云踢球把鞋踢飞# @赖美云 踢球也太认真了吧，虽然代价是把鞋给踢飞了，还被偷袭射门😂下次比赛小七可要记得把鞋带系牢啦！ 腾讯体育的微博视频 ,2022/12/15,105,23,19
0,2,0,1,1,【狼狈！普尔被步行者黑塔双手帽翻在地】#NBA# 今日十佳球：东契奇神仙背传PK约基奇手术刀传球，卡鲁索打板空接助拉文暴力炸筐。【原声】15日NBA十佳球 东契奇写意背传小哈达威布伦森脚踝终结卡鲁索 ,2022/12/15,6,1,1
0,1,0,1,6,#梅西精神天津人# 走进节目采访现场，揭秘@梅西LeoMessi10 最爱美食！面对三道美食卤煮、烤毛蛋、煎饼果子，梅西毫不犹豫选择煎饼果子，果然是隐藏的天津人属性！ 腾讯体育的微博视频 ,2022/12/15,9,1,0
0,2,0,1,1,布伦森晃倒卡鲁索，加时致命三分杀死比赛加时赛最大的功臣！布伦森晃倒卡鲁索杀死比赛 ,2022/12/15,6,1,0
0,2,0,2,10,【国王主帅麦克-布朗情绪失控 冲进场内怒斥裁判被驱逐】他不满判罚暴怒冲进场内，对着裁判狂喷被驱逐，队员和工作人员赶紧拉架。为弟子鸣不平！麦克布朗不满争议判罚情绪失控连吃两T离场 ,2022/12/15,3,1,0
0,2,0,1,1,#步行者战胜勇士##库里伤退#【库里伤退勇士两连败 全队狂送23次失误】勇士负步行者，客场2胜13负，库里38+7+7伤退，追梦被驱逐。腾讯体育 ,2022/12/15,3,0,0
0,2,0,1,1,#库里左肩受伤#【突发！库里左肩意外受伤 返回更衣室检查】库里三节砍38+7+7率队疯狂反扑，打2+1挥拳怒吼庆祝秀肌肉，抢球时左肩不慎受伤一脸痛苦离场。看末节决战>>扫一扫下载 腾讯体育APP ,2022/12/15,1,1,1
0,2,1,1,1,【免费看！正视频直播勇士vs步行者】库里背靠背出战，汤神轮休，勇士客场2胜12负战绩惨淡，此役能否及时反弹？看直播>>扫一扫下载 腾讯体育APP ,2022/12/15,2,0,0
0,2,0,1,1,【湖人向奇才问价库兹马 欲签回夺冠功臣】据名记海耶斯报道，湖人已经向奇才询问库兹马的情况，他们绝对有兴趣与库兹马重聚。腾讯体育 ,2022/12/15,1,2,0
0,1,0,1,1,#法国2比0摩洛哥##世界杯#【世界杯：法国2-0摩洛哥 与阿根廷会师决赛】法国连续两届世界杯晋级决赛，特奥凌空斩闪击创纪录，奇兵替补登场44秒锁定胜局，摩洛哥和克罗地亚争夺季军。腾讯体育 ,2022/12/15,1,0,0
0,1,0,1,10,【中超火爆冲突 申花广州城两大将直红！】两人引发双方球员大规模聚集，曹赟定为队友出头却不慎误伤了另外一名队友……#中超联赛# 中超火爆冲突2张直红！曹赟定喷垃圾话 李提香暴走替补席 ,2022/12/14,156,102,17
0,1,0,1,8,#杨璞王晓龙谈梅西Ｃ罗区别# 同是足坛巨星，梅西和C罗的区别在哪里？@杨璞-国安青少 @王晓龙19 在节目中给出了答案：梅西靠天赋，C罗靠努力。其实无论他们靠什么，都是令人值得敬佩的英雄！ 腾讯体育的微博视频 ,2022/12/14,87,61,59
0,2,0,1,1,【难怪库里科尔暴怒！数据证明勇士被吹偏哨】本赛季勇士28场比赛场均19次罚球，联盟最少；而他们的对手场均26.3次罚球，联盟最多！#NBA# 详细阅读>>腾讯体育罕见库里当场发飙 库里科尔师徒不满裁判判罚各吃一T ,2022/12/14,3,2,1
0,2,0,1,1,阿根廷篮球传奇人物路易斯·斯科拉加入 2023 年国际篮联篮球世界杯大家庭，成为全球形象大使之一。启程新征途，欢呼每一刻！在腾讯等你，于运动赛事顶峰见。#FIBA世界杯# 腾讯体育的微博视频 ,2022/12/14,6,1,0
0,2,0,1,1,【你对力量一无所知！锡安隔扣+撞飞2米16中锋】#NBA# 十佳球：詹姆斯两记反击战斧劈扣上榜，亚洲第一后卫拧麻花神仙球惊艳世人！14日NBA十佳球 詹姆斯连续抢断反击暴扣爵士各种神仙进球 ,2022/12/14,9,5,0
0,2,0,1,1,【12记三分54分！NBA两冠后卫刷新CBA赛季最高分】前勇士&湖人冠军后卫大爆发，替补登场29分钟砍54分，率广厦25分大胜山东。#库克54分# 详细战报>>腾讯体育 ,2022/12/14,9,0,0
0,2,0,1,1,【李春江2T遭驱逐 上海力克广州豪取5连胜】王哲林登场45分钟砍下24+18，任骏威28分，布莱德索首次首发12分；广州队关键发球失误，遭遇4连败。#CBA# 详细战报>>腾讯体育 ,2022/12/14,2,0,0
0,1,0,1,1,#法国VS摩洛哥# #摩洛哥最新训练画面#摩洛哥队训练备战齐耶什面露轻松！一黑到底？摩洛哥队训练备战齐耶什面露轻松！ ,2022/12/14,3,1,0
0,1,0,1,1,【马尔康2分钟两球绝杀！武汉三镇2-1大连人】马尔康在第85、86分钟连进两球逆转，赛季已经27球。三镇仍居榜首，多赛两场暂领先泰山6分。#中超联赛# 详细阅读>>腾讯体育【集锦】武汉三镇2-1逆转大连人领跑 马尔康两分钟双响赵健博进球 ,2022/12/14,6,8,1
0,1,0,2,6,#孙继海夸奖武艺有足球技术# 在节目中的过人射门挑战中，@武艺 出色的表现受到了@孙继海 的表扬，能够得到偶像的认可也太棒了吧，羡慕住武艺了～ 腾讯体育的微博视频 ,2022/12/14,1,1,0
0,1,0,1,1,【正视频直播中超：大连人vs武汉三镇】武汉三镇多赛一场，领先山东泰山3分。此役面对全华班大连人，他们能否取胜扩大争冠优势？看直播>>扫一扫下载 腾讯体育APP ,2022/12/14,0,1,0
0,2,2,1,1,【獭兔44分绿军加时胜湖人 詹姆斯空砍33+9+9】浓眉打满下半场和加时赛，空砍37分12篮板，威少20+14+4封盖；杰伦布朗25+15，绿军4胜2负结束六连客。戴维斯关键两罚偏出 塔图姆单挑詹姆斯扳平比分 ,2022/12/14,4,3,1
0,2,0,1,1,【勇士客场仅2胜12负 库里17中6惨负雄鹿】汤神16投14分，遭遇2000记三分里程悲，普尔17中6；字母哥全场17记罚球，轰30+12，奇兵6投全中。格林行进间击地妙传 库里接球杀入上篮得手 ,2022/12/14,9,11,0
0,2,2,1,1,【詹眉PK双探花！正视频直播凯尔特人vs湖人】绿军近况不佳遭两连败，双探花盼止颓势；詹眉上一战合砍69分，此役能否延续火热状态？看湖凯大战>>扫一扫下载 腾讯体育APP ,2022/12/14,4,1,1
0,2,1,1,1,【汤神2000记三分里程碑 联手库里创历史第一神迹】汤普森解锁生涯2000记三分里程碑，加冕历史第13人；水花兄弟三分命中数均2000+，NBA首对组合。腾讯体育 ,2022/12/14,3,3,0
0,2,0,1,10,罕见库里当场发飙 库里科尔师徒不满裁判判罚各吃一T罕见库里当场发飙 库里科尔师徒不满裁判判罚各吃一T ,2022/12/14,11,1,0
0,1,0,1,3,【梅西发文庆祝晋级决赛 20分钟获400万点赞】阿根廷时隔8年重返世界杯决赛，赛后全队在更衣室疯狂庆祝，载歌载舞把垃圾桶当鼓敲。腾讯体育网页链接 ,2022/12/14,0,1,0
0,2,2,1,1,【库里PK字母哥！正视频直播勇士vs雄鹿】水花兄弟上一战合砍66分，此役面对字母哥+米德尔顿，他们能否延续火热手感？看强强对决>>扫一扫下载 腾讯体育APP ,2022/12/14,0,5,0
0,2,0,1,6,【NBA30队最新估值：勇士75.6亿美金高居榜首】外媒发布NBA30队最新的估值排名：湖人第三篮网第六，西部第一仅列最后一名。详细>>腾讯体育 ,2022/12/14,4,0,1
0,1,0,1,8,【梅西纪录之夜创15大神迹  媒体刷屏盛赞GOAT】梅球王独享现役射手王+助攻王，参与进球历史第一，并列世界杯历史出场王。更多纪录>>腾讯体育【球星】梅西荣膺全场最佳球员 再度晋级决赛期待圆梦 ,2022/12/14,1,0,0
0,1,0,1,1,【阿根廷晋级世界杯决赛 梅西传射刷爆纪录】[世界杯早报]阿根廷3-0克罗地亚，时隔八年再进决赛。梅西点射+神级助攻，加冕现役射手王+助攻王。【集锦】阿根廷3-0克罗地亚 梅西大师助攻+点射 阿尔瓦雷斯梅开二度 ,2022/12/14,5,2,3
0,2,0,1,4,#NBA新MVP奖杯以乔丹命名# NBA六个新奖杯设计出炉，MVP命名为“乔丹杯”，最佳防守球员奖杯以奥拉朱旺命名，新设最关键球员“杰里-韦斯特杯”。详情>>腾讯体育 ,2022/12/13,3,1,0
0,1,0,1,5,#莫德里奇期待与梅西再相遇# @LukaModric莫德里奇 在接受节目采访时，称自己在比赛中期待与阿根廷及梅西进行对决。在上届比赛中已经赢了阿根廷的克罗地亚队，今年还会再次取得胜利吗？我们拭目以待！ 腾讯体育的微博视频 ,2022/12/13,5,0,0
0,10,0,1,10,#中国台协公告禁止颜丙涛参赛# 中国台球协会公布处罚决定，自2022年12月12日起，停止颜丙涛所有国内台球比赛资格。中国台球协会坚决反对操纵比赛、赌博等违反体育诚信和道德的行为，将依据世界职业斯诺克协会最终调查结果做进一步处罚。腾讯体育 ,2022/12/13,2,1,2
0,1,0,1,5,#大罗看好法国夺得世界杯冠军# 罗纳尔多说姆巴佩让他想起了年轻的自己大罗看好法国夺得世界杯冠军！罗纳尔多说姆巴佩让他想起了年轻的自己 ,2022/12/13,2,1,0
0,2,0,1,1,#利拉德11记三分##利拉德38分#【三节11记三分！利拉德狂轰38分刷爆纪录】利拉德三节打卡，三分17投11中砍38分，多次命中超远三分引爆全场，开拓者3天内双杀森林狼。腾讯体育 ,2022/12/13,9,1,0
0,1,0,1,4,#莫德里奇说孤勇者可以激励队友# 《孤勇者》是小孩子们的神曲，也是@LukaModric莫德里奇  选择为队友加油助威的歌曲！魔笛即将奏响，拭目以待！ 腾讯体育的微博视频 ,2022/12/13,38946,2310,1307
0,2,0,1,1,#篮网战胜奇才##杜兰特30分#【近9战8胜！杜兰特欧文合砍54分 篮网4连胜】篮网大胜送奇才7连败，杜兰特砍30+9+6，欧文24分，波神伤退。腾讯体育 ,2022/12/13,5,0,0
0,2,0,1,1,奥拉迪波重回故地，首节替补登场遭步行者球迷狂嘘昔日印第安纳的王 奥拉迪波遭步行者球迷嘘声 ,2022/12/13,2,0,0
0,1,0,1,1,#世界杯##阿根廷vs克罗地亚#阿根廷备战世界杯半决赛，梅西与德保罗说悄悄话笑容灿烂梅西备战半决赛张弛有度 间隙与德保罗说悄悄话笑容灿烂 ,2022/12/13,22,2,2
0,2,0,1,1,【三巨头复出！正视频直播篮网vs奇才】篮网近8战7胜士气如虹，杜兰特欧文率队冲4连胜，奇才能否终结6连败？看直播>>扫一扫下载 腾讯体育APP ,2022/12/13,1,0,0
0,1,0,1,1,#世界杯##阿根廷vs克罗地亚#世界杯半决赛阿根廷vs克罗地亚前瞻：梅西冲4大神迹，两金球先生决战腾讯体育 ,2022/12/13,6,0,1
0,2,0,1,10,【西热力江又吃罚单 3天内已被罚8万元】CBA官宣罚单，西热故意脚踢场地官方制作物被罚3万，两天前他刚因不当言论被罚5万，算上替刘东交的3万，3天11万没了>>腾讯体育 ,2022/12/12,2,3,0
0,2,0,1,1,【法尔15+14+6封盖！CBA新疆拒20分逆转险胜广厦】于德豪与许钟豪冲突，累计技犯+违体遭驱逐，阿不都19分；孙铭徽11投仅2中+6失误，惨遭法尔大帽，库克24+6+6。腾讯体育 ,2022/12/12,5,0,0
0,2,0,1,1,【马尚27+10广东击败天津3连胜 韦瑟斯庞首秀引冲突杜润旺被驱逐】赵睿徐杰各11分，两人三分合计13中2，全队23次失误；韦瑟斯庞CBA首秀，14中4得到14分2篮板3抢断，难阻天津7连败。腾讯体育 ,2022/12/12,2,0,0
0,1,0,2,4,#孙继海说学习和足球要双向发展# @孙继海 在节目谈少年的学习和足球应双向发展，不能过早确定孩子的职业道路，对于他们未来的发展方向要慎重选择。也衷心希望足球少年们能够不断积累知识，做出对自己未来最正确的判断！ 腾讯体育的微博视频 ,2022/12/12,54,50,50
0,2,0,1,1,【郭艾伦复出14分6助攻 辽宁3人20+力擒同曦】CBA常规赛辽宁112-100力克同曦，郭艾伦复出首秀22投仅5中，三分6中0，赵继伟22分10助攻，张镇麟23分，弗格25分，同曦外援皮特森飙进10记三分空砍46分。腾讯体育 ,2022/12/12,10,0,0
0,1,0,1,7,#克罗地亚球迷庆祝时记录到地震活动# 据ESPN报道，萨格勒布大学地球物理学院公布的报告显示，克罗地亚点球大战淘汰巴西后，萨格勒布街上成千上万球迷疯狂庆祝。萨格勒布大学地球物理学院表示，他们记录到了不典型的地震。 腾讯体育的微博视频 ,2022/12/12,14,2,3
0,1,0,1,6,#莫德里奇吹魔笛自己笑了# @LukaModric莫德里奇 反转魅力🈶！节目花絮中魔笛吹笛子竟把自己吹笑了😂你可以质疑他吹笛子的技术，但是不可以质疑他对足球的热爱和钢铁般的意志！ 腾讯体育的微博视频 ,2022/12/12,171,102,108
0,2,0,1,10,【保罗遭致命改判6犯离场 被球迷怒喷垃圾】保罗三分远投造成锡安犯规，但裁判回看录像后改判保罗伸腿踢人，保罗领到第6犯离场，鹈鹕现场球迷高呼：保罗垃圾！腾讯体育人生的大起大落真是太刺激了 保罗3分犯遭挑战改判进攻犯规六犯离场 ,2022/12/12,5,3,0
0,1,0,2,1,【意大利名哨执法阿根廷vs克罗地亚】世界杯半决赛阿根廷vs克罗地亚的裁判任命公布，意大利裁判组执法本场比赛，名哨奥尔萨托担任主裁。腾讯体育 ,2022/12/12,13,9,0
0,1,0,1,3,#C罗发文告别世界杯# C罗世界杯出局后首度发声：为葡萄牙赢得世界杯是我最大梦想，不幸的是梦想结束了，我永远不会背弃队友和国家。腾讯体育 ,2022/12/11,11,0,0
0,1,0,1,4,#内马尔有多认真避免受伤# 内马尔@NeymarJr 为了避免受伤真的是很认真了！在节目采访中内马尔表示自己会变得更加机敏和小心，以防被恶意攻击。虽然已经离开本届世界杯，但希望马儿能够保持健康，4年后继续踏上圆梦之旅。 腾讯体育的微博视频 ,2022/12/11,393,363,363
0,1,0,1,4,#内马尔出战2026世界杯系误读# 有媒体报道称内马尔@NeymarJr 宣布将出战2026年世界杯，此消息另近来心碎的球迷兴奋不已。但实际上内马尔暂时没有该言论，对此他表示：“我没有关闭国家队的大门，但我也不会说我100%会回来。”#世界杯# ,2022/12/11,0,1,1
0,1,0,1,6,#梅西盘核桃有点上头# @梅西LeoMessi10 也知道“盘核桃”？在节目中，梅西对文玩核桃表现了浓厚的兴趣，从上手尝试到逐渐上头，看他熟练盘核桃的样子，谁能看出来这是个新手呢😂 腾讯体育的微博视频 ,2022/12/11,16,0,2
0,2,0,1,1,NBA十佳球：库里超远压哨三分“自信回头”，庄神霸气暴扣两度上榜，库明加隔扣塔图姆怒吼泄愤！【原声】11日NBA十佳球 库里超远三分出手自信回头 ,2022/12/11,4,0,0
0,1,0,3,6,#再就业男团颠球挑战# 一人高光，全团守护！@苏醒AllenSu 的颠球高光时刻都是兄弟们的衬托啊，今日最佳功劳奖一定颁给@陆虎ING 🏅 不多说了，看视频就知道了😎 腾讯体育的微博视频 ,2022/12/11,59,52,51
0,2,0,1,1,【周琦空接暴扣+全场唯一两双！凤凰轻取3连胜】凤凰队主场大胜阿德莱德36人队，周琦替补出场21分钟，5投4中拿下11分10篮板，是全场唯一篮板上双之人。腾讯体育 ,2022/12/11,5,0,0
0,2,0,1,1,【轮休8人也能赢！篮网神奇逆转步行者】篮网客场背靠背挑战步行者，他们实现14分逆转以136-133击败对手。此役篮网轮休了包括杜兰特、欧文、西蒙斯三大核心在内的八位球员，托马斯33分领衔4人20+，全队比对手多抢29个篮板，哈利伯顿空砍35分9助攻。腾讯体育不由分说往里冲！托马斯包围圈强势突破上篮打进2+1 ,2022/12/11,5,1,0
1,1,0,3,3,#C罗女友发文指责葡萄牙主教练# #C罗# 【亲友团火力全开！C罗女友和姐姐接连开炮】C罗女友乔治娜在社交网络批评了老帅桑托斯，表示C罗不应该“为那些不值得的人挺身而出”。C罗的姐姐Elma Aveiro在ins发文批评国家队：“我们输掉了世界杯，一些低级别球队的老鼠，把赢瑞士当成对C罗的胜利......”腾讯体育,2022/12/11,19294,2024,151
0,1,0,1,1,#英格兰1比2法国# #世界杯四强出炉# 【法国2-1淘汰英格兰 凯恩点球两罚一中错失绝平】2022卡塔尔世界杯1/4决赛，卫冕冠军法国队2-1力克英格兰队晋级。上半场琼阿梅尼世界波打破僵局，下半场凯恩点球命中扳平比分，吉鲁头球破门法国再度领先，特奥送点凯恩主罚一脚踢飞，最终法国2-1惊险晋级。腾讯体育,2022/12/11,5,0,0
0,1,0,1,1,#摩洛哥1比0葡萄牙# #世界杯# 【非洲队首进世界杯4强！摩洛哥1-0葡萄牙 C罗出局痛哭】2022卡塔尔世界杯1/4决赛，摩洛哥1-0击败葡萄牙，成为历史上首支进入世界杯四强的非洲球队。恩内西里利用葡萄牙门将迪奥戈-科斯塔的失误头球破门，C罗第51分钟替补登场。腾讯体育 ,2022/12/11,1,0,0
